[REC]
Date	09/08/24 12:27:53
Fichier	1723206472664.txt
Ventilateur	21930 
Système	4.4 
Version	4.4.0.78be7bed 
Statut du contrôle avant utilisation	Succès
Dernière exécution du contrôle avant utilisation	04/08/24 09:11:29
Date format	dd/MM/yy
Language setting	fr_FR
Decimal separator	COMMA
==========
Date de l'enregistrement	09/08/24 12:27:37
Mode de ventilation	Aide inspiratoire/VS PEP
Catégorie patient	Adulte
Automode	non
Apnée	non
VNI	non
Capteur à la pièce en Y	non
Compensation de fuite	non
Compensation du circuit	oui
Niv. AI sur PEP	6	cmH2O
PC d'apnée sur PEP	15	cmH2O
PEP	5,0	cmH2O
FR vent. apnée	15	resp/min
Conc. O2	35	%
Pentetps insp. (s)	0,00	Sec.
Trigger en débit	2,0	l/min
Fin d'insuff.	35	%
Ti Vent. Ap.	0,90	Sec.

[DATA]
Durée	Phase respiratoire	Pva (cmH2O)	DÉBIT (l/min)	V (ml)	Trigger
12:27:22:193	exp.	5,33	-8,30	99,70
12:27:22:203	exp.	5,36	-8,13	98,50
12:27:22:213	exp.	5,40	-7,97	97,20
12:27:22:223	exp.	5,42	-7,81	96,00
12:27:22:233	exp.	5,44	-7,69	94,70
12:27:22:243	exp.	5,42	-7,61	93,40
12:27:22:253	exp.	5,40	-7,57	92,10
12:27:22:263	exp.	5,38	-7,55	90,90
12:27:22:273	exp.	5,35	-7,55	89,60
12:27:22:283	exp.	5,36	-7,55	88,40
12:27:22:293	exp.	5,38	-7,54	87,10
12:27:22:303	exp.	5,39	-7,54	85,90
12:27:22:313	exp.	5,39	-7,55	84,60
12:27:22:323	exp.	5,40	-7,57	83,30
12:27:22:333	exp.	5,40	-7,59	82,00
12:27:22:343	exp.	5,40	-7,60	80,80
12:27:22:353	exp.	5,41	-7,60	79,50
12:27:22:363	exp.	5,41	-7,58	78,30
12:27:22:373	exp.	5,41	-7,55	77,10
12:27:22:383	exp.	5,40	-7,54	75,80
12:27:22:393	exp.	5,39	-7,54	74,60
12:27:22:403	exp.	5,35	-7,53	73,40
12:27:22:413	exp.	5,25	-7,52	72,20
12:27:22:423	exp.	5,15	-7,50	71,10
12:27:22:433	exp.	5,09	-7,42	70,10
12:27:22:443	exp.	5,09	-7,30	69,10
12:27:22:453	exp.	5,13	-7,14	68,10
12:27:22:463	exp.	5,19	-6,95	67,20
12:27:22:473	exp.	5,25	-6,75	66,20
12:27:22:483	exp.	5,29	-6,56	65,30
12:27:22:493	exp.	5,32	-6,40	64,30
12:27:22:503	exp.	5,35	-6,24	63,40
12:27:22:513	exp.	5,35	-6,08	62,40
12:27:22:523	exp.	5,33	-5,92	61,50
12:27:22:533	exp.	5,28	-5,80	60,50
12:27:22:543	exp.	5,24	-5,72	59,60
12:27:22:553	exp.	5,22	-5,67	58,70
12:27:22:563	exp.	5,21	-5,65	57,80
12:27:22:573	exp.	5,19	-5,63	56,90
12:27:22:583	exp.	5,17	-5,62	56,10
12:27:22:593	exp.	5,13	-5,57	55,30
12:27:22:603	exp.	5,08	-5,51	54,50
12:27:22:613	exp.	5,05	-5,44	53,70
12:27:22:623	exp.	5,03	-5,33	53,00
12:27:22:633	exp.	5,03	-5,20	52,40
12:27:22:643	exp.	5,03	-5,02	51,80
12:27:22:653	exp.	5,04	-4,82	51,30
12:27:22:663	exp.	5,06	-4,60	50,80
12:27:22:673	exp.	5,09	-4,37	50,30
12:27:22:683	exp.	5,13	-4,13	49,80
12:27:22:693	exp.	5,18	-3,88	49,30
12:27:22:703	exp.	5,24	-3,63	48,90
12:27:22:713	exp.	5,30	-3,40	48,40
12:27:22:723	exp.	5,36	-3,20	47,90
12:27:22:733	exp.	5,40	-3,04	47,50
12:27:22:743	exp.	5,44	-2,93	47,00
12:27:22:753	exp.	5,45	-2,86	46,40
12:27:22:763	exp.	5,45	-2,83	45,90
12:27:22:773	exp.	5,45	-2,84	45,30
12:27:22:783	exp.	5,45	-2,89	44,70
12:27:22:793	exp.	5,45	-2,96	44,00
12:27:22:803	exp.	5,45	-3,07	43,30
12:27:22:813	exp.	5,43	-3,21	42,60
12:27:22:823	exp.	5,40	-3,38	41,80
12:27:22:833	exp.	5,38	-3,57	41,00
12:27:22:843	exp.	5,37	-3,76	40,30
12:27:22:853	exp.	5,37	-3,95	39,50
12:27:22:863	exp.	5,37	-4,12	38,70
12:27:22:873	exp.	5,38	-4,28	37,80
12:27:22:883	exp.	5,38	-4,43	37,00
12:27:22:893	exp.	5,37	-4,58	36,20
12:27:22:903	exp.	5,32	-4,72	35,30
12:27:22:913	exp.	5,22	-4,82	34,50
12:27:22:923	exp.	5,10	-4,91	33,70
12:27:22:933	exp.	4,99	-4,95	33,00
12:27:22:943	exp.	4,95	-4,93	32,40
12:27:22:953	exp.	4,98	-4,84	31,90
12:27:22:963	exp.	5,05	-4,69	31,40
12:27:22:973	exp.	5,13	-4,49	31,00
12:27:22:983	exp.	5,17	-4,25	30,60
12:27:22:993	exp.	5,21	-4,00	30,20
12:27:23:003	exp.	5,22	-3,73	29,80
12:27:23:013	exp.	5,22	-3,44	29,50
12:27:23:023	exp.	5,21	-3,14	29,10
12:27:23:033	exp.	5,17	-2,84	28,80
12:27:23:043	exp.	5,12	-2,57	28,50
12:27:23:053	exp.	5,09	-2,37	28,20
12:27:23:063	exp.	5,07	-2,22	27,90
12:27:23:073	exp.	5,06	-2,12	27,70
12:27:23:083	exp.	5,06	-2,03	27,50
12:27:23:093	exp.	5,07	-1,94	27,20
12:27:23:103	exp.	5,07	-1,84	27,00
12:27:23:113	exp.	5,05	-1,73	26,80
12:27:23:123	exp.	5,04	-1,63	26,60
12:27:23:133	exp.	5,03	-1,55	26,50
12:27:23:143	exp.	5,04	-1,45	26,30
12:27:23:153	exp.	5,08	-1,35	26,20
12:27:23:163	exp.	5,13	-1,24	26,10
12:27:23:173	exp.	5,19	-1,13	25,90
12:27:23:183	exp.	5,25	-1,04	25,70
12:27:23:193	exp.	5,31	-1,00	25,50
12:27:23:203	exp.	5,37	-0,98	25,20
12:27:23:213	exp.	5,39	-1,00	24,80
12:27:23:223	exp.	5,41	-1,06	24,40
12:27:23:233	exp.	5,43	-1,18	24,00
12:27:23:243	exp.	5,45	-1,33	23,40
12:27:23:253	exp.	5,46	-1,54	22,90
12:27:23:263	exp.	5,46	-1,81	22,20
12:27:23:273	exp.	5,45	-2,12	21,50
12:27:23:283	exp.	5,45	-2,47	20,70
12:27:23:293	exp.	5,42	-2,83	19,90
12:27:23:303	exp.	5,41	-3,19	19,10
12:27:23:313	exp.	5,39	-3,54	18,20
12:27:23:323	exp.	5,34	-3,86	17,40
12:27:23:333	exp.	5,30	-4,16	16,50
12:27:23:343	exp.	5,28	-4,42	15,70
12:27:23:353	exp.	5,26	-4,65	14,80
12:27:23:363	exp.	5,26	-4,82	14,00
12:27:23:373	exp.	5,23	-4,96	13,20
12:27:23:383	exp.	5,20	-5,05	12,40
12:27:23:393	exp.	5,18	-5,09	11,60
12:27:23:403	exp.	5,14	-5,08	10,90
12:27:23:413	exp.	5,10	-5,01	10,30
12:27:23:423	exp.	5,01	-4,90	9,70
12:27:23:433	exp.	4,92	-4,74	9,30
12:27:23:443	exp.	4,86	-4,53	8,90
12:27:23:453	exp.	4,89	-4,26	8,60
12:27:23:463	exp.	4,99	-3,93	8,40
12:27:23:473	exp.	5,10	-3,55	8,20
12:27:23:483	exp.	5,19	-3,14	8,00
12:27:23:493	exp.	5,26	-2,76	7,70
12:27:23:503	exp.	5,31	-2,41	7,40
12:27:23:513	exp.	5,36	-2,13	7,10
12:27:23:523	exp.	5,41	-1,91	6,70
12:27:23:533	exp.	5,42	-1,76	6,30
12:27:23:543	exp.	5,38	-1,69	5,80
12:27:23:553	exp.	5,33	-1,72	5,30
12:27:23:563	exp.	5,26	-1,85	4,70
12:27:23:573	exp.	5,23	-2,06	4,20
12:27:23:583	exp.	5,21	-2,29	3,60
12:27:23:593	exp.	5,20	-2,51	3,10
12:27:23:603	exp.	5,18	-2,71	2,50
12:27:23:613	exp.	5,17	-2,89	2,00
12:27:23:623	exp.	5,14	-3,04	1,40
12:27:23:633	exp.	5,10	-3,17	0,90
12:27:23:643	exp.	5,06	-3,27	0,40
12:27:23:653	exp.	5,04	-3,31	0,00
12:27:23:663	exp.	5,05	-3,28	-0,40
12:27:23:673	exp.	5,09	-3,19	-0,80
12:27:23:683	exp.	5,12	-3,08	-1,20
12:27:23:693	exp.	5,15	-2,95	-1,50
12:27:23:703	exp.	5,18	-2,83	-1,80
12:27:23:713	exp.	5,21	-2,68	-2,20
12:27:23:723	exp.	5,23	-2,54	-2,50
12:27:23:733	exp.	5,26	-2,39	-2,90
12:27:23:743	exp.	5,30	-2,25	-3,20
12:27:23:753	exp.	5,34	-2,14	-3,60
12:27:23:763	exp.	5,39	-2,08	-4,10
12:27:23:773	exp.	5,43	-2,08	-4,60
12:27:23:783	exp.	5,46	-2,14	-5,20
12:27:23:793	exp.	5,47	-2,26	-5,80
12:27:23:803	exp.	5,47	-2,42	-6,50
12:27:23:813	exp.	5,44	-2,63	-7,30
12:27:23:823	exp.	5,41	-2,89	-8,10
12:27:23:833	exp.	5,37	-3,17	-8,90
12:27:23:843	exp.	5,33	-3,47	-9,70
12:27:23:853	exp.	5,29	-3,78	-10,60
12:27:23:863	exp.	5,24	-4,07	-11,40
12:27:23:873	exp.	5,16	-4,33	-12,20
12:27:23:883	exp.	5,08	-4,55	-12,90
12:27:23:893	exp.	5,04	-4,72	-13,60
12:27:23:903	exp.	5,05	-4,80	-14,20
12:27:23:913	exp.	5,09	-4,79	-14,80
12:27:23:923	exp.	5,13	-4,70	-15,40
12:27:23:933	exp.	5,13	-4,54	-15,90
12:27:23:943	exp.	5,14	-4,33	-16,30
12:27:23:953	exp.	5,15	-4,10	-16,80
12:27:23:963	exp.	5,16	-3,88	-17,20
12:27:23:973	exp.	5,17	-3,63	-17,60
12:27:23:983	exp.	5,16	-3,37	-18,00
12:27:23:993	exp.	5,13	-3,13	-18,40
12:27:24:003	exp.	5,09	-2,92	-18,70
12:27:24:013	exp.	5,07	-2,74	-19,00
12:27:24:023	exp.	5,08	-2,56	-19,30
12:27:24:033	exp.	5,10	-2,40	-19,50
12:27:24:043	exp.	5,12	-2,25	-19,80
12:27:24:053	exp.	5,12	-2,11	-20,00
12:27:24:063	exp.	5,07	-1,99	-20,30
12:27:24:073	exp.	5,02	-1,89	-20,50
12:27:24:083	exp.	4,97	-1,80	-20,70
12:27:24:093	exp.	4,95	-1,70	-20,80
12:27:24:103	exp.	4,94	-1,56	-20,90
12:27:24:113	exp.	4,93	-1,40	-21,00
12:27:24:123	exp.	4,91	-1,26	-21,00
12:27:24:133	exp.	4,84	-1,13	-21,10
12:27:24:143	exp.	4,72	-1,01	-21,10
12:27:24:153	exp.	4,55	-0,89	-21,10
12:27:24:163	exp.	4,33	-0,73	-21,10
12:27:24:173	exp.	4,04	-0,51	-21,10
12:27:24:184	insp.	3,69	-0,22	0,50	Pression
12:27:24:193	insp.	3,35	0,14	1,10
12:27:24:203	insp.	2,98	0,58	1,90
12:27:24:213	insp.	3,03	1,04	2,80
12:27:24:223	insp.	4,63	1,52	4,20
12:27:24:233	insp.	6,29	2,11	6,00
12:27:24:243	insp.	6,18	2,80	8,90
12:27:24:253	insp.	5,60	3,85	13,00
12:27:24:263	insp.	6,15	5,75	18,20
12:27:24:273	insp.	6,92	8,56	24,20
12:27:24:283	insp.	6,96	12,06	31,20
12:27:24:293	insp.	6,94	16,02	39,10
12:27:24:304	insp.	7,47	20,34	47,30
12:27:24:313	insp.	7,92	24,88	55,40
12:27:24:323	insp.	8,06	29,33	64,00
12:27:24:333	insp.	8,29	33,76	73,10
12:27:24:343	insp.	8,73	38,47	82,30
12:27:24:353	insp.	9,06	43,01	91,60
12:27:24:363	insp.	9,26	46,69	101,10
12:27:24:373	insp.	9,47	49,48	110,80
12:27:24:383	insp.	9,70	51,64	120,60
12:27:24:393	insp.	9,87	53,32	130,30
12:27:24:403	insp.	9,94	54,52	140,20
12:27:24:413	insp.	9,96	55,48	150,20
12:27:24:423	insp.	10,04	56,57	160,10
12:27:24:433	insp.	10,07	57,58	170,10
12:27:24:443	insp.	10,10	58,21	180,10
12:27:24:453	insp.	10,17	58,64	190,10
12:27:24:463	insp.	10,30	59,07	200,10
12:27:24:473	insp.	10,48	59,44	209,90
12:27:24:483	insp.	10,57	59,60	219,70
12:27:24:493	insp.	10,69	59,65	229,50
12:27:24:503	insp.	10,79	59,64	239,10
12:27:24:513	insp.	10,86	59,54	248,60
12:27:24:523	insp.	10,90	59,32	258,10
12:27:24:533	insp.	10,93	59,03	267,50
12:27:24:543	insp.	10,95	58,69	276,70
12:27:24:553	insp.	10,95	58,28	285,90
12:27:24:563	insp.	10,93	57,79	295,00
12:27:24:573	insp.	10,93	57,25	304,00
12:27:24:583	insp.	10,95	56,71	312,80
12:27:24:593	insp.	11,00	56,15	321,60
12:27:24:603	insp.	11,03	55,58	330,20
12:27:24:613	insp.	11,02	55,00	338,70
12:27:24:623	insp.	10,98	54,39	347,20
12:27:24:633	insp.	10,96	53,77	355,50
12:27:24:643	insp.	10,93	53,14	363,80
12:27:24:653	insp.	10,89	52,50	371,90
12:27:24:663	insp.	10,87	51,89	380,00
12:27:24:673	insp.	10,87	51,31	388,00
12:27:24:683	insp.	10,85	50,71	395,90
12:27:24:693	insp.	10,87	50,13	403,80
12:27:24:703	insp.	10,90	49,57	411,50
12:27:24:713	insp.	10,92	49,03	419,20
12:27:24:723	insp.	10,96	48,51	426,80
12:27:24:733	insp.	10,98	48,02	434,30
12:27:24:743	insp.	10,97	47,53	441,70
12:27:24:753	insp.	10,98	47,04	449,10
12:27:24:763	insp.	10,99	46,54	456,40
12:27:24:773	insp.	11,02	46,05	463,60
12:27:24:783	insp.	11,06	45,57	470,70
12:27:24:793	insp.	11,09	45,08	477,70
12:27:24:803	insp.	11,10	44,60	484,60
12:27:24:813	insp.	11,13	44,11	491,50
12:27:24:823	insp.	11,17	43,60	498,20
12:27:24:833	insp.	11,19	43,10	504,80
12:27:24:843	insp.	11,21	42,59	511,40
12:27:24:853	insp.	11,24	42,07	517,80
12:27:24:863	insp.	11,27	41,54	524,20
12:27:24:873	insp.	11,27	40,99	530,40
12:27:24:883	insp.	11,29	40,40	536,50
12:27:24:893	insp.	11,30	39,81	542,50
12:27:24:903	insp.	11,28	39,22	548,40
12:27:24:913	insp.	11,26	38,60	554,30
12:27:24:923	insp.	11,20	37,99	560,00
12:27:24:933	insp.	11,15	37,37	565,70
12:27:24:943	insp.	11,11	36,78	571,30
12:27:24:953	insp.	11,11	36,20	576,80
12:27:24:963	insp.	11,12	35,63	582,20
12:27:24:973	insp.	11,17	35,08	587,50
12:27:24:983	insp.	11,25	34,56	592,80
12:27:24:993	insp.	11,32	34,03	597,90
12:27:25:003	insp.	11,40	33,50	602,90
12:27:25:013	insp.	11,45	32,98	607,80
12:27:25:023	insp.	11,50	32,44	612,60
12:27:25:033	insp.	11,52	31,89	617,30
12:27:25:043	insp.	11,53	31,31	621,90
12:27:25:053	insp.	11,53	30,73	626,40
12:27:25:063	insp.	11,50	30,11	630,80
12:27:25:073	insp.	11,50	29,49	635,10
12:27:25:083	insp.	11,49	28,85	639,30
12:27:25:093	insp.	11,47	28,21	643,30
12:27:25:103	insp.	11,42	27,56	647,30
12:27:25:113	insp.	11,37	26,92	651,20
12:27:25:123	insp.	11,32	26,29	655,00
12:27:25:133	insp.	11,29	25,67	658,70
12:27:25:144	exp.	11,24	25,07	662,30
12:27:25:153	exp.	11,15	24,47	665,90
12:27:25:163	exp.	10,63	23,92	669,30
12:27:25:173	exp.	8,87	23,35	672,70
12:27:25:183	exp.	8,63	23,05	675,30
12:27:25:193	exp.	8,17	22,73	676,80
12:27:25:203	exp.	7,79	21,94	677,00
12:27:25:213	exp.	7,48	20,36	675,90
12:27:25:224	exp.	7,06	17,77	673,40
12:27:25:233	exp.	6,63	14,10	669,60
12:27:25:243	exp.	6,48	9,56	665,20
12:27:25:253	exp.	6,58	4,46	660,40
12:27:25:263	exp.	6,57	-0,63	655,40
12:27:25:273	exp.	6,55	-5,74	650,40
12:27:25:283	exp.	6,70	-11,09	645,30
12:27:25:293	exp.	7,00	-16,34	640,10
12:27:25:303	exp.	7,28	-21,10	634,70
12:27:25:313	exp.	7,42	-25,07	629,30
12:27:25:323	exp.	7,48	-28,06	623,80
12:27:25:333	exp.	7,47	-29,98	618,30
12:27:25:343	exp.	7,42	-31,04	612,70
12:27:25:353	exp.	7,41	-31,53	607,00
12:27:25:363	exp.	7,43	-31,96	601,30
12:27:25:373	exp.	7,43	-32,30	595,40
12:27:25:383	exp.	7,38	-32,66	589,40
12:27:25:393	exp.	7,28	-33,16	583,30
12:27:25:403	exp.	7,23	-33,75	577,00
12:27:25:413	exp.	7,19	-34,37	570,70
12:27:25:423	exp.	7,18	-34,98	564,30
12:27:25:433	exp.	7,18	-35,54	558,00
12:27:25:443	exp.	7,22	-35,99	551,70
12:27:25:453	exp.	7,27	-36,39	545,40
12:27:25:463	exp.	7,28	-36,80	539,20
12:27:25:473	exp.	7,26	-37,21	533,00
12:27:25:483	exp.	7,27	-37,54	526,80
12:27:25:493	exp.	7,26	-37,72	520,60
12:27:25:503	exp.	7,24	-37,75	514,50
12:27:25:513	exp.	7,18	-37,68	508,30
12:27:25:523	exp.	7,07	-37,55	502,30
12:27:25:533	exp.	7,00	-37,37	496,30
12:27:25:543	exp.	6,99	-37,18	490,40
12:27:25:553	exp.	6,94	-36,96	484,60
12:27:25:563	exp.	6,84	-36,70	478,90
12:27:25:573	exp.	6,75	-36,39	473,20
12:27:25:583	exp.	6,70	-36,06	467,60
12:27:25:593	exp.	6,69	-35,71	462,10
12:27:25:603	exp.	6,68	-35,35	456,60
12:27:25:613	exp.	6,65	-34,96	451,10
12:27:25:623	exp.	6,60	-34,54	445,70
12:27:25:633	exp.	6,57	-34,12	440,40
12:27:25:643	exp.	6,56	-33,73	435,10
12:27:25:653	exp.	6,57	-33,35	429,90
12:27:25:663	exp.	6,59	-32,99	424,70
12:27:25:673	exp.	6,56	-32,64	419,60
12:27:25:683	exp.	6,54	-32,31	414,50
12:27:25:693	exp.	6,54	-32,00	409,50
12:27:25:703	exp.	6,54	-31,69	404,50
12:27:25:713	exp.	6,52	-31,40	399,50
12:27:25:723	exp.	6,52	-31,11	394,50
12:27:25:733	exp.	6,51	-30,83	389,60
12:27:25:743	exp.	6,48	-30,56	384,70
12:27:25:753	exp.	6,46	-30,34	379,80
12:27:25:763	exp.	6,40	-30,13	374,90
12:27:25:773	exp.	6,34	-29,95	370,10
12:27:25:783	exp.	6,34	-29,77	365,40
12:27:25:793	exp.	6,33	-29,59	360,60
12:27:25:803	exp.	6,26	-29,41	355,90
12:27:25:813	exp.	6,23	-29,22	351,30
12:27:25:823	exp.	6,23	-29,03	346,70
12:27:25:833	exp.	6,17	-28,82	342,20
12:27:25:843	exp.	6,10	-28,59	337,80
12:27:25:853	exp.	6,08	-28,32	333,40
12:27:25:863	exp.	6,08	-28,02	329,00
12:27:25:873	exp.	6,07	-27,71	324,70
12:27:25:883	exp.	6,02	-27,40	320,50
12:27:25:893	exp.	6,01	-27,10	316,30
12:27:25:903	exp.	6,00	-26,77	312,20
12:27:25:913	exp.	6,00	-26,42	308,20
12:27:25:923	exp.	5,95	-26,07	304,20
12:27:25:933	exp.	5,88	-25,71	300,40
12:27:25:943	exp.	5,81	-25,33	296,60
12:27:25:953	exp.	5,72	-24,94	292,90
12:27:25:963	exp.	5,68	-24,55	289,30
12:27:25:973	exp.	5,70	-24,11	285,80
12:27:25:983	exp.	5,74	-23,63	282,30
12:27:25:993	exp.	5,83	-23,14	278,90
12:27:26:003	exp.	5,91	-22,66	275,50
12:27:26:013	exp.	5,94	-22,20	272,20
12:27:26:023	exp.	5,94	-21,77	268,80
12:27:26:033	exp.	5,94	-21,38	265,50
12:27:26:043	exp.	5,94	-21,01	262,20
12:27:26:053	exp.	5,93	-20,68	259,00
12:27:26:063	exp.	5,87	-20,39	255,70
12:27:26:073	exp.	5,78	-20,17	252,50
12:27:26:083	exp.	5,70	-20,02	249,30
12:27:26:093	exp.	5,68	-19,90	246,10
12:27:26:103	exp.	5,69	-19,78	243,00
12:27:26:113	exp.	5,72	-19,64	239,90
12:27:26:123	exp.	5,73	-19,47	236,80
12:27:26:133	exp.	5,70	-19,30	233,80
12:27:26:143	exp.	5,66	-19,14	230,80
12:27:26:153	exp.	5,61	-18,98	227,90
12:27:26:163	exp.	5,56	-18,80	225,00
12:27:26:173	exp.	5,53	-18,57	222,20
12:27:26:183	exp.	5,52	-18,29	219,50
12:27:26:193	exp.	5,52	-18,00	216,80
12:27:26:203	exp.	5,53	-17,71	214,20
12:27:26:213	exp.	5,54	-17,42	211,50
12:27:26:223	exp.	5,56	-17,14	209,00
12:27:26:233	exp.	5,58	-16,85	206,40
12:27:26:243	exp.	5,60	-16,56	203,90
12:27:26:253	exp.	5,63	-16,27	201,40
12:27:26:263	exp.	5,66	-15,98	198,90
12:27:26:273	exp.	5,65	-15,76	196,40
12:27:26:283	exp.	5,60	-15,57	193,90
12:27:26:293	exp.	5,58	-15,40	191,50
12:27:26:304	exp.	5,59	-15,25	189,10
12:27:26:313	exp.	5,60	-15,10	186,70
12:27:26:323	exp.	5,60	-14,97	184,30
12:27:26:333	exp.	5,60	-14,84	181,90
12:27:26:343	exp.	5,57	-14,73	179,60
12:27:26:353	exp.	5,58	-14,63	177,20
12:27:26:363	exp.	5,60	-14,54	174,90
12:27:26:373	exp.	5,60	-14,44	172,60
12:27:26:383	exp.	5,59	-14,33	170,30
12:27:26:393	exp.	5,57	-14,23	168,00
12:27:26:403	exp.	5,58	-14,13	165,80
12:27:26:413	exp.	5,61	-14,02	163,60
12:27:26:423	exp.	5,61	-13,92	161,40
12:27:26:433	exp.	5,55	-13,81	159,20
12:27:26:443	exp.	5,48	-13,70	157,00
12:27:26:453	exp.	5,38	-13,59	155,00
12:27:26:463	exp.	5,29	-13,48	152,90
12:27:26:473	exp.	5,26	-13,34	151,00
12:27:26:483	exp.	5,28	-13,14	149,10
12:27:26:493	exp.	5,33	-12,88	147,30
12:27:26:503	exp.	5,36	-12,58	145,50
12:27:26:513	exp.	5,38	-12,29	143,80
12:27:26:523	exp.	5,39	-12,00	142,10
12:27:26:533	exp.	5,39	-11,72	140,40
12:27:26:543	exp.	5,42	-11,43	138,70
12:27:26:553	exp.	5,42	-11,12	137,10
12:27:26:563	exp.	5,39	-10,81	135,50
12:27:26:573	exp.	5,36	-10,52	133,90
12:27:26:583	exp.	5,32	-10,30	132,40
12:27:26:593	exp.	5,31	-10,12	130,80
12:27:26:603	exp.	5,31	-9,97	129,40
12:27:26:613	exp.	5,31	-9,81	127,90
12:27:26:623	exp.	5,32	-9,64	126,50
12:27:26:633	exp.	5,34	-9,46	125,10
12:27:26:643	exp.	5,35	-9,27	123,70
12:27:26:653	exp.	5,35	-9,11	122,30
12:27:26:663	exp.	5,35	-8,94	121,00
12:27:26:673	exp.	5,35	-8,78	119,70
12:27:26:683	exp.	5,36	-8,62	118,40
12:27:26:693	exp.	5,39	-8,45	117,10
12:27:26:703	exp.	5,42	-8,29	115,80
12:27:26:713	exp.	5,45	-8,14	114,50
12:27:26:723	exp.	5,48	-8,02	113,20
12:27:26:733	exp.	5,50	-7,93	111,90
12:27:26:743	exp.	5,53	-7,86	110,60
12:27:26:753	exp.	5,57	-7,82	109,10
12:27:26:763	exp.	5,61	-7,82	107,70
12:27:26:773	exp.	5,63	-7,87	106,20
12:27:26:783	exp.	5,63	-7,97	104,60
12:27:26:793	exp.	5,62	-8,13	103,00
12:27:26:803	exp.	5,61	-8,33	101,30
12:27:26:813	exp.	5,60	-8,56	99,70
12:27:26:823	exp.	5,57	-8,81	98,00
12:27:26:833	exp.	5,56	-9,06	96,30
12:27:26:843	exp.	5,52	-9,31	94,50
12:27:26:853	exp.	5,46	-9,54	92,80
12:27:26:863	exp.	5,42	-9,76	91,10
12:27:26:873	exp.	5,39	-9,94	89,50
12:27:26:883	exp.	5,35	-10,06	87,80
12:27:26:893	exp.	5,33	-10,12	86,20
12:27:26:903	exp.	5,32	-10,13	84,70
12:27:26:913	exp.	5,29	-10,09	83,20
12:27:26:923	exp.	5,26	-10,01	81,70
12:27:26:933	exp.	5,23	-9,89	80,30
12:27:26:943	exp.	5,18	-9,74	79,00
12:27:26:953	exp.	5,09	-9,54	77,70
12:27:26:963	exp.	4,96	-9,29	76,50
12:27:26:973	exp.	4,86	-8,99	75,50
12:27:26:983	exp.	4,84	-8,65	74,60
12:27:26:993	exp.	4,88	-8,23	73,70
12:27:27:003	exp.	4,96	-7,78	73,00
12:27:27:013	exp.	5,02	-7,30	72,30
12:27:27:023	exp.	5,05	-6,80	71,60
12:27:27:033	exp.	5,07	-6,29	71,00
12:27:27:043	exp.	5,10	-5,78	70,50
12:27:27:053	exp.	5,13	-5,28	70,00
12:27:27:063	exp.	5,16	-4,79	69,50
12:27:27:073	exp.	5,16	-4,33	69,10
12:27:27:083	exp.	5,13	-3,94	68,70
12:27:27:093	exp.	5,09	-3,61	68,40
12:27:27:103	exp.	5,05	-3,33	68,10
12:27:27:113	exp.	5,04	-3,07	67,80
12:27:27:123	exp.	5,04	-2,79	67,60
12:27:27:133	exp.	5,05	-2,51	67,40
12:27:27:143	exp.	5,07	-2,24	67,20
12:27:27:153	exp.	5,07	-2,03	67,00
12:27:27:163	exp.	5,06	-1,87	66,70
12:27:27:173	exp.	5,04	-1,74	66,50
12:27:27:183	exp.	5,04	-1,61	66,40
12:27:27:193	exp.	5,04	-1,47	66,20
12:27:27:203	exp.	5,05	-1,33	66,00
12:27:27:213	exp.	5,10	-1,21	65,90
12:27:27:223	exp.	5,13	-1,13	65,70
12:27:27:233	exp.	5,18	-1,10	65,50
12:27:27:243	exp.	5,22	-1,10	65,30
12:27:27:253	exp.	5,26	-1,10	65,10
12:27:27:263	exp.	5,32	-1,10	64,80
12:27:27:273	exp.	5,36	-1,09	64,50
12:27:27:283	exp.	5,39	-1,12	64,20
12:27:27:293	exp.	5,39	-1,19	63,80
12:27:27:303	exp.	5,39	-1,32	63,40
12:27:27:313	exp.	5,37	-1,49	62,90
12:27:27:323	exp.	5,37	-1,69	62,40
12:27:27:333	exp.	5,36	-1,90	61,80
12:27:27:343	exp.	5,35	-2,11	61,20
12:27:27:353	exp.	5,35	-2,35	60,60
12:27:27:363	exp.	5,31	-2,60	59,90
12:27:27:373	exp.	5,27	-2,86	59,20
12:27:27:383	exp.	5,24	-3,11	58,60
12:27:27:393	exp.	5,22	-3,32	57,90
12:27:27:403	exp.	5,22	-3,50	57,30
12:27:27:413	exp.	5,22	-3,62	56,70
12:27:27:423	exp.	5,19	-3,73	56,10
12:27:27:433	exp.	5,14	-3,80	55,50
12:27:27:443	exp.	5,07	-3,85	55,00
12:27:27:453	exp.	4,97	-3,85	54,50
12:27:27:463	exp.	4,84	-3,80	54,10
12:27:27:473	exp.	4,72	-3,67	53,90
12:27:27:483	exp.	4,66	-3,46	53,70
12:27:27:493	exp.	4,65	-3,17	53,70
12:27:27:503	exp.	4,69	-2,81	53,70
12:27:27:513	exp.	4,77	-2,39	53,70
12:27:27:523	exp.	4,86	-1,96	53,70
12:27:27:532	exp.	4,95	-1,52	53,60
12:27:27:543	exp.	5,07	-1,13	53,60
12:27:27:553	exp.	5,15	-0,81	53,40
12:27:27:563	exp.	5,23	-0,56	53,20
12:27:27:573	exp.	5,27	-0,40	53,00
12:27:27:583	exp.	5,27	-0,33	52,80
12:27:27:593	exp.	5,27	-0,36	52,60
12:27:27:603	exp.	5,28	-0,47	52,30
12:27:27:613	exp.	5,31	-0,64	52,10
12:27:27:623	exp.	5,33	-0,83	51,80
12:27:27:633	exp.	5,35	-1,04	51,50
12:27:27:643	exp.	5,35	-1,23	51,10
12:27:27:653	exp.	5,34	-1,41	50,70
12:27:27:663	exp.	5,32	-1,57	50,20
12:27:27:673	exp.	5,31	-1,72	49,70
12:27:27:683	exp.	5,30	-1,87	49,20
12:27:27:693	exp.	5,30	-2,03	48,70
12:27:27:703	exp.	5,33	-2,20	48,10
12:27:27:713	exp.	5,37	-2,39	47,60
12:27:27:723	exp.	5,40	-2,59	46,90
12:27:27:733	exp.	5,43	-2,81	46,20
12:27:27:743	exp.	5,44	-3,02	45,50
12:27:27:753	exp.	5,45	-3,24	44,70
12:27:27:763	exp.	5,45	-3,46	43,90
12:27:27:773	exp.	5,45	-3,67	43,10
12:27:27:783	exp.	5,45	-3,90	42,20
12:27:27:793	exp.	5,45	-4,12	41,30
12:27:27:803	exp.	5,42	-4,34	40,40
12:27:27:813	exp.	5,38	-4,57	39,50
12:27:27:823	exp.	5,34	-4,78	38,60
12:27:27:833	exp.	5,32	-4,97	37,70
12:27:27:843	exp.	5,33	-5,13	36,80
12:27:27:853	exp.	5,34	-5,25	35,80
12:27:27:863	exp.	5,34	-5,33	35,00
12:27:27:873	exp.	5,31	-5,39	34,10
12:27:27:883	exp.	5,27	-5,42	33,20
12:27:27:893	exp.	5,23	-5,44	32,30
12:27:27:903	exp.	5,22	-5,44	31,50
12:27:27:913	exp.	5,21	-5,39	30,70
12:27:27:923	exp.	5,23	-5,32	30,00
12:27:27:933	exp.	5,23	-5,23	29,20
12:27:27:943	exp.	5,20	-5,13	28,50
12:27:27:953	exp.	5,18	-5,02	27,90
12:27:27:963	exp.	5,09	-4,90	27,20
12:27:27:973	exp.	4,99	-4,76	26,70
12:27:27:983	exp.	4,90	-4,58	26,30
12:27:27:993	exp.	4,86	-4,35	25,90
12:27:28:003	exp.	4,88	-4,06	25,60
12:27:28:013	exp.	4,96	-3,73	25,40
12:27:28:023	exp.	5,04	-3,37	25,20
12:27:28:033	exp.	5,09	-3,02	25,00
12:27:28:043	exp.	5,12	-2,67	24,80
12:27:28:053	exp.	5,12	-2,36	24,50
12:27:28:063	exp.	5,12	-2,08	24,30
12:27:28:073	exp.	5,13	-1,82	24,10
12:27:28:083	exp.	5,13	-1,59	23,80
12:27:28:093	exp.	5,10	-1,42	23,60
12:27:28:103	exp.	5,08	-1,33	23,40
12:27:28:113	exp.	5,07	-1,31	23,20
12:27:28:123	exp.	5,07	-1,32	23,00
12:27:28:133	exp.	5,09	-1,34	22,80
12:27:28:143	exp.	5,13	-1,34	22,60
12:27:28:153	exp.	5,15	-1,31	22,40
12:27:28:163	exp.	5,15	-1,28	22,20
12:27:28:173	exp.	5,15	-1,25	22,00
12:27:28:183	exp.	5,13	-1,24	21,80
12:27:28:193	exp.	5,13	-1,21	21,60
12:27:28:203	exp.	5,16	-1,18	21,40
12:27:28:213	exp.	5,21	-1,15	21,20
12:27:28:223	exp.	5,24	-1,13	20,90
12:27:28:233	exp.	5,26	-1,15	20,60
12:27:28:243	exp.	5,29	-1,21	20,30
12:27:28:253	exp.	5,31	-1,31	19,90
12:27:28:263	exp.	5,32	-1,42	19,60
12:27:28:273	exp.	5,33	-1,53	19,10
12:27:28:283	exp.	5,34	-1,65	18,70
12:27:28:293	exp.	5,34	-1,79	18,20
12:27:28:303	exp.	5,34	-1,96	17,70
12:27:28:313	exp.	5,34	-2,14	17,10
12:27:28:323	exp.	5,34	-2,35	16,60
12:27:28:333	exp.	5,34	-2,54	16,00
12:27:28:343	exp.	5,35	-2,72	15,40
12:27:28:353	exp.	5,37	-2,89	14,70
12:27:28:363	exp.	5,39	-3,06	14,00
12:27:28:373	exp.	5,40	-3,22	13,40
12:27:28:383	exp.	5,40	-3,38	12,60
12:27:28:393	exp.	5,41	-3,55	11,90
12:27:28:403	exp.	5,44	-3,71	11,10
12:27:28:413	exp.	5,48	-3,86	10,30
12:27:28:423	exp.	5,54	-4,02	9,40
12:27:28:433	exp.	5,56	-4,19	8,50
12:27:28:443	exp.	5,56	-4,39	7,50
12:27:28:453	exp.	5,54	-4,60	6,50
12:27:28:463	exp.	5,47	-4,82	5,50
12:27:28:473	exp.	5,38	-5,05	4,50
12:27:28:483	exp.	5,26	-5,27	3,50
12:27:28:493	exp.	5,17	-5,45	2,60
12:27:28:503	exp.	5,16	-5,59	1,70
12:27:28:513	exp.	5,20	-5,67	0,80
12:27:28:523	exp.	5,24	-5,71	0,00
12:27:28:533	exp.	5,23	-5,71	-0,90
12:27:28:543	exp.	5,17	-5,68	-1,60
12:27:28:553	exp.	5,11	-5,62	-2,40
12:27:28:563	exp.	5,03	-5,50	-3,00
12:27:28:573	exp.	4,95	-5,31	-3,60
12:27:28:583	exp.	4,85	-5,05	-4,00
12:27:28:593	exp.	4,70	-4,73	-4,30
12:27:28:603	exp.	4,49	-4,40	-4,40
12:27:28:613	exp.	4,19	-4,04	-4,40
12:27:28:623	exp.	3,77	-3,60	-4,40
12:27:28:634	insp.	3,33	-3,03	0,50	Pression
12:27:28:643	insp.	2,86	-2,29	1,20
12:27:28:653	insp.	2,58	-1,39	2,20
12:27:28:663	insp.	3,72	-0,44	3,60
12:27:28:673	insp.	5,72	0,61	5,50
12:27:28:683	insp.	6,24	1,73	8,30
12:27:28:693	insp.	5,60	3,06	12,30
12:27:28:703	insp.	5,84	5,06	17,60
12:27:28:713	insp.	6,76	8,02	23,80
12:27:28:724	insp.	7,05	11,76	30,80
12:27:28:733	insp.	7,07	15,99	38,90
12:27:28:743	insp.	7,55	20,56	47,40
12:27:28:753	insp.	8,12	25,31	55,90
12:27:28:763	insp.	8,38	29,97	64,50
12:27:28:773	insp.	8,61	34,46	73,70
12:27:28:783	insp.	8,99	39,08	83,10
12:27:28:793	insp.	9,36	43,69	92,50
12:27:28:803	insp.	9,50	47,59	102,00
12:27:28:813	insp.	9,65	50,48	111,70
12:27:28:823	insp.	9,87	52,64	121,50
12:27:28:833	insp.	10,04	54,25	131,30
12:27:28:843	insp.	10,10	55,34	141,20
12:27:28:853	insp.	10,17	56,10	151,10
12:27:28:863	insp.	10,27	56,92	160,90
12:27:28:873	insp.	10,34	57,77	170,80
12:27:28:883	insp.	10,34	58,31	180,60
12:27:28:893	insp.	10,34	58,57	190,40
12:27:28:903	insp.	10,40	58,79	200,20
12:27:28:913	insp.	10,43	58,99	209,90
12:27:28:923	insp.	10,46	59,03	219,50
12:27:28:933	insp.	10,51	58,94	229,10
12:27:28:943	insp.	10,57	58,84	238,70
12:27:28:953	insp.	10,59	58,70	248,10
12:27:28:963	insp.	10,59	58,45	257,60
12:27:28:973	insp.	10,60	58,16	266,90
12:27:28:983	insp.	10,54	57,86	276,20
12:27:28:993	insp.	10,51	57,55	285,50
12:27:29:003	insp.	10,54	57,21	294,70
12:27:29:013	insp.	10,60	56,88	303,80
12:27:29:023	insp.	10,69	56,55	312,80
12:27:29:033	insp.	10,73	56,20	321,80
12:27:29:043	insp.	10,82	55,83	330,70
12:27:29:053	insp.	10,88	55,43	339,50
12:27:29:063	insp.	10,96	55,03	348,10
12:27:29:073	insp.	11,02	54,60	356,70
12:27:29:083	insp.	11,06	54,15	365,20
12:27:29:093	insp.	11,08	53,69	373,60
12:27:29:103	insp.	11,08	53,18	381,80
12:27:29:113	insp.	11,08	52,63	390,00
12:27:29:123	insp.	11,08	52,05	398,10
12:27:29:133	insp.	11,09	51,46	406,10
12:27:29:143	insp.	11,09	50,86	413,90
12:27:29:153	insp.	11,09	50,26	421,70
12:27:29:163	insp.	11,10	49,66	429,40
12:27:29:173	insp.	11,10	49,06	436,90
12:27:29:183	insp.	11,10	48,44	444,40
12:27:29:193	insp.	11,08	47,81	451,70
12:27:29:203	insp.	11,01	47,19	459,00
12:27:29:213	insp.	11,01	46,58	466,20
12:27:29:223	insp.	11,02	45,98	473,30
12:27:29:233	insp.	11,02	45,40	480,30
12:27:29:243	insp.	11,03	44,81	487,20
12:27:29:253	insp.	11,06	44,24	494,10
12:27:29:263	insp.	11,09	43,68	500,80
12:27:29:273	insp.	11,13	43,13	507,50
12:27:29:283	insp.	11,13	42,59	514,00
12:27:29:293	insp.	11,17	42,05	520,50
12:27:29:303	insp.	11,20	41,54	526,90
12:27:29:313	insp.	11,20	41,01	533,20
12:27:29:323	insp.	11,20	40,47	539,40
12:27:29:333	insp.	11,21	39,93	545,50
12:27:29:343	insp.	11,21	39,40	551,50
12:27:29:353	insp.	11,21	38,85	557,40
12:27:29:363	insp.	11,19	38,30	563,30
12:27:29:373	insp.	11,16	37,75	569,00
12:27:29:383	insp.	11,17	37,21	574,70
12:27:29:393	insp.	11,19	36,67	580,30
12:27:29:403	insp.	11,21	36,13	585,80
12:27:29:413	insp.	11,26	35,60	591,20
12:27:29:423	insp.	11,31	35,08	596,50
12:27:29:433	insp.	11,34	34,53	601,70
12:27:29:443	insp.	11,36	33,98	606,80
12:27:29:453	insp.	11,37	33,42	611,80
12:27:29:463	insp.	11,36	32,87	616,70
12:27:29:473	insp.	11,32	32,31	621,50
12:27:29:483	insp.	11,27	31,74	626,20
12:27:29:493	insp.	11,24	31,18	630,90
12:27:29:503	insp.	11,24	30,63	635,50
12:27:29:513	insp.	11,26	30,08	640,00
12:27:29:523	insp.	11,35	29,53	644,30
12:27:29:533	insp.	11,45	29,00	648,60
12:27:29:543	insp.	11,54	28,46	652,70
12:27:29:553	insp.	11,63	27,90	656,70
12:27:29:563	insp.	11,72	27,32	660,60
12:27:29:573	insp.	11,80	26,71	664,30
12:27:29:583	exp.	11,90	26,09	667,90
12:27:29:593	exp.	11,80	25,44	671,40
12:27:29:603	exp.	10,06	24,76	674,60
12:27:29:613	exp.	10,10	24,20	677,10
12:27:29:623	exp.	9,77	23,61	678,30
12:27:29:633	exp.	9,22	22,48	678,10
12:27:29:643	exp.	8,77	20,56	676,30
12:27:29:653	exp.	8,30	17,57	672,80
12:27:29:663	exp.	7,76	13,36	667,60
12:27:29:673	exp.	7,46	8,02	661,40
12:27:29:683	exp.	7,43	1,87	654,60
12:27:29:693	exp.	7,33	-4,55	647,20
12:27:29:703	exp.	7,24	-11,12	639,70
12:27:29:713	exp.	7,32	-17,96	632,00
12:27:29:723	exp.	7,46	-24,72	624,30
12:27:29:733	exp.	7,54	-30,92	616,50
12:27:29:743	exp.	7,51	-36,31	608,80
12:27:29:753	exp.	7,44	-40,54	601,20
12:27:29:763	exp.	7,40	-43,43	593,60
12:27:29:773	exp.	7,35	-45,04	586,20
12:27:29:783	exp.	7,28	-45,71	579,00
12:27:29:793	exp.	7,21	-45,90	572,00
12:27:29:803	exp.	7,16	-45,76	565,20
12:27:29:813	exp.	7,12	-45,29	558,70
12:27:29:823	exp.	7,12	-44,68	552,40
12:27:29:833	exp.	7,13	-43,86	546,30
12:27:29:843	exp.	7,11	-42,83	540,30
12:27:29:853	exp.	7,08	-41,69	534,50
12:27:29:863	exp.	7,11	-40,52	528,70
12:27:29:873	exp.	7,11	-39,37	523,00
12:27:29:883	exp.	7,10	-38,29	517,30
12:27:29:893	exp.	7,08	-37,30	511,60
12:27:29:903	exp.	7,02	-36,43	506,00
12:27:29:913	exp.	6,92	-35,67	500,40
12:27:29:923	exp.	6,86	-35,05	494,80
12:27:29:933	exp.	6,84	-34,58	489,20
12:27:29:943	exp.	6,79	-34,24	483,70
12:27:29:953	exp.	6,74	-33,98	478,20
12:27:29:963	exp.	6,70	-33,80	472,80
12:27:29:973	exp.	6,65	-33,64	467,30
12:27:29:983	exp.	6,55	-33,50	461,90
12:27:29:993	exp.	6,48	-33,35	456,60
12:27:30:003	exp.	6,43	-33,18	451,30
12:27:30:013	exp.	6,39	-32,97	446,20
12:27:30:023	exp.	6,31	-32,71	441,10
12:27:30:033	exp.	6,25	-32,42	436,20
12:27:30:043	exp.	6,26	-32,08	431,40
12:27:30:053	exp.	6,31	-31,68	426,60
12:27:30:063	exp.	6,36	-31,24	421,90
12:27:30:073	exp.	6,41	-30,76	417,20
12:27:30:083	exp.	6,42	-30,26	412,60
12:27:30:093	exp.	6,39	-29,78	408,00
12:27:30:103	exp.	6,37	-29,33	403,40
12:27:30:113	exp.	6,36	-28,92	398,90
12:27:30:123	exp.	6,33	-28,51	394,40
12:27:30:133	exp.	6,27	-28,14	389,90
12:27:30:143	exp.	6,22	-27,83	385,60
12:27:30:153	exp.	6,17	-27,58	381,20
12:27:30:163	exp.	6,13	-27,35	376,90
12:27:30:173	exp.	6,13	-27,15	372,60
12:27:30:183	exp.	6,14	-26,92	368,40
12:27:30:193	exp.	6,13	-26,66	364,20
12:27:30:203	exp.	6,05	-26,40	360,00
12:27:30:213	exp.	6,00	-26,15	356,00
12:27:30:223	exp.	5,95	-25,91	351,90
12:27:30:233	exp.	5,90	-25,66	348,00
12:27:30:243	exp.	5,87	-25,39	344,10
12:27:30:253	exp.	5,85	-25,08	340,30
12:27:30:263	exp.	5,85	-24,72	336,60
12:27:30:273	exp.	5,84	-24,36	332,90
12:27:30:283	exp.	5,83	-24,01	329,30
12:27:30:293	exp.	5,79	-23,66	325,80
12:27:30:303	exp.	5,77	-23,29	322,30
12:27:30:313	exp.	5,77	-22,88	318,90
12:27:30:323	exp.	5,79	-22,45	315,50
12:27:30:333	exp.	5,80	-22,03	312,20
12:27:30:343	exp.	5,80	-21,62	308,90
12:27:30:353	exp.	5,81	-21,26	305,60
12:27:30:363	exp.	5,81	-20,93	302,40
12:27:30:373	exp.	5,81	-20,63	299,30
12:27:30:383	exp.	5,81	-20,32	296,10
12:27:30:393	exp.	5,82	-20,02	293,00
12:27:30:403	exp.	5,82	-19,73	289,90
12:27:30:413	exp.	5,82	-19,49	286,80
12:27:30:423	exp.	5,82	-19,28	283,70
12:27:30:433	exp.	5,79	-19,10	280,70
12:27:30:443	exp.	5,77	-18,96	277,60
12:27:30:453	exp.	5,76	-18,82	274,60
12:27:30:463	exp.	5,76	-18,67	271,60
12:27:30:473	exp.	5,75	-18,53	268,70
12:27:30:483	exp.	5,73	-18,40	265,70
12:27:30:493	exp.	5,68	-18,28	262,80
12:27:30:503	exp.	5,61	-18,17	260,00
12:27:30:513	exp.	5,56	-18,06	257,20
12:27:30:523	exp.	5,54	-17,92	254,40
12:27:30:533	exp.	5,56	-17,73	251,70
12:27:30:543	exp.	5,60	-17,51	249,00
12:27:30:553	exp.	5,66	-17,28	246,40
12:27:30:563	exp.	5,70	-17,05	243,70
12:27:30:573	exp.	5,73	-16,84	241,10
12:27:30:583	exp.	5,76	-16,64	238,50
12:27:30:593	exp.	5,79	-16,43	235,90
12:27:30:603	exp.	5,82	-16,23	233,20
12:27:30:613	exp.	5,80	-16,05	230,60
12:27:30:623	exp.	5,77	-15,92	228,00
12:27:30:633	exp.	5,71	-15,83	225,30
12:27:30:643	exp.	5,68	-15,79	222,70
12:27:30:653	exp.	5,64	-15,77	220,10
12:27:30:663	exp.	5,62	-15,77	217,50
12:27:30:673	exp.	5,62	-15,74	214,90
12:27:30:683	exp.	5,63	-15,73	212,30
12:27:30:693	exp.	5,64	-15,71	209,70
12:27:30:703	exp.	5,64	-15,70	207,20
12:27:30:713	exp.	5,60	-15,68	204,60
12:27:30:723	exp.	5,55	-15,66	202,10
12:27:30:733	exp.	5,54	-15,61	199,60
12:27:30:743	exp.	5,52	-15,53	197,20
12:27:30:753	exp.	5,51	-15,41	194,80
12:27:30:763	exp.	5,48	-15,28	192,40
12:27:30:773	exp.	5,45	-15,14	190,10
12:27:30:783	exp.	5,43	-14,99	187,90
12:27:30:793	exp.	5,41	-14,81	185,70
12:27:30:803	exp.	5,39	-14,60	183,50
12:27:30:813	exp.	5,39	-14,34	181,40
12:27:30:823	exp.	5,40	-14,05	179,40
12:27:30:833	exp.	5,43	-13,75	177,40
12:27:30:843	exp.	5,43	-13,46	175,40
12:27:30:853	exp.	5,41	-13,19	173,40
12:27:30:863	exp.	5,41	-12,95	171,50
12:27:30:873	exp.	5,44	-12,70	169,60
12:27:30:883	exp.	5,45	-12,45	167,70
12:27:30:893	exp.	5,43	-12,20	165,90
12:27:30:903	exp.	5,41	-11,98	164,00
12:27:30:913	exp.	5,36	-11,77	162,30
12:27:30:923	exp.	5,34	-11,59	160,50
12:27:30:933	exp.	5,34	-11,41	158,80
12:27:30:943	exp.	5,37	-11,23	157,20
12:27:30:953	exp.	5,37	-11,03	155,50
12:27:30:963	exp.	5,34	-10,82	153,90
12:27:30:973	exp.	5,33	-10,63	152,30
12:27:30:983	exp.	5,30	-10,44	150,80
12:27:30:993	exp.	5,25	-10,26	149,30
12:27:31:003	exp.	5,15	-10,08	147,90
12:27:31:013	exp.	5,04	-9,88	146,50
12:27:31:023	exp.	4,97	-9,64	145,30
12:27:31:033	exp.	4,98	-9,35	144,10
12:27:31:043	exp.	5,03	-9,02	143,00
12:27:31:053	exp.	5,09	-8,66	142,00
12:27:31:063	exp.	5,14	-8,29	141,00
12:27:31:073	exp.	5,20	-7,91	140,00
12:27:31:083	exp.	5,24	-7,54	139,10
12:27:31:093	exp.	5,27	-7,18	138,10
12:27:31:103	exp.	5,28	-6,83	137,20
12:27:31:113	exp.	5,28	-6,50	136,20
12:27:31:123	exp.	5,23	-6,22	135,30
12:27:31:133	exp.	5,20	-6,01	134,40
12:27:31:143	exp.	5,17	-5,86	133,50
12:27:31:153	exp.	5,16	-5,76	132,60
12:27:31:163	exp.	5,16	-5,68	131,70
12:27:31:173	exp.	5,16	-5,60	130,90
12:27:31:183	exp.	5,16	-5,53	130,00
12:27:31:193	exp.	5,16	-5,45	129,20
12:27:31:203	exp.	5,16	-5,38	128,30
12:27:31:213	exp.	5,14	-5,32	127,50
12:27:31:223	exp.	5,12	-5,27	126,70
12:27:31:233	exp.	5,11	-5,20	126,00
12:27:31:243	exp.	5,11	-5,11	125,30
12:27:31:253	exp.	5,14	-5,01	124,60
12:27:31:263	exp.	5,17	-4,89	123,90
12:27:31:273	exp.	5,18	-4,76	123,20
12:27:31:283	exp.	5,19	-4,64	122,60
12:27:31:293	exp.	5,22	-4,52	121,90
12:27:31:303	exp.	5,24	-4,40	121,20
12:27:31:313	exp.	5,27	-4,29	120,50
12:27:31:323	exp.	5,31	-4,18	119,90
12:27:31:333	exp.	5,34	-4,10	119,10
12:27:31:343	exp.	5,34	-4,06	118,40
12:27:31:353	exp.	5,33	-4,06	117,60
12:27:31:363	exp.	5,31	-4,10	116,80
12:27:31:373	exp.	5,32	-4,18	116,00
12:27:31:383	exp.	5,34	-4,27	115,20
12:27:31:393	exp.	5,34	-4,38	114,30
12:27:31:403	exp.	5,31	-4,49	113,40
12:27:31:413	exp.	5,25	-4,62	112,60
12:27:31:423	exp.	5,20	-4,75	111,80
12:27:31:433	exp.	5,15	-4,86	110,90
12:27:31:443	exp.	5,13	-4,94	110,20
12:27:31:453	exp.	5,11	-4,98	109,50
12:27:31:463	exp.	5,10	-4,96	108,80
12:27:31:473	exp.	5,09	-4,91	108,10
12:27:31:483	exp.	5,07	-4,83	107,50
12:27:31:493	exp.	5,04	-4,71	107,00
12:27:31:503	exp.	4,98	-4,55	106,50
12:27:31:513	exp.	4,87	-4,36	106,00
12:27:31:523	exp.	4,76	-4,13	105,70
12:27:31:533	exp.	4,69	-3,85	105,50
12:27:31:543	exp.	4,69	-3,50	105,30
12:27:31:553	exp.	4,72	-3,12	105,20
12:27:31:563	exp.	4,75	-2,72	105,20
12:27:31:573	exp.	4,78	-2,31	105,20
12:27:31:583	exp.	4,79	-1,93	105,10
12:27:31:593	exp.	4,80	-1,58	105,10
12:27:31:603	exp.	4,82	-1,26	105,00
12:27:31:613	exp.	4,83	-0,95	105,00
12:27:31:623	exp.	4,82	-0,67	105,00
12:27:31:633	exp.	4,78	-0,42	105,00
12:27:31:643	exp.	4,75	-0,24	105,00
12:27:31:653	exp.	4,73	-0,13	105,00
12:27:31:663	exp.	4,73	-0,05	105,00
12:27:31:673	exp.	4,77	0,01	105,00
12:27:31:683	exp.	4,81	0,08	105,00
12:27:31:693	exp.	4,85	0,16	105,00
12:27:31:703	exp.	4,88	0,22	105,00
12:27:31:713	exp.	4,89	0,25	105,00
12:27:31:723	exp.	4,91	0,26	105,00
12:27:31:733	exp.	4,94	0,25	105,00
12:27:31:743	exp.	4,98	0,23	105,00
12:27:31:753	exp.	5,03	0,22	105,00
12:27:31:763	exp.	5,09	0,19	105,00
12:27:31:773	exp.	5,15	0,13	104,90
12:27:31:783	exp.	5,20	0,04	104,80
12:27:31:793	exp.	5,25	-0,07	104,60
12:27:31:803	exp.	5,29	-0,17	104,50
12:27:31:813	exp.	5,32	-0,29	104,30
12:27:31:823	exp.	5,34	-0,40	104,00
12:27:31:833	exp.	5,35	-0,52	103,80
12:27:31:843	exp.	5,36	-0,65	103,60
12:27:31:853	exp.	5,36	-0,79	103,30
12:27:31:863	exp.	5,35	-0,95	103,00
12:27:31:873	exp.	5,36	-1,11	102,60
12:27:31:883	exp.	5,37	-1,26	102,30
12:27:31:893	exp.	5,38	-1,42	101,80
12:27:31:903	exp.	5,38	-1,57	101,40
12:27:31:913	exp.	5,35	-1,74	100,90
12:27:31:923	exp.	5,32	-1,93	100,40
12:27:31:933	exp.	5,28	-2,12	99,80
12:27:31:943	exp.	5,26	-2,31	99,30
12:27:31:953	exp.	5,25	-2,49	98,80
12:27:31:963	exp.	5,26	-2,65	98,30
12:27:31:973	exp.	5,27	-2,78	97,70
12:27:31:983	exp.	5,28	-2,90	97,20
12:27:31:993	exp.	5,27	-3,01	96,70
12:27:32:003	exp.	5,24	-3,10	96,10
12:27:32:013	exp.	5,15	-3,17	95,60
12:27:32:023	exp.	5,03	-3,20	95,20
12:27:32:033	exp.	4,94	-3,19	94,80
12:27:32:043	exp.	4,91	-3,13	94,50
12:27:32:053	exp.	4,95	-3,01	94,30
12:27:32:063	exp.	5,00	-2,85	94,00
12:27:32:073	exp.	5,03	-2,66	93,90
12:27:32:083	exp.	5,01	-2,47	93,70
12:27:32:093	exp.	4,98	-2,25	93,60
12:27:32:103	exp.	4,95	-2,02	93,50
12:27:32:113	exp.	4,93	-1,75	93,40
12:27:32:123	exp.	4,89	-1,46	93,40
12:27:32:133	exp.	4,80	-1,18	93,40
12:27:32:143	exp.	4,63	-0,93	93,40
12:27:32:153	exp.	4,40	-0,73	93,40
12:27:32:163	exp.	4,11	-0,54	93,40
12:27:32:175	insp.	3,76	-0,32	0,40	Pression
12:27:32:183	insp.	3,41	-0,01	1,10
12:27:32:193	insp.	3,04	0,43	1,80
12:27:32:203	insp.	3,04	0,92	2,80
12:27:32:213	insp.	4,45	1,44	4,10
12:27:32:223	insp.	6,02	2,03	5,90
12:27:32:233	insp.	5,99	2,71	8,70
12:27:32:243	insp.	5,38	3,72	12,70
12:27:32:253	insp.	5,92	5,54	17,80
12:27:32:263	insp.	6,82	8,30	23,70
12:27:32:273	insp.	7,05	11,77	30,40
12:27:32:283	insp.	7,11	15,67	38,10
12:27:32:293	insp.	7,67	19,89	46,10
12:27:32:304	insp.	8,21	24,30	54,00
12:27:32:313	insp.	8,41	28,61	62,30
12:27:32:323	insp.	8,62	32,90	71,10
12:27:32:333	insp.	9,04	37,42	80,00
12:27:32:343	insp.	9,34	41,81	89,00
12:27:32:353	insp.	9,47	45,40	98,20
12:27:32:363	insp.	9,66	48,06	107,60
12:27:32:373	insp.	9,88	50,10	117,00
12:27:32:383	insp.	10,04	51,67	126,40
12:27:32:393	insp.	10,15	52,78	135,90
12:27:32:403	insp.	10,26	53,65	145,40
12:27:32:413	insp.	10,38	54,61	154,90
12:27:32:423	insp.	10,46	55,49	164,30
12:27:32:433	insp.	10,48	56,00	173,70
12:27:32:443	insp.	10,54	56,26	183,10
12:27:32:453	insp.	10,64	56,51	192,40
12:27:32:463	insp.	10,68	56,68	201,70
12:27:32:473	insp.	10,71	56,66	210,90
12:27:32:483	insp.	10,77	56,53	220,00
12:27:32:493	insp.	10,85	56,37	229,00
12:27:32:503	insp.	10,82	56,13	238,00
12:27:32:513	insp.	10,80	55,79	246,80
12:27:32:523	insp.	10,78	55,41	255,60
12:27:32:533	insp.	10,74	55,02	264,30
12:27:32:543	insp.	10,72	54,61	273,00
12:27:32:553	insp.	10,77	54,16	281,50
12:27:32:563	insp.	10,84	53,71	290,00
12:27:32:573	insp.	10,89	53,26	298,40
12:27:32:583	insp.	10,95	52,78	306,70
12:27:32:593	insp.	11,05	52,28	314,90
12:27:32:603	insp.	11,13	51,79	322,90
12:27:32:613	insp.	11,17	51,27	330,90
12:27:32:623	insp.	11,19	50,74	338,70
12:27:32:633	insp.	11,20	50,18	346,40
12:27:32:643	insp.	11,20	49,61	354,10
12:27:32:653	insp.	11,18	49,00	361,60
12:27:32:663	insp.	11,16	48,36	369,00
12:27:32:673	insp.	11,15	47,72	376,30
12:27:32:683	insp.	11,14	47,08	383,60
12:27:32:693	insp.	11,14	46,44	390,70
12:27:32:703	insp.	11,12	45,80	397,70
12:27:32:713	insp.	11,09	45,16	404,60
12:27:32:723	insp.	11,09	44,55	411,50
12:27:32:733	insp.	11,11	43,94	418,20
12:27:32:743	insp.	11,10	43,33	424,80
12:27:32:753	insp.	11,08	42,74	431,40
12:27:32:763	insp.	11,10	42,15	437,80
12:27:32:773	insp.	11,11	41,57	444,20
12:27:32:783	insp.	11,12	40,99	450,50
12:27:32:793	insp.	11,17	40,42	456,70
12:27:32:803	insp.	11,21	39,88	462,80
12:27:32:813	insp.	11,24	39,34	468,80
12:27:32:823	insp.	11,26	38,78	474,70
12:27:32:833	insp.	11,26	38,22	480,50
12:27:32:843	insp.	11,29	37,66	486,20
12:27:32:853	insp.	11,30	37,10	491,80
12:27:32:863	insp.	11,29	36,53	497,30
12:27:32:873	insp.	11,29	35,96	502,80
12:27:32:883	insp.	11,30	35,42	508,10
12:27:32:893	insp.	11,31	34,85	513,30
12:27:32:903	insp.	11,31	34,27	518,50
12:27:32:913	insp.	11,31	33,69	523,50
12:27:32:923	insp.	11,31	33,12	528,50
12:27:32:933	insp.	11,30	32,56	533,30
12:27:32:943	insp.	11,29	31,99	538,10
12:27:32:953	insp.	11,30	31,42	542,80
12:27:32:963	insp.	11,30	30,86	547,30
12:27:32:973	insp.	11,31	30,30	551,80
12:27:32:983	insp.	11,30	29,72	556,20
12:27:32:993	insp.	11,27	29,15	560,50
12:27:33:003	insp.	11,23	28,59	564,80
12:27:33:013	insp.	11,18	28,03	568,90
12:27:33:023	insp.	11,13	27,49	573,10
12:27:33:033	insp.	11,09	26,97	577,10
12:27:33:043	insp.	11,06	26,48	581,10
12:27:33:053	insp.	11,06	26,01	585,10
12:27:33:063	insp.	11,09	25,56	588,90
12:27:33:073	insp.	11,16	25,14	592,70
12:27:33:083	insp.	11,23	24,73	596,50
12:27:33:093	insp.	11,30	24,34	600,10
12:27:33:103	insp.	11,35	23,94	603,70
12:27:33:113	insp.	11,39	23,54	607,20
12:27:33:123	exp.	11,45	23,14	610,50
12:27:33:133	exp.	11,44	22,73	613,80
12:27:33:143	exp.	9,97	22,31	617,00
12:27:33:153	exp.	9,49	21,93	619,90
12:27:33:163	exp.	9,19	21,71	621,60
12:27:33:173	exp.	8,66	21,16	622,10
12:27:33:183	exp.	8,28	19,93	621,20
12:27:33:194	exp.	7,88	17,74	619,00
12:27:33:203	exp.	7,37	14,48	615,30
12:27:33:213	exp.	7,06	10,18	610,40
12:27:33:223	exp.	7,09	5,11	605,00
12:27:33:233	exp.	7,15	-0,34	599,30
12:27:33:243	exp.	6,97	-5,84	593,30
12:27:33:253	exp.	6,94	-11,53	587,20
12:27:33:263	exp.	7,17	-17,36	581,00
12:27:33:273	exp.	7,41	-22,87	574,70
12:27:33:283	exp.	7,53	-27,70	568,30
12:27:33:293	exp.	7,57	-31,58	561,90
12:27:33:303	exp.	7,60	-34,35	555,40
12:27:33:313	exp.	7,62	-36,10	548,70
12:27:33:323	exp.	7,57	-37,14	542,00
12:27:33:333	exp.	7,51	-37,79	535,20
12:27:33:343	exp.	7,45	-38,39	528,40
12:27:33:353	exp.	7,36	-38,82	521,50
12:27:33:363	exp.	7,26	-39,27	514,70
12:27:33:373	exp.	7,18	-39,70	508,00
12:27:33:383	exp.	7,14	-40,07	501,30
12:27:33:393	exp.	7,14	-40,31	494,80
12:27:33:403	exp.	7,19	-40,45	488,40
12:27:33:413	exp.	7,22	-40,43	482,10
12:27:33:423	exp.	7,21	-40,22	476,00
12:27:33:433	exp.	7,20	-39,89	469,90
12:27:33:443	exp.	7,20	-39,51	463,80
12:27:33:453	exp.	7,17	-39,06	457,80
12:27:33:463	exp.	7,08	-38,54	451,90
12:27:33:473	exp.	6,95	-37,98	446,10
12:27:33:483	exp.	6,88	-37,39	440,40
12:27:33:493	exp.	6,83	-36,80	434,80
12:27:33:503	exp.	6,82	-36,22	429,20
12:27:33:513	exp.	6,80	-35,70	423,70
12:27:33:523	exp.	6,74	-35,23	418,20
12:27:33:533	exp.	6,66	-34,79	412,80
12:27:33:543	exp.	6,60	-34,41	407,40
12:27:33:553	exp.	6,53	-34,06	402,00
12:27:33:563	exp.	6,48	-33,70	396,70
12:27:33:573	exp.	6,45	-33,31	391,60
12:27:33:583	exp.	6,46	-32,92	386,50
12:27:33:593	exp.	6,53	-32,53	381,40
12:27:33:603	exp.	6,59	-32,18	376,30
12:27:33:613	exp.	6,61	-31,87	371,30
12:27:33:623	exp.	6,61	-31,57	366,40
12:27:33:633	exp.	6,59	-31,27	361,50
12:27:33:643	exp.	6,59	-30,95	356,50
12:27:33:653	exp.	6,58	-30,62	351,70
12:27:33:663	exp.	6,51	-30,31	346,80
12:27:33:673	exp.	6,42	-30,03	342,00
12:27:33:683	exp.	6,35	-29,80	337,30
12:27:33:693	exp.	6,31	-29,60	332,60
12:27:33:703	exp.	6,28	-29,41	328,00
12:27:33:713	exp.	6,27	-29,18	323,40
12:27:33:723	exp.	6,26	-28,90	318,90
12:27:33:733	exp.	6,22	-28,61	314,50
12:27:33:743	exp.	6,14	-28,33	310,10
12:27:33:753	exp.	6,06	-28,06	305,70
12:27:33:763	exp.	5,98	-27,76	301,50
12:27:33:773	exp.	5,91	-27,43	297,30
12:27:33:783	exp.	5,88	-27,06	293,30
12:27:33:793	exp.	5,85	-26,66	289,30
12:27:33:803	exp.	5,81	-26,23	285,40
12:27:33:813	exp.	5,77	-25,80	281,60
12:27:33:823	exp.	5,75	-25,38	277,90
12:27:33:833	exp.	5,75	-24,94	274,20
12:27:33:843	exp.	5,74	-24,45	270,70
12:27:33:853	exp.	5,73	-23,92	267,30
12:27:33:863	exp.	5,72	-23,37	263,90
12:27:33:873	exp.	5,71	-22,81	260,60
12:27:33:883	exp.	5,69	-22,27	257,40
12:27:33:893	exp.	5,67	-21,73	254,30
12:27:33:903	exp.	5,67	-21,22	251,20
12:27:33:913	exp.	5,69	-20,72	248,10
12:27:33:923	exp.	5,69	-20,26	245,10
12:27:33:933	exp.	5,67	-19,82	242,10
12:27:33:943	exp.	5,64	-19,43	239,10
12:27:33:953	exp.	5,62	-19,07	236,20
12:27:33:963	exp.	5,60	-18,76	233,30
12:27:33:973	exp.	5,60	-18,46	230,50
12:27:33:983	exp.	5,62	-18,17	227,80
12:27:33:993	exp.	5,61	-17,90	225,00
12:27:34:003	exp.	5,59	-17,65	222,30
12:27:34:013	exp.	5,57	-17,42	219,70
12:27:34:023	exp.	5,55	-17,19	217,10
12:27:34:033	exp.	5,49	-16,94	214,50
12:27:34:043	exp.	5,40	-16,70	212,00
12:27:34:053	exp.	5,33	-16,43	209,60
12:27:34:063	exp.	5,30	-16,14	207,30
12:27:34:073	exp.	5,30	-15,82	205,00
12:27:34:083	exp.	5,33	-15,49	202,90
12:27:34:093	exp.	5,37	-15,14	200,70
12:27:34:103	exp.	5,45	-14,76	198,70
12:27:34:113	exp.	5,53	-14,37	196,60
12:27:34:123	exp.	5,58	-14,00	194,50
12:27:34:133	exp.	5,61	-13,65	192,40
12:27:34:143	exp.	5,61	-13,32	190,30
12:27:34:153	exp.	5,60	-13,04	188,30
12:27:34:163	exp.	5,57	-12,82	186,20
12:27:34:173	exp.	5,52	-12,67	184,10
12:27:34:183	exp.	5,49	-12,55	182,00
12:27:34:193	exp.	5,48	-12,48	180,00
12:27:34:203	exp.	5,47	-12,44	177,90
12:27:34:213	exp.	5,46	-12,43	175,90
12:27:34:223	exp.	5,46	-12,43	173,80
12:27:34:233	exp.	5,46	-12,42	171,80
12:27:34:243	exp.	5,43	-12,40	169,80
12:27:34:253	exp.	5,42	-12,38	167,80
12:27:34:263	exp.	5,42	-12,32	165,90
12:27:34:273	exp.	5,44	-12,24	163,90
12:27:34:283	exp.	5,45	-12,15	162,00
12:27:34:293	exp.	5,45	-12,07	160,10
12:27:34:303	exp.	5,46	-11,98	158,20
12:27:34:313	exp.	5,49	-11,88	156,30
12:27:34:323	exp.	5,52	-11,78	154,40
12:27:34:333	exp.	5,57	-11,68	152,50
12:27:34:343	exp.	5,60	-11,59	150,60
12:27:34:353	exp.	5,63	-11,51	148,60
12:27:34:363	exp.	5,64	-11,48	146,60
12:27:34:373	exp.	5,64	-11,49	144,60
12:27:34:383	exp.	5,64	-11,53	142,60
12:27:34:393	exp.	5,60	-11,58	140,60
12:27:34:403	exp.	5,60	-11,65	138,60
12:27:34:413	exp.	5,60	-11,72	136,50
12:27:34:423	exp.	5,61	-11,80	134,50
12:27:34:433	exp.	5,61	-11,90	132,40
12:27:34:443	exp.	5,58	-12,01	130,40
12:27:34:453	exp.	5,56	-12,11	128,30
12:27:34:463	exp.	5,55	-12,19	126,20
12:27:34:473	exp.	5,54	-12,26	124,20
12:27:34:483	exp.	5,54	-12,29	122,10
12:27:34:493	exp.	5,52	-12,31	120,10
12:27:34:503	exp.	5,49	-12,31	118,10
12:27:34:513	exp.	5,49	-12,30	116,20
12:27:34:523	exp.	5,49	-12,27	114,20
12:27:34:533	exp.	5,46	-12,23	112,30
12:27:34:543	exp.	5,39	-12,16	110,40
12:27:34:553	exp.	5,30	-12,07	108,60
12:27:34:563	exp.	5,24	-11,95	106,80
12:27:34:573	exp.	5,21	-11,79	105,10
12:27:34:583	exp.	5,23	-11,60	103,50
12:27:34:593	exp.	5,26	-11,36	101,90
12:27:34:603	exp.	5,32	-11,08	100,40
12:27:34:613	exp.	5,37	-10,80	98,90
12:27:34:623	exp.	5,39	-10,52	97,40
12:27:34:633	exp.	5,42	-10,22	96,00
12:27:34:643	exp.	5,43	-9,93	94,50
12:27:34:653	exp.	5,43	-9,63	93,10
12:27:34:663	exp.	5,41	-9,35	91,80
12:27:34:673	exp.	5,36	-9,10	90,40
12:27:34:683	exp.	5,33	-8,89	89,10
12:27:34:693	exp.	5,31	-8,71	87,70
12:27:34:703	exp.	5,30	-8,56	86,40
12:27:34:713	exp.	5,28	-8,42	85,20
12:27:34:723	exp.	5,27	-8,29	83,90
12:27:34:733	exp.	5,27	-8,16	82,60
12:27:34:743	exp.	5,27	-8,04	81,40
12:27:34:753	exp.	5,27	-7,93	80,20
12:27:34:763	exp.	5,23	-7,83	79,00
12:27:34:773	exp.	5,20	-7,72	77,80
12:27:34:783	exp.	5,18	-7,61	76,70
12:27:34:793	exp.	5,18	-7,49	75,70
12:27:34:803	exp.	5,21	-7,34	74,60
12:27:34:813	exp.	5,24	-7,18	73,60
12:27:34:823	exp.	5,27	-7,02	72,60
12:27:34:833	exp.	5,29	-6,86	71,50
12:27:34:843	exp.	5,29	-6,72	70,50
12:27:34:853	exp.	5,32	-6,59	69,50
12:27:34:863	exp.	5,35	-6,45	68,50
12:27:34:873	exp.	5,37	-6,33	67,50
12:27:34:883	exp.	5,38	-6,23	66,40
12:27:34:893	exp.	5,38	-6,16	65,40
12:27:34:903	exp.	5,37	-6,12	64,30
12:27:34:913	exp.	5,37	-6,13	63,30
12:27:34:923	exp.	5,38	-6,14	62,20
12:27:34:933	exp.	5,39	-6,17	61,10
12:27:34:943	exp.	5,39	-6,20	60,00
12:27:34:953	exp.	5,38	-6,25	58,90
12:27:34:963	exp.	5,37	-6,31	57,80
12:27:34:973	exp.	5,37	-6,38	56,70
12:27:34:983	exp.	5,37	-6,44	55,60
12:27:34:993	exp.	5,37	-6,50	54,50
12:27:35:003	exp.	5,39	-6,55	53,40
12:27:35:013	exp.	5,39	-6,58	52,30
12:27:35:023	exp.	5,40	-6,61	51,20
12:27:35:033	exp.	5,40	-6,63	50,10
12:27:35:043	exp.	5,36	-6,65	49,00
12:27:35:053	exp.	5,27	-6,66	47,90
12:27:35:063	exp.	5,14	-6,66	46,90
12:27:35:073	exp.	5,06	-6,62	46,00
12:27:35:083	exp.	5,05	-6,53	45,10
12:27:35:093	exp.	5,09	-6,39	44,30
12:27:35:103	exp.	5,16	-6,23	43,50
12:27:35:113	exp.	5,22	-6,04	42,70
12:27:35:123	exp.	5,26	-5,85	41,90
12:27:35:133	exp.	5,28	-5,66	41,10
12:27:35:143	exp.	5,31	-5,46	40,40
12:27:35:153	exp.	5,34	-5,26	39,60
12:27:35:163	exp.	5,34	-5,05	38,80
12:27:35:173	exp.	5,32	-4,87	38,00
12:27:35:183	exp.	5,26	-4,76	37,20
12:27:35:193	exp.	5,23	-4,72	36,40
12:27:35:203	exp.	5,21	-4,72	35,60
12:27:35:213	exp.	5,20	-4,73	34,80
12:27:35:223	exp.	5,20	-4,74	34,00
12:27:35:233	exp.	5,23	-4,73	33,30
12:27:35:243	exp.	5,24	-4,73	32,50
12:27:35:253	exp.	5,22	-4,73	31,70
12:27:35:263	exp.	5,19	-4,74	31,00
12:27:35:273	exp.	5,15	-4,74	30,20
12:27:35:283	exp.	5,11	-4,72	29,50
12:27:35:293	exp.	5,09	-4,66	28,90
12:27:35:303	exp.	5,10	-4,58	28,30
12:27:35:313	exp.	5,12	-4,47	27,70
12:27:35:323	exp.	5,14	-4,36	27,10
12:27:35:333	exp.	5,16	-4,24	26,50
12:27:35:343	exp.	5,17	-4,10	26,00
12:27:35:353	exp.	5,22	-3,96	25,40
12:27:35:363	exp.	5,26	-3,82	24,90
12:27:35:373	exp.	5,30	-3,68	24,30
12:27:35:383	exp.	5,32	-3,56	23,70
12:27:35:393	exp.	5,32	-3,47	23,10
12:27:35:403	exp.	5,31	-3,43	22,40
12:27:35:413	exp.	5,30	-3,44	21,80
12:27:35:423	exp.	5,31	-3,47	21,10
12:27:35:433	exp.	5,33	-3,53	20,40
12:27:35:443	exp.	5,34	-3,62	19,60
12:27:35:453	exp.	5,34	-3,73	18,90
12:27:35:463	exp.	5,32	-3,85	18,10
12:27:35:473	exp.	5,29	-3,98	17,40
12:27:35:483	exp.	5,28	-4,12	16,60
12:27:35:493	exp.	5,27	-4,22	15,90
12:27:35:503	exp.	5,27	-4,30	15,20
12:27:35:513	exp.	5,26	-4,34	14,50
12:27:35:523	exp.	5,26	-4,37	13,70
12:27:35:533	exp.	5,22	-4,40	13,00
12:27:35:543	exp.	5,18	-4,43	12,30
12:27:35:553	exp.	5,09	-4,44	11,70
12:27:35:563	exp.	4,96	-4,42	11,10
12:27:35:573	exp.	4,83	-4,37	10,60
12:27:35:583	exp.	4,76	-4,25	10,20
12:27:35:593	exp.	4,74	-4,06	9,90
12:27:35:603	exp.	4,77	-3,82	9,70
12:27:35:613	exp.	4,81	-3,51	9,50
12:27:35:623	exp.	4,84	-3,17	9,40
12:27:35:633	exp.	4,86	-2,81	9,20
12:27:35:643	exp.	4,86	-2,46	9,10
12:27:35:653	exp.	4,87	-2,11	9,00
12:27:35:663	exp.	4,86	-1,75	8,90
12:27:35:673	exp.	4,83	-1,40	8,90
12:27:35:683	exp.	4,78	-1,09	8,80
12:27:35:693	exp.	4,73	-0,85	8,80
12:27:35:703	exp.	4,71	-0,67	8,80
12:27:35:713	exp.	4,72	-0,52	8,80
12:27:35:723	exp.	4,75	-0,40	8,80
12:27:35:733	exp.	4,77	-0,28	8,80
12:27:35:743	exp.	4,79	-0,16	8,80
12:27:35:753	exp.	4,78	-0,05	8,80
12:27:35:763	exp.	4,78	0,05	8,80
12:27:35:773	exp.	4,80	0,14	8,80
12:27:35:783	exp.	4,81	0,22	8,80
12:27:35:793	exp.	4,83	0,30	8,80
12:27:35:803	exp.	4,87	0,37	8,80
12:27:35:813	exp.	4,92	0,41	8,80
12:27:35:823	exp.	4,97	0,42	8,80
12:27:35:833	exp.	5,03	0,40	8,80
12:27:35:843	exp.	5,09	0,37	8,80
12:27:35:853	exp.	5,15	0,32	8,70
12:27:35:863	exp.	5,21	0,26	8,60
12:27:35:873	exp.	5,28	0,17	8,40
12:27:35:883	exp.	5,34	0,05	8,30
12:27:35:893	exp.	5,38	-0,09	8,00
12:27:35:903	exp.	5,40	-0,27	7,80
12:27:35:913	exp.	5,41	-0,47	7,50
12:27:35:923	exp.	5,43	-0,67	7,20
12:27:35:933	exp.	5,45	-0,87	6,90
12:27:35:943	exp.	5,47	-1,07	6,50
12:27:35:953	exp.	5,49	-1,27	6,00
12:27:35:963	exp.	5,50	-1,48	5,50
12:27:35:973	exp.	5,49	-1,71	4,90
12:27:35:983	exp.	5,45	-1,98	4,20
12:27:35:993	exp.	5,43	-2,28	3,50
12:27:36:003	exp.	5,40	-2,59	2,70
12:27:36:013	exp.	5,38	-2,90	1,90
12:27:36:023	exp.	5,33	-3,23	1,10
12:27:36:033	exp.	5,30	-3,55	0,30
12:27:36:043	exp.	5,25	-3,85	-0,50
12:27:36:053	exp.	5,18	-4,12	-1,20
12:27:36:063	exp.	5,10	-4,36	-1,90
12:27:36:073	exp.	4,98	-4,53	-2,60
12:27:36:083	exp.	4,89	-4,61	-3,10
12:27:36:093	exp.	4,85	-4,57	-3,50
12:27:36:103	exp.	4,89	-4,41	-3,80
12:27:36:113	exp.	4,95	-4,14	-4,00
12:27:36:123	exp.	5,00	-3,79	-4,20
12:27:36:133	exp.	5,02	-3,40	-4,30
12:27:36:143	exp.	5,03	-3,00	-4,50
12:27:36:153	exp.	5,04	-2,60	-4,60
12:27:36:163	exp.	5,06	-2,19	-4,70
12:27:36:173	exp.	5,08	-1,79	-4,80
12:27:36:183	exp.	5,08	-1,42	-4,90
12:27:36:193	exp.	5,03	-1,12	-5,00
12:27:36:203	exp.	4,96	-0,92	-5,10
12:27:36:213	exp.	4,91	-0,80	-5,10
12:27:36:223	exp.	4,88	-0,71	-5,10
12:27:36:233	exp.	4,87	-0,62	-5,10
12:27:36:243	exp.	4,87	-0,50	-5,10
12:27:36:253	exp.	4,85	-0,38	-5,10
12:27:36:263	exp.	4,81	-0,27	-5,10
12:27:36:273	exp.	4,75	-0,19	-5,10
12:27:36:283	exp.	4,66	-0,13	-5,10
12:27:36:293	exp.	4,53	-0,04	-5,10
12:27:36:303	exp.	4,35	0,07	-5,10
12:27:36:313	exp.	4,13	0,22	-5,10
12:27:36:324	insp.	3,86	0,40	0,40	Pression
12:27:36:333	insp.	3,60	0,62	1,00
12:27:36:343	insp.	3,37	0,89	1,70
12:27:36:353	insp.	4,07	1,16	2,60
12:27:36:363	insp.	5,46	1,54	4,00
12:27:36:373	insp.	5,88	2,02	6,00
12:27:36:383	insp.	5,38	2,69	9,10
12:27:36:393	insp.	5,47	3,94	13,20
12:27:36:403	insp.	6,28	6,01	18,20
12:27:36:413	insp.	6,65	8,81	24,00
12:27:36:423	insp.	6,67	12,14	30,70
12:27:36:433	insp.	7,04	15,88	38,00
12:27:36:443	insp.	7,55	19,94	45,40
12:27:36:453	insp.	7,79	24,07	53,10
12:27:36:463	insp.	7,99	28,16	61,40
12:27:36:473	insp.	8,33	32,49	70,00
12:27:36:483	insp.	8,65	36,94	78,70
12:27:36:493	insp.	8,85	40,93	87,70
12:27:36:503	insp.	9,08	44,14	96,90
12:27:36:513	insp.	9,35	46,75	106,30
12:27:36:523	insp.	9,56	48,91	115,70
12:27:36:533	insp.	9,75	50,62	125,30
12:27:36:543	insp.	9,89	51,98	134,90
12:27:36:553	insp.	10,03	53,31	144,60
12:27:36:563	insp.	10,11	54,61	154,20
12:27:36:573	insp.	10,15	55,61	164,00
12:27:36:583	insp.	10,22	56,30	173,70
12:27:36:593	insp.	10,26	56,88	183,40
12:27:36:603	insp.	10,33	57,40	193,10
12:27:36:613	insp.	10,44	57,74	202,70
12:27:36:623	insp.	10,56	57,93	212,30
12:27:36:633	insp.	10,68	58,05	221,80
12:27:36:643	insp.	10,81	58,09	231,20
12:27:36:653	insp.	10,94	57,99	240,50
12:27:36:663	insp.	11,03	57,80	249,70
12:27:36:673	insp.	11,09	57,55	258,80
12:27:36:683	insp.	11,11	57,20	267,80
12:27:36:693	insp.	11,11	56,77	276,60
12:27:36:703	insp.	11,11	56,27	285,40
12:27:36:713	insp.	11,10	55,73	294,10
12:27:36:723	insp.	11,08	55,15	302,60
12:27:36:733	insp.	11,09	54,53	311,00
12:27:36:743	insp.	11,09	53,89	319,30
12:27:36:753	insp.	11,09	53,24	327,50
12:27:36:763	insp.	11,09	52,57	335,60
12:27:36:773	insp.	11,09	51,89	343,60
12:27:36:783	insp.	11,09	51,22	351,40
12:27:36:793	insp.	11,08	50,54	359,20
12:27:36:803	insp.	11,07	49,87	366,90
12:27:36:813	insp.	11,06	49,20	374,40
12:27:36:823	insp.	11,06	48,53	381,90
12:27:36:833	insp.	11,09	47,87	389,20
12:27:36:843	insp.	11,11	47,23	396,50
12:27:36:853	insp.	11,14	46,59	403,70
12:27:36:863	insp.	11,18	45,97	410,70
12:27:36:873	insp.	11,18	45,36	417,70
12:27:36:883	insp.	11,20	44,75	424,50
12:27:36:893	insp.	11,22	44,14	431,30
12:27:36:903	insp.	11,25	43,54	437,90
12:27:36:913	insp.	11,29	42,94	444,40
12:27:36:923	insp.	11,29	42,32	450,80
12:27:36:933	insp.	11,28	41,70	457,20
12:27:36:943	insp.	11,29	41,06	463,40
12:27:36:953	insp.	11,26	40,43	469,50
12:27:36:963	insp.	11,25	39,79	475,50
12:27:36:973	insp.	11,26	39,17	481,40
12:27:36:983	insp.	11,27	38,56	487,20
12:27:36:993	insp.	11,27	37,94	492,90
12:27:37:003	insp.	11,29	37,31	498,50
12:27:37:013	insp.	11,34	36,69	504,00
12:27:37:023	insp.	11,33	36,06	509,40
12:27:37:033	insp.	11,28	35,44	514,70
12:27:37:043	insp.	11,27	34,81	519,90
12:27:37:053	insp.	11,24	34,21	525,00
12:27:37:063	insp.	11,21	33,61	530,10
12:27:37:073	insp.	11,17	33,02	535,00
12:27:37:083	insp.	11,12	32,44	539,90
12:27:37:093	insp.	11,09	31,88	544,80
12:27:37:103	insp.	11,08	31,34	549,50
12:27:37:113	insp.	11,09	30,82	554,20
12:27:37:123	insp.	11,15	30,33	558,80
12:27:37:133	insp.	11,22	29,88	563,40
12:27:37:143	insp.	11,31	29,43	567,80
12:27:37:153	insp.	11,36	28,97	572,10
12:27:37:163	insp.	11,38	28,51	576,40
12:27:37:173	insp.	11,42	28,03	580,50
12:27:37:183	insp.	11,46	27,56	584,60
12:27:37:193	insp.	11,48	27,06	588,50
12:27:37:203	insp.	11,50	26,56	592,40
12:27:37:213	insp.	11,53	26,04	596,20
12:27:37:223	insp.	11,54	25,49	599,80
12:27:37:233	exp.	11,55	24,91	603,40
12:27:37:243	exp.	11,52	24,31	606,80
12:27:37:253	exp.	10,47	23,72	610,10
12:27:37:263	exp.	9,57	23,18	613,20
12:27:37:273	exp.	9,24	22,82	615,20
12:27:37:283	exp.	8,69	22,25	616,00
12:27:37:293	exp.	8,26	21,06	615,40
12:27:37:305	exp.	7,85	18,97	613,50
12:27:37:313	exp.	7,35	15,79	610,20
12:27:37:323	exp.	6,98	11,58	605,70
12:27:37:333	exp.	6,97	6,60	600,60
12:27:37:343	exp.	7,05	1,22	595,20
12:27:37:353	exp.	7,03	-4,16	589,50
12:27:37:363	exp.	7,02	-9,64	583,80
12:27:37:373	exp.	7,14	-15,33	577,80
12:27:37:383	exp.	7,30	-20,83	571,80
12:27:37:393	exp.	7,42	-25,72	565,70
12:27:37:403	exp.	7,48	-29,70	559,50
12:27:37:413	exp.	7,45	-32,57	553,30
12:27:37:423	exp.	7,30	-34,39	547,20
12:27:37:433	exp.	7,19	-35,38	541,10
12:27:37:443	exp.	7,18	-35,87	535,00
12:27:37:453	exp.	7,24	-36,25	528,90
12:27:37:463	exp.	7,23	-36,48	522,80
12:27:37:473	exp.	7,21	-36,61	516,80
12:27:37:483	exp.	7,17	-36,69	510,80
12:27:37:493	exp.	7,13	-36,71	504,80
12:27:37:503	exp.	7,10	-36,68	498,90
12:27:37:513	exp.	7,09	-36,59	493,10
12:27:37:523	exp.	7,07	-36,35	487,40
12:27:37:533	exp.	7,00	-36,04	481,70
12:27:37:543	exp.	6,95	-35,72	476,10
12:27:37:553	exp.	6,95	-35,45	470,50
12:27:37:563	exp.	6,94	-35,18	464,90
12:27:37:573	exp.	6,87	-34,92	459,40
12:27:37:583	exp.	6,75	-34,63	453,90
12:27:37:593	exp.	6,67	-34,30	448,50
12:27:37:603	exp.	6,65	-33,93	443,10
12:27:37:613	exp.	6,62	-33,59	437,80
12:27:37:623	exp.	6,58	-33,32	432,50
12:27:37:632	exp.	6,59	-33,05	427,30
12:27:37:643	exp.	6,64	-32,78	422,10
12:27:37:653	exp.	6,67	-32,53	416,90
12:27:37:663	exp.	6,66	-32,29	411,80
12:27:37:673	exp.	6,63	-32,03	406,70
12:27:37:683	exp.	6,59	-31,76	401,70
12:27:37:693	exp.	6,60	-31,48	396,60
12:27:37:703	exp.	6,61	-31,22	391,60
12:27:37:713	exp.	6,61	-30,96	386,70
12:27:37:723	exp.	6,57	-30,72	381,70
12:27:37:733	exp.	6,55	-30,52	376,80
12:27:37:743	exp.	6,48	-30,37	371,80
12:27:37:753	exp.	6,39	-30,23	367,00
12:27:37:763	exp.	6,29	-30,08	362,20
12:27:37:773	exp.	6,22	-29,90	357,50
12:27:37:783	exp.	6,20	-29,69	352,80
12:27:37:793	exp.	6,21	-29,45	348,20
12:27:37:803	exp.	6,20	-29,20	343,70
12:27:37:813	exp.	6,13	-28,94	339,20
12:27:37:823	exp.	6,08	-28,66	334,90
12:27:37:833	exp.	6,07	-28,35	330,50
12:27:37:843	exp.	6,04	-28,00	326,30
12:27:37:853	exp.	5,99	-27,59	322,10
12:27:37:863	exp.	5,95	-27,14	318,10
12:27:37:873	exp.	5,89	-26,68	314,10
12:27:37:883	exp.	5,90	-26,23	310,20
12:27:37:893	exp.	5,91	-25,79	306,40
12:27:37:903	exp.	5,92	-25,35	302,60
12:27:37:913	exp.	5,88	-24,89	298,90
12:27:37:923	exp.	5,84	-24,43	295,30
12:27:37:933	exp.	5,83	-23,96	291,80
12:27:37:943	exp.	5,84	-23,48	288,30
12:27:37:953	exp.	5,86	-23,00	284,90
12:27:37:963	exp.	5,87	-22,54	281,50
12:27:37:973	exp.	5,84	-22,11	278,10
12:27:37:983	exp.	5,78	-21,73	274,80
12:27:37:993	exp.	5,75	-21,37	271,50
12:27:38:003	exp.	5,73	-21,04	268,30
12:27:38:013	exp.	5,72	-20,72	265,10
12:27:38:023	exp.	5,67	-20,41	262,00
12:27:38:033	exp.	5,64	-20,11	259,00
12:27:38:043	exp.	5,64	-19,81	256,00
12:27:38:053	exp.	5,66	-19,52	253,00
12:27:38:063	exp.	5,68	-19,25	250,10
12:27:38:073	exp.	5,69	-18,99	247,20
12:27:38:083	exp.	5,65	-18,71	244,30
12:27:38:093	exp.	5,59	-18,44	241,50
12:27:38:103	exp.	5,54	-18,18	238,70
12:27:38:113	exp.	5,49	-17,93	236,00
12:27:38:123	exp.	5,49	-17,65	233,30
12:27:38:133	exp.	5,50	-17,36	230,70
12:27:38:143	exp.	5,52	-17,08	228,10
12:27:38:153	exp.	5,57	-16,80	225,60
12:27:38:163	exp.	5,64	-16,54	223,10
12:27:38:173	exp.	5,73	-16,29	220,50
12:27:38:183	exp.	5,82	-16,06	217,90
12:27:38:193	exp.	5,88	-15,85	215,30
12:27:38:203	exp.	5,89	-15,67	212,70
12:27:38:213	exp.	5,90	-15,53	210,00
12:27:38:224	exp.	5,91	-15,48	207,30
12:27:38:233	exp.	5,91	-15,51	204,50
12:27:38:243	exp.	5,91	-15,59	201,70
12:27:38:253	exp.	5,88	-15,74	198,90
12:27:38:263	exp.	5,86	-15,91	196,10
12:27:38:273	exp.	5,86	-16,10	193,20
12:27:38:283	exp.	5,86	-16,30	190,30
12:27:38:293	exp.	5,85	-16,50	187,40
12:27:38:303	exp.	5,80	-16,68	184,60
12:27:38:313	exp.	5,75	-16,84	181,70
12:27:38:323	exp.	5,73	-16,96	178,90
12:27:38:333	exp.	5,69	-17,06	176,10
12:27:38:343	exp.	5,64	-17,11	173,30
12:27:38:353	exp.	5,59	-17,12	170,50
12:27:38:363	exp.	5,55	-17,09	167,90
12:27:38:373	exp.	5,53	-17,02	165,20
12:27:38:383	exp.	5,52	-16,93	162,60
12:27:38:393	exp.	5,53	-16,78	160,10
12:27:38:403	exp.	5,53	-16,59	157,60
12:27:38:413	exp.	5,54	-16,36	155,10
12:27:38:423	exp.	5,55	-16,12	152,70
12:27:38:433	exp.	5,54	-15,86	150,30
12:27:38:443	exp.	5,53	-15,59	148,00
12:27:38:453	exp.	5,53	-15,31	145,70
12:27:38:463	exp.	5,57	-15,03	143,40
12:27:38:473	exp.	5,57	-14,75	141,20
12:27:38:483	exp.	5,54	-14,48	139,00
12:27:38:493	exp.	5,51	-14,26	136,80
12:27:38:503	exp.	5,46	-14,05	134,60
12:27:38:513	exp.	5,41	-13,85	132,50
12:27:38:523	exp.	5,36	-13,67	130,50
12:27:38:533	exp.	5,32	-13,46	128,50
12:27:38:543	exp.	5,31	-13,24	126,60
12:27:38:553	exp.	5,30	-13,00	124,70
12:27:38:563	exp.	5,31	-12,76	122,90
12:27:38:573	exp.	5,33	-12,50	121,10
12:27:38:583	exp.	5,34	-12,22	119,40
12:27:38:593	exp.	5,29	-11,92	117,70
12:27:38:603	exp.	5,17	-11,63	116,10
12:27:38:613	exp.	5,06	-11,32	114,60
12:27:38:623	exp.	5,00	-10,98	113,20
12:27:38:633	exp.	5,01	-10,60	111,90
12:27:38:643	exp.	5,05	-10,19	110,70
12:27:38:653	exp.	5,10	-9,74	109,50
12:27:38:663	exp.	5,16	-9,29	108,40
12:27:38:673	exp.	5,21	-8,86	107,30
12:27:38:683	exp.	5,26	-8,45	106,20
12:27:38:693	exp.	5,32	-8,06	105,10
12:27:38:703	exp.	5,34	-7,68	104,00
12:27:38:713	exp.	5,34	-7,32	103,00
12:27:38:724	exp.	5,29	-7,01	101,90
12:27:38:733	exp.	5,25	-6,79	100,90
12:27:38:743	exp.	5,22	-6,63	99,80
12:27:38:753	exp.	5,21	-6,52	98,80
12:27:38:763	exp.	5,21	-6,44	97,80
12:27:38:773	exp.	5,20	-6,38	96,80
12:27:38:783	exp.	5,20	-6,32	95,80
12:27:38:793	exp.	5,19	-6,28	94,80
12:27:38:803	exp.	5,18	-6,23	93,80
12:27:38:813	exp.	5,17	-6,20	92,80
12:27:38:823	exp.	5,14	-6,15	91,90
12:27:38:833	exp.	5,12	-6,08	91,00
12:27:38:843	exp.	5,13	-6,00	90,10
12:27:38:853	exp.	5,16	-5,92	89,20
12:27:38:863	exp.	5,20	-5,82	88,30
12:27:38:873	exp.	5,24	-5,72	87,50
12:27:38:883	exp.	5,27	-5,63	86,60
12:27:38:893	exp.	5,28	-5,53	85,70
12:27:38:903	exp.	5,29	-5,44	84,90
12:27:38:913	exp.	5,31	-5,36	84,00
12:27:38:923	exp.	5,34	-5,29	83,10
12:27:38:933	exp.	5,35	-5,23	82,20
12:27:38:943	exp.	5,36	-5,20	81,30
12:27:38:953	exp.	5,36	-5,20	80,40
12:27:38:963	exp.	5,36	-5,22	79,50
12:27:38:973	exp.	5,38	-5,27	78,60
12:27:38:983	exp.	5,38	-5,32	77,60
12:27:38:993	exp.	5,38	-5,38	76,60
12:27:39:003	exp.	5,35	-5,43	75,60
12:27:39:013	exp.	5,32	-5,50	74,70
12:27:39:023	exp.	5,29	-5,57	73,70
12:27:39:033	exp.	5,27	-5,65	72,70
12:27:39:043	exp.	5,27	-5,71	71,80
12:27:39:053	exp.	5,26	-5,74	70,90
12:27:39:063	exp.	5,26	-5,75	70,00
12:27:39:073	exp.	5,26	-5,74	69,10
12:27:39:083	exp.	5,26	-5,71	68,20
12:27:39:093	exp.	5,23	-5,67	67,30
12:27:39:103	exp.	5,14	-5,63	66,50
12:27:39:113	exp.	5,01	-5,58	65,70
12:27:39:123	exp.	4,89	-5,50	65,10
12:27:39:133	exp.	4,83	-5,36	64,50
12:27:39:143	exp.	4,84	-5,15	64,00
12:27:39:153	exp.	4,89	-4,88	63,60
12:27:39:163	exp.	4,95	-4,56	63,30
12:27:39:173	exp.	5,00	-4,21	62,90
12:27:39:183	exp.	5,05	-3,86	62,60
12:27:39:193	exp.	5,11	-3,52	62,20
12:27:39:203	exp.	5,19	-3,19	61,80
12:27:39:213	exp.	5,23	-2,88	61,40
12:27:39:224	exp.	5,24	-2,60	61,10
12:27:39:233	exp.	5,22	-2,38	60,70
12:27:39:243	exp.	5,18	-2,24	60,40
12:27:39:253	exp.	5,16	-2,16	60,20
12:27:39:263	exp.	5,16	-2,10	59,90
12:27:39:273	exp.	5,16	-2,05	59,70
12:27:39:283	exp.	5,16	-1,97	59,50
12:27:39:293	exp.	5,17	-1,88	59,40
12:27:39:303	exp.	5,17	-1,78	59,20
12:27:39:313	exp.	5,17	-1,66	59,00
12:27:39:323	exp.	5,16	-1,55	58,80
12:27:39:333	exp.	5,15	-1,43	58,60
12:27:39:343	exp.	5,14	-1,31	58,50
12:27:39:353	exp.	5,16	-1,20	58,30
12:27:39:363	exp.	5,19	-1,11	58,20
12:27:39:373	exp.	5,23	-1,06	58,00
12:27:39:383	exp.	5,25	-1,03	57,80
12:27:39:393	exp.	5,26	-1,02	57,60
12:27:39:403	exp.	5,29	-1,03	57,40
12:27:39:413	exp.	5,31	-1,03	57,20
12:27:39:423	exp.	5,35	-1,04	56,90
12:27:39:433	exp.	5,38	-1,05	56,60
12:27:39:443	exp.	5,41	-1,10	56,30
12:27:39:453	exp.	5,42	-1,19	55,90
12:27:39:463	exp.	5,43	-1,33	55,40
12:27:39:473	exp.	5,43	-1,51	54,90
12:27:39:483	exp.	5,44	-1,71	54,40
12:27:39:493	exp.	5,45	-1,93	53,70
12:27:39:503	exp.	5,45	-2,17	53,10
12:27:39:513	exp.	5,42	-2,44	52,40
12:27:39:523	exp.	5,39	-2,74	51,60
12:27:39:533	exp.	5,35	-3,04	50,90
12:27:39:543	exp.	5,33	-3,35	50,10
12:27:39:553	exp.	5,33	-3,63	49,30
12:27:39:563	exp.	5,35	-3,86	48,60
12:27:39:573	exp.	5,35	-4,06	47,80
12:27:39:583	exp.	5,34	-4,22	47,00
12:27:39:593	exp.	5,30	-4,38	46,30
12:27:39:603	exp.	5,23	-4,51	45,50
12:27:39:613	exp.	5,11	-4,60	44,80
12:27:39:623	exp.	4,95	-4,64	44,20
12:27:39:633	exp.	4,85	-4,61	43,70
12:27:39:643	exp.	4,82	-4,49	43,30
12:27:39:653	exp.	4,85	-4,29	43,00
12:27:39:663	exp.	4,91	-4,03	42,70
12:27:39:673	exp.	4,94	-3,71	42,60
12:27:39:683	exp.	4,97	-3,36	42,40
12:27:39:693	exp.	4,99	-2,98	42,30
12:27:39:703	exp.	5,02	-2,58	42,20
12:27:39:713	exp.	5,08	-2,17	42,00
12:27:39:723	exp.	5,11	-1,76	41,90
12:27:39:733	exp.	5,11	-1,39	41,80
12:27:39:743	exp.	5,08	-1,12	41,70
12:27:39:753	exp.	5,04	-0,95	41,60
12:27:39:763	exp.	5,04	-0,85	41,50
12:27:39:773	exp.	5,07	-0,79	41,30
12:27:39:783	exp.	5,11	-0,73	41,20
12:27:39:793	exp.	5,14	-0,69	41,10
12:27:39:803	exp.	5,16	-0,65	41,00
12:27:39:813	exp.	5,19	-0,65	40,90
12:27:39:823	exp.	5,21	-0,68	40,70
12:27:39:833	exp.	5,22	-0,73	40,50
12:27:39:843	exp.	5,22	-0,76	40,30
12:27:39:853	exp.	5,24	-0,78	40,10
12:27:39:863	exp.	5,27	-0,80	39,90
12:27:39:873	exp.	5,30	-0,86	39,60
12:27:39:883	exp.	5,33	-0,95	39,30
12:27:39:893	exp.	5,34	-1,07	38,90
12:27:39:903	exp.	5,34	-1,23	38,50
12:27:39:913	exp.	5,36	-1,40	38,10
12:27:39:923	exp.	5,39	-1,57	37,60
12:27:39:933	exp.	5,41	-1,75	37,00
12:27:39:943	exp.	5,42	-1,94	36,40
12:27:39:953	exp.	5,41	-2,17	35,80
12:27:39:963	exp.	5,38	-2,43	35,10
12:27:39:973	exp.	5,35	-2,71	34,40
12:27:39:983	exp.	5,35	-2,99	33,70
12:27:39:993	exp.	5,35	-3,25	33,00
12:27:40:003	exp.	5,36	-3,49	32,20
12:27:40:013	exp.	5,36	-3,71	31,40
12:27:40:023	exp.	5,33	-3,94	30,60
12:27:40:033	exp.	5,29	-4,15	29,80
12:27:40:043	exp.	5,25	-4,34	29,00
12:27:40:053	exp.	5,25	-4,48	28,20
12:27:40:063	exp.	5,25	-4,58	27,50
12:27:40:073	exp.	5,27	-4,61	26,80
12:27:40:083	exp.	5,28	-4,62	26,10
12:27:40:093	exp.	5,28	-4,61	25,40
12:27:40:103	exp.	5,27	-4,58	24,70
12:27:40:113	exp.	5,22	-4,55	24,00
12:27:40:123	exp.	5,13	-4,49	23,40
12:27:40:133	exp.	5,01	-4,41	22,80
12:27:40:143	exp.	4,94	-4,30	22,30
12:27:40:153	exp.	4,93	-4,15	21,90
12:27:40:163	exp.	4,99	-3,94	21,60
12:27:40:173	exp.	5,06	-3,71	21,30
12:27:40:183	exp.	5,11	-3,46	21,00
12:27:40:193	exp.	5,12	-3,20	20,70
12:27:40:203	exp.	5,12	-2,95	20,40
12:27:40:213	exp.	5,11	-2,71	20,20
12:27:40:223	exp.	5,10	-2,44	20,00
12:27:40:233	exp.	5,06	-2,15	19,80
12:27:40:243	exp.	4,99	-1,87	19,70
12:27:40:253	exp.	4,92	-1,63	19,60
12:27:40:263	exp.	4,84	-1,46	19,50
12:27:40:273	exp.	4,75	-1,31	19,50
12:27:40:283	exp.	4,64	-1,18	19,50
12:27:40:293	exp.	4,50	-1,00	19,50
12:27:40:303	exp.	4,30	-0,77	19,50
12:27:40:313	exp.	4,04	-0,50	19,50
12:27:40:325	insp.	3,72	-0,19	0,50	Pression
12:27:40:333	insp.	3,40	0,17	1,10
12:27:40:343	insp.	3,06	0,59	1,80
12:27:40:353	insp.	3,59	1,03	2,80
12:27:40:363	insp.	5,23	1,55	4,20
12:27:40:373	insp.	6,10	2,15	6,20
12:27:40:383	insp.	5,60	2,88	9,30
12:27:40:393	insp.	5,44	4,10	13,60
12:27:40:403	insp.	6,32	6,19	18,80
12:27:40:413	insp.	6,91	9,08	24,80
12:27:40:423	insp.	6,95	12,56	31,70
12:27:40:433	insp.	7,20	16,45	39,40
12:27:40:443	insp.	7,73	20,67	47,10
12:27:40:453	insp.	8,09	24,97	55,00
12:27:40:463	insp.	8,23	29,17	63,30
12:27:40:473	insp.	8,50	33,49	72,10
12:27:40:483	insp.	8,87	38,03	81,00
12:27:40:493	insp.	9,14	42,17	90,00
12:27:40:503	insp.	9,35	45,43	99,30
12:27:40:513	insp.	9,58	47,94	108,60
12:27:40:523	insp.	9,80	49,94	118,10
12:27:40:533	insp.	9,95	51,49	127,50
12:27:40:543	insp.	10,02	52,62	137,10
12:27:40:553	insp.	10,14	53,69	146,70
12:27:40:563	insp.	10,26	54,83	156,30
12:27:40:573	insp.	10,34	55,73	165,80
12:27:40:583	insp.	10,43	56,27	175,40
12:27:40:593	insp.	10,51	56,66	184,90
12:27:40:603	insp.	10,59	57,01	194,40
12:27:40:613	insp.	10,64	57,21	203,80
12:27:40:623	insp.	10,63	57,23	213,10
12:27:40:633	insp.	10,62	57,18	222,40
12:27:40:643	insp.	10,62	57,10	231,70
12:27:40:653	insp.	10,65	56,95	240,80
12:27:40:663	insp.	10,72	56,70	249,90
12:27:40:673	insp.	10,83	56,42	258,90
12:27:40:683	insp.	10,94	56,11	267,80
12:27:40:693	insp.	11,03	55,72	276,60
12:27:40:703	insp.	11,09	55,27	285,20
12:27:40:713	insp.	11,19	54,79	293,70
12:27:40:723	insp.	11,27	54,29	302,10
12:27:40:733	insp.	11,31	53,74	310,40
12:27:40:743	insp.	11,30	53,15	318,50
12:27:40:753	insp.	11,28	52,51	326,60
12:27:40:763	insp.	11,24	51,83	334,50
12:27:40:773	insp.	11,21	51,11	342,30
12:27:40:783	insp.	11,20	50,37	350,00
12:27:40:793	insp.	11,20	49,64	357,50
12:27:40:803	insp.	11,20	48,93	365,00
12:27:40:813	insp.	11,19	48,22	372,30
12:27:40:823	insp.	11,15	47,51	379,50
12:27:40:833	insp.	11,15	46,79	386,70
12:27:40:843	insp.	11,11	46,09	393,70
12:27:40:853	insp.	11,10	45,40	400,60
12:27:40:863	insp.	11,08	44,73	407,40
12:27:40:873	insp.	11,08	44,08	414,20
12:27:40:883	insp.	11,08	43,45	420,80
12:27:40:893	insp.	11,08	42,82	427,40
12:27:40:903	insp.	11,10	42,20	433,90
12:27:40:913	insp.	11,12	41,60	440,30
12:27:40:923	insp.	11,16	41,03	446,50
12:27:40:933	insp.	11,20	40,46	452,70
12:27:40:943	insp.	11,21	39,92	458,80
12:27:40:953	insp.	11,21	39,37	464,90
12:27:40:963	insp.	11,24	38,82	470,80
12:27:40:973	insp.	11,26	38,27	476,60
12:27:40:983	insp.	11,26	37,72	482,30
12:27:40:993	insp.	11,28	37,16	488,00
12:27:41:003	insp.	11,29	36,61	493,50
12:27:41:013	insp.	11,30	36,05	498,90
12:27:41:023	insp.	11,31	35,48	504,30
12:27:41:033	insp.	11,32	34,92	509,50
12:27:41:043	insp.	11,32	34,35	514,70
12:27:41:053	insp.	11,33	33,79	519,70
12:27:41:063	insp.	11,34	33,22	524,70
12:27:41:073	insp.	11,33	32,63	529,50
12:27:41:083	insp.	11,30	32,05	534,30
12:27:41:093	insp.	11,30	31,46	538,90
12:27:41:103	insp.	11,30	30,88	543,50
12:27:41:113	insp.	11,30	30,30	548,00
12:27:41:123	insp.	11,24	29,72	552,40
12:27:41:133	insp.	11,20	29,15	556,80
12:27:41:143	insp.	11,15	28,59	561,00
12:27:41:153	insp.	11,12	28,04	565,20
12:27:41:163	insp.	11,11	27,52	569,40
12:27:41:173	insp.	11,16	27,04	573,50
12:27:41:183	insp.	11,23	26,59	577,50
12:27:41:193	insp.	11,29	26,14	581,40
12:27:41:203	insp.	11,37	25,69	585,20
12:27:41:213	insp.	11,44	25,22	588,90
12:27:41:223	insp.	11,48	24,76	592,50
12:27:41:233	insp.	11,53	24,29	596,00
12:27:41:243	exp.	11,58	23,81	599,40
12:27:41:253	exp.	11,41	23,32	602,70
12:27:41:263	exp.	9,68	22,81	605,80
12:27:41:273	exp.	9,63	22,44	608,30
12:27:41:283	exp.	9,24	22,04	609,50
12:27:41:293	exp.	8,72	21,16	609,40
12:27:41:304	exp.	8,32	19,47	607,90
12:27:41:313	exp.	7,85	16,77	605,00
12:27:41:323	exp.	7,37	12,99	600,50
12:27:41:333	exp.	7,12	8,21	595,10
12:27:41:343	exp.	7,24	2,75	589,20
12:27:41:353	exp.	7,36	-2,94	582,70
12:27:41:363	exp.	7,26	-8,81	576,00
12:27:41:373	exp.	7,05	-15,06	569,20
12:27:41:383	exp.	7,06	-21,37	562,30
12:27:41:393	exp.	7,25	-27,11	555,40
12:27:41:403	exp.	7,39	-31,97	548,60
12:27:41:413	exp.	7,39	-35,69	541,90
12:27:41:423	exp.	7,37	-38,20	535,30
12:27:41:433	exp.	7,33	-39,59	528,70
12:27:41:443	exp.	7,30	-40,24	522,20
12:27:41:453	exp.	7,21	-40,59	515,80
12:27:41:463	exp.	7,14	-40,67	509,50
12:27:41:473	exp.	7,11	-40,34	503,40
12:27:41:483	exp.	7,11	-39,84	497,30
12:27:41:493	exp.	7,10	-39,28	491,40
12:27:41:503	exp.	7,10	-38,71	485,60
12:27:41:513	exp.	7,10	-38,11	479,80
12:27:41:523	exp.	7,07	-37,53	474,20
12:27:41:533	exp.	7,07	-36,96	468,50
12:27:41:543	exp.	7,07	-36,37	462,90
12:27:41:553	exp.	7,02	-35,77	457,30
12:27:41:563	exp.	7,00	-35,23	451,80
12:27:41:573	exp.	6,96	-34,78	446,20
12:27:41:583	exp.	6,94	-34,39	440,70
12:27:41:593	exp.	6,89	-34,06	435,20
12:27:41:603	exp.	6,84	-33,79	429,70
12:27:41:613	exp.	6,80	-33,58	424,20
12:27:41:623	exp.	6,76	-33,41	418,80
12:27:41:633	exp.	6,68	-33,27	413,40
12:27:41:643	exp.	6,62	-33,14	408,10
12:27:41:653	exp.	6,55	-32,99	402,80
12:27:41:663	exp.	6,47	-32,83	397,60
12:27:41:673	exp.	6,40	-32,66	392,40
12:27:41:683	exp.	6,40	-32,45	387,40
12:27:41:693	exp.	6,43	-32,20	382,30
12:27:41:703	exp.	6,48	-31,90	377,40
12:27:41:713	exp.	6,54	-31,57	372,50
12:27:41:723	exp.	6,58	-31,23	367,60
12:27:41:733	exp.	6,59	-30,88	362,70
12:27:41:743	exp.	6,61	-30,55	357,90
12:27:41:753	exp.	6,63	-30,25	353,00
12:27:41:763	exp.	6,60	-29,95	348,20
12:27:41:773	exp.	6,57	-29,68	343,40
12:27:41:783	exp.	6,53	-29,45	338,60
12:27:41:793	exp.	6,46	-29,28	333,80
12:27:41:803	exp.	6,36	-29,15	329,10
12:27:41:813	exp.	6,29	-29,05	324,40
12:27:41:823	exp.	6,27	-28,93	319,80
12:27:41:833	exp.	6,27	-28,79	315,20
12:27:41:843	exp.	6,25	-28,64	310,60
12:27:41:853	exp.	6,20	-28,48	306,10
12:27:41:863	exp.	6,15	-28,31	301,70
12:27:41:873	exp.	6,10	-28,10	297,30
12:27:41:883	exp.	6,02	-27,88	293,00
12:27:41:893	exp.	5,97	-27,60	288,80
12:27:41:903	exp.	5,94	-27,25	284,70
12:27:41:913	exp.	5,89	-26,86	280,70
12:27:41:923	exp.	5,87	-26,46	276,80
12:27:41:933	exp.	5,87	-26,04	273,00
12:27:41:943	exp.	5,90	-25,58	269,20
12:27:41:953	exp.	5,88	-25,10	265,50
12:27:41:963	exp.	5,88	-24,61	261,90
12:27:41:973	exp.	5,91	-24,10	258,30
12:27:41:983	exp.	5,94	-23,59	254,70
12:27:41:993	exp.	5,96	-23,11	251,20
12:27:42:003	exp.	5,97	-22,69	247,70
12:27:42:013	exp.	5,99	-22,32	244,20
12:27:42:023	exp.	6,02	-22,00	240,60
12:27:42:033	exp.	6,03	-21,73	237,10
12:27:42:043	exp.	6,02	-21,53	233,60
12:27:42:053	exp.	6,02	-21,37	230,10
12:27:42:063	exp.	6,03	-21,23	226,60
12:27:42:073	exp.	6,04	-21,14	223,10
12:27:42:083	exp.	6,01	-21,09	219,60
12:27:42:093	exp.	5,98	-21,05	216,10
12:27:42:103	exp.	5,97	-21,02	212,60
12:27:42:113	exp.	5,95	-21,01	209,20
12:27:42:123	exp.	5,92	-21,01	205,70
12:27:42:133	exp.	5,88	-20,99	202,30
12:27:42:143	exp.	5,80	-20,96	198,90
12:27:42:153	exp.	5,73	-20,90	195,60
12:27:42:163	exp.	5,63	-20,84	192,40
12:27:42:173	exp.	5,55	-20,72	189,20
12:27:42:183	exp.	5,51	-20,54	186,20
12:27:42:193	exp.	5,50	-20,29	183,20
12:27:42:203	exp.	5,54	-20,00	180,30
12:27:42:213	exp.	5,58	-19,64	177,40
12:27:42:223	exp.	5,64	-19,26	174,60
12:27:42:233	exp.	5,64	-18,86	171,90
12:27:42:243	exp.	5,66	-18,45	169,20
12:27:42:253	exp.	5,66	-18,03	166,50
12:27:42:263	exp.	5,64	-17,61	163,90
12:27:42:273	exp.	5,58	-17,22	161,30
12:27:42:283	exp.	5,52	-16,86	158,80
12:27:42:293	exp.	5,49	-16,53	156,40
12:27:42:303	exp.	5,47	-16,22	154,00
12:27:42:313	exp.	5,43	-15,94	151,60
12:27:42:323	exp.	5,39	-15,66	149,30
12:27:42:333	exp.	5,38	-15,37	147,10
12:27:42:343	exp.	5,36	-15,05	144,90
12:27:42:353	exp.	5,32	-14,76	142,70
12:27:42:363	exp.	5,26	-14,45	140,70
12:27:42:373	exp.	5,19	-14,12	138,70
12:27:42:383	exp.	5,15	-13,78	136,90
12:27:42:393	exp.	5,12	-13,41	135,10
12:27:42:403	exp.	5,09	-13,02	133,40
12:27:42:413	exp.	5,06	-12,61	131,80
12:27:42:423	exp.	5,03	-12,14	130,40
12:27:42:433	exp.	5,00	-11,67	129,00
12:27:42:443	exp.	4,98	-11,15	127,70
12:27:42:453	exp.	5,00	-10,60	126,60
12:27:42:463	exp.	5,02	-10,01	125,50
12:27:42:473	exp.	5,05	-9,40	124,50
12:27:42:483	exp.	5,08	-8,80	123,50
12:27:42:493	exp.	5,09	-8,24	122,50
12:27:42:503	exp.	5,09	-7,72	121,60
12:27:42:513	exp.	5,10	-7,24	120,70
12:27:42:523	exp.	5,12	-6,82	119,80
12:27:42:533	exp.	5,15	-6,44	118,90
12:27:42:543	exp.	5,18	-6,11	118,10
12:27:42:553	exp.	5,19	-5,84	117,20
12:27:42:563	exp.	5,18	-5,64	116,30
12:27:42:573	exp.	5,15	-5,50	115,50
12:27:42:583	exp.	5,12	-5,40	114,70
12:27:42:593	exp.	5,14	-5,30	113,90
12:27:42:603	exp.	5,16	-5,20	113,10
12:27:42:613	exp.	5,18	-5,09	112,30
12:27:42:623	exp.	5,18	-5,01	111,50
12:27:42:633	exp.	5,16	-4,95	110,80
12:27:42:643	exp.	5,11	-4,91	110,00
12:27:42:653	exp.	5,03	-4,88	109,30
12:27:42:663	exp.	4,91	-4,84	108,70
12:27:42:673	exp.	4,80	-4,75	108,10
12:27:42:683	exp.	4,76	-4,60	107,70
12:27:42:693	exp.	4,76	-4,40	107,30
12:27:42:703	exp.	4,80	-4,14	107,00
12:27:42:713	exp.	4,85	-3,85	106,70
12:27:42:723	exp.	4,89	-3,53	106,50
12:27:42:733	exp.	4,94	-3,20	106,20
12:27:42:743	exp.	4,99	-2,87	105,90
12:27:42:753	exp.	5,05	-2,54	105,70
12:27:42:763	exp.	5,09	-2,24	105,40
12:27:42:773	exp.	5,10	-1,99	105,10
12:27:42:783	exp.	5,09	-1,80	104,80
12:27:42:793	exp.	5,07	-1,69	104,60
12:27:42:803	exp.	5,05	-1,63	104,40
12:27:42:813	exp.	5,04	-1,58	104,30
12:27:42:823	exp.	5,03	-1,53	104,20
12:27:42:833	exp.	5,04	-1,45	104,10
12:27:42:843	exp.	5,06	-1,35	104,00
12:27:42:853	exp.	5,09	-1,24	103,90
12:27:42:863	exp.	5,11	-1,13	103,70
12:27:42:873	exp.	5,11	-1,03	103,60
12:27:42:883	exp.	5,12	-0,94	103,50
12:27:42:893	exp.	5,14	-0,85	103,30
12:27:42:903	exp.	5,18	-0,77	103,20
12:27:42:913	exp.	5,22	-0,72	103,00
12:27:42:923	exp.	5,26	-0,72	102,80
12:27:42:933	exp.	5,28	-0,76	102,60
12:27:42:943	exp.	5,30	-0,83	102,40
12:27:42:953	exp.	5,31	-0,91	102,10
12:27:42:963	exp.	5,35	-0,99	101,90
12:27:42:973	exp.	5,39	-1,06	101,50
12:27:42:983	exp.	5,43	-1,14	101,20
12:27:42:993	exp.	5,45	-1,25	100,70
12:27:43:003	exp.	5,45	-1,40	100,30
12:27:43:013	exp.	5,45	-1,59	99,70
12:27:43:023	exp.	5,47	-1,81	99,10
12:27:43:033	exp.	5,49	-2,06	98,40
12:27:43:043	exp.	5,51	-2,33	97,60
12:27:43:053	exp.	5,51	-2,63	96,80
12:27:43:063	exp.	5,48	-2,97	96,00
12:27:43:073	exp.	5,43	-3,34	95,10
12:27:43:083	exp.	5,40	-3,71	94,20
12:27:43:093	exp.	5,36	-4,06	93,30
12:27:43:103	exp.	5,35	-4,36	92,50
12:27:43:113	exp.	5,32	-4,62	91,60
12:27:43:123	exp.	5,32	-4,83	90,70
12:27:43:133	exp.	5,29	-5,00	89,90
12:27:43:143	exp.	5,26	-5,13	89,10
12:27:43:153	exp.	5,22	-5,21	88,30
12:27:43:163	exp.	5,16	-5,24	87,50
12:27:43:173	exp.	5,03	-5,21	86,90
12:27:43:183	exp.	4,91	-5,12	86,30
12:27:43:193	exp.	4,85	-4,96	85,90
12:27:43:203	exp.	4,87	-4,72	85,60
12:27:43:213	exp.	4,93	-4,40	85,30
12:27:43:223	exp.	4,96	-4,02	85,10
12:27:43:233	exp.	4,98	-3,61	85,00
12:27:43:243	exp.	5,01	-3,17	84,80
12:27:43:253	exp.	5,04	-2,73	84,70
12:27:43:263	exp.	5,09	-2,30	84,60
12:27:43:273	exp.	5,13	-1,89	84,40
12:27:43:283	exp.	5,13	-1,51	84,30
12:27:43:293	exp.	5,11	-1,21	84,10
12:27:43:303	exp.	5,10	-1,01	84,00
12:27:43:313	exp.	5,09	-0,91	83,80
12:27:43:323	exp.	5,09	-0,86	83,70
12:27:43:333	exp.	5,10	-0,83	83,60
12:27:43:343	exp.	5,11	-0,82	83,40
12:27:43:353	exp.	5,12	-0,82	83,30
12:27:43:363	exp.	5,12	-0,83	83,10
12:27:43:373	exp.	5,11	-0,87	82,90
12:27:43:383	exp.	5,10	-0,91	82,80
12:27:43:393	exp.	5,09	-0,92	82,60
12:27:43:403	exp.	5,09	-0,92	82,50
12:27:43:413	exp.	5,13	-0,89	82,30
12:27:43:423	exp.	5,18	-0,88	82,20
12:27:43:433	exp.	5,23	-0,88	81,90
12:27:43:443	exp.	5,27	-0,91	81,70
12:27:43:453	exp.	5,30	-0,97	81,40
12:27:43:463	exp.	5,33	-1,04	81,10
12:27:43:473	exp.	5,36	-1,12	80,70
12:27:43:483	exp.	5,40	-1,21	80,30
12:27:43:493	exp.	5,41	-1,34	79,90
12:27:43:503	exp.	5,41	-1,51	79,30
12:27:43:513	exp.	5,38	-1,72	78,80
12:27:43:523	exp.	5,34	-1,97	78,20
12:27:43:533	exp.	5,32	-2,24	77,50
12:27:43:543	exp.	5,31	-2,52	76,90
12:27:43:553	exp.	5,29	-2,78	76,20
12:27:43:563	exp.	5,26	-3,03	75,50
12:27:43:573	exp.	5,22	-3,27	74,90
12:27:43:583	exp.	5,16	-3,48	74,20
12:27:43:593	exp.	5,15	-3,66	73,60
12:27:43:603	exp.	5,15	-3,79	73,00
12:27:43:613	exp.	5,16	-3,86	72,40
12:27:43:623	exp.	5,18	-3,87	71,90
12:27:43:633	exp.	5,18	-3,83	71,40
12:27:43:643	exp.	5,18	-3,77	70,90
12:27:43:653	exp.	5,16	-3,69	70,40
12:27:43:663	exp.	5,13	-3,59	70,00
12:27:43:673	exp.	5,05	-3,46	69,60
12:27:43:683	exp.	4,93	-3,31	69,20
12:27:43:693	exp.	4,84	-3,13	69,00
12:27:43:703	exp.	4,82	-2,93	68,80
12:27:43:713	exp.	4,84	-2,69	68,70
12:27:43:723	exp.	4,89	-2,41	68,60
12:27:43:733	exp.	4,95	-2,12	68,50
12:27:43:743	exp.	4,99	-1,81	68,50
12:27:43:753	exp.	5,06	-1,53	68,40
12:27:43:763	exp.	5,14	-1,28	68,20
12:27:43:773	exp.	5,21	-1,06	68,00
12:27:43:783	exp.	5,26	-0,89	67,80
12:27:43:793	exp.	5,28	-0,77	67,60
12:27:43:803	exp.	5,27	-0,73	67,30
12:27:43:813	exp.	5,26	-0,77	67,10
12:27:43:823	exp.	5,26	-0,87	66,80
12:27:43:833	exp.	5,29	-1,00	66,50
12:27:43:843	exp.	5,32	-1,15	66,20
12:27:43:853	exp.	5,34	-1,30	65,80
12:27:43:863	exp.	5,36	-1,45	65,40
12:27:43:873	exp.	5,36	-1,61	64,90
12:27:43:883	exp.	5,35	-1,79	64,40
12:27:43:893	exp.	5,34	-1,97	63,90
12:27:43:903	exp.	5,32	-2,15	63,30
12:27:43:913	exp.	5,30	-2,32	62,70
12:27:43:923	exp.	5,30	-2,51	62,10
12:27:43:933	exp.	5,30	-2,71	61,50
12:27:43:943	exp.	5,30	-2,92	60,80
12:27:43:953	exp.	5,32	-3,13	60,10
12:27:43:963	exp.	5,34	-3,32	59,50
12:27:43:973	exp.	5,36	-3,49	58,70
12:27:43:983	exp.	5,40	-3,64	58,00
12:27:43:993	exp.	5,42	-3,77	57,30
12:27:44:003	exp.	5,43	-3,89	56,50
12:27:44:013	exp.	5,41	-4,01	55,70
12:27:44:023	exp.	5,35	-4,16	54,90
12:27:44:033	exp.	5,30	-4,30	54,00
12:27:44:043	exp.	5,27	-4,42	53,20
12:27:44:053	exp.	5,25	-4,53	52,40
12:27:44:063	exp.	5,25	-4,61	51,70
12:27:44:073	exp.	5,23	-4,67	50,90
12:27:44:083	exp.	5,18	-4,72	50,20
12:27:44:093	exp.	5,12	-4,76	49,50
12:27:44:103	exp.	5,05	-4,76	48,90
12:27:44:113	exp.	4,98	-4,70	48,40
12:27:44:123	exp.	4,88	-4,57	47,90
12:27:44:133	exp.	4,75	-4,37	47,60
12:27:44:143	exp.	4,55	-4,12	47,50
12:27:44:153	exp.	4,31	-3,79	47,50
12:27:44:163	maintien de la pause exp.	3,93	-3,38	47,50	Pression
12:27:44:173	maintien de la pause exp.	3,52	-2,87	47,50
12:27:44:183	maintien de la pause exp.	3,01	-2,20	47,50
12:27:44:193	maintien de la pause exp.	2,38	-1,38	47,50
12:27:44:203	maintien de la pause exp.	1,88	-0,41	47,50
12:27:44:213	maintien de la pause exp.	1,52	0,67	47,50
12:27:44:223	maintien de la pause exp.	1,23	1,74	47,50
12:27:44:233	maintien de la pause exp.	0,95	2,72	47,50
12:27:44:243	maintien de la pause exp.	0,69	3,53	47,50
12:27:44:253	maintien de la pause exp.	0,44	4,14	47,50
12:27:44:263	maintien de la pause exp.	0,21	4,55	47,50
12:27:44:273	maintien de la pause exp.	0,00	4,76	47,50
12:27:44:283	maintien de la pause exp.	-0,18	4,81	47,50
12:27:44:293	maintien de la pause exp.	-0,38	4,70	47,50
12:27:44:303	maintien de la pause exp.	-0,58	4,42	47,50
12:27:44:313	maintien de la pause exp.	-0,80	3,98	47,50
12:27:44:323	maintien de la pause exp.	-0,98	3,49	47,50
12:27:44:333	maintien de la pause exp.	-1,13	3,05	47,50
12:27:44:343	maintien de la pause exp.	-1,25	2,70	47,50
12:27:44:353	maintien de la pause exp.	-1,35	2,49	47,50
12:27:44:363	maintien de la pause exp.	-1,44	2,37	47,50
12:27:44:373	maintien de la pause exp.	-1,54	2,29	47,50
12:27:44:383	maintien de la pause exp.	-1,64	2,20	47,50
12:27:44:393	maintien de la pause exp.	-1,74	2,06	47,50
12:27:44:403	maintien de la pause exp.	-1,81	1,93	47,50
12:27:44:413	maintien de la pause exp.	-1,85	1,82	47,50
12:27:44:423	maintien de la pause exp.	-1,87	1,73	47,50
12:27:44:433	maintien de la pause exp.	-1,87	1,62	47,50
12:27:44:443	maintien de la pause exp.	-1,87	1,50	47,50
12:27:44:453	maintien de la pause exp.	-1,90	1,34	47,50
12:27:44:463	maintien de la pause exp.	-1,93	1,17	47,50
12:27:44:473	maintien de la pause exp.	-1,97	1,01	47,50
12:27:44:483	maintien de la pause exp.	-1,99	0,89	47,50
12:27:44:493	maintien de la pause exp.	-2,01	0,81	47,50
12:27:44:503	maintien de la pause exp.	-2,01	0,75	47,50
12:27:44:513	maintien de la pause exp.	-2,03	0,69	47,50
12:27:44:523	maintien de la pause exp.	-2,09	0,62	47,50
12:27:44:533	maintien de la pause exp.	-2,16	0,54	47,50
12:27:44:543	maintien de la pause exp.	-2,25	0,47	47,50
12:27:44:553	maintien de la pause exp.	-2,32	0,46	47,50
12:27:44:563	maintien de la pause exp.	-2,37	0,49	47,50
12:27:44:573	maintien de la pause exp.	-2,41	0,56	47,50
12:27:44:583	maintien de la pause exp.	-2,49	0,63	47,50
12:27:44:593	maintien de la pause exp.	-2,60	0,68	47,50
12:27:44:603	maintien de la pause exp.	-2,74	0,71	47,50
12:27:44:613	maintien de la pause exp.	-2,85	0,73	47,50
12:27:44:623	maintien de la pause exp.	-2,93	0,78	47,50
12:27:44:633	maintien de la pause exp.	-2,97	0,86	47,50
12:27:44:643	maintien de la pause exp.	-2,99	0,97	47,50
12:27:44:653	maintien de la pause exp.	-3,02	1,06	47,50
12:27:44:663	maintien de la pause exp.	-3,08	1,10	47,50
12:27:44:673	maintien de la pause exp.	-3,19	1,07	47,50
12:27:44:683	maintien de la pause exp.	-3,36	1,01	47,50
12:27:44:693	maintien de la pause exp.	-3,60	0,95	47,50
12:27:44:703	maintien de la pause exp.	-3,85	0,94	47,50
12:27:44:713	maintien de la pause exp.	-4,02	1,01	47,50
12:27:44:723	maintien de la pause exp.	-4,10	1,12	47,50
12:27:44:733	maintien de la pause exp.	-4,09	1,25	47,50
12:27:44:743	maintien de la pause exp.	-4,07	1,36	47,50
12:27:44:753	maintien de la pause exp.	-4,11	1,42	47,50
12:27:44:763	maintien de la pause exp.	-4,21	1,42	47,50
12:27:44:773	maintien de la pause exp.	-4,34	1,39	47,50
12:27:44:783	maintien de la pause exp.	-4,47	1,36	47,50
12:27:44:793	maintien de la pause exp.	-4,58	1,35	47,50
12:27:44:803	maintien de la pause exp.	-4,69	1,37	47,50
12:27:44:813	maintien de la pause exp.	-4,81	1,37	47,50
12:27:44:823	maintien de la pause exp.	-4,92	1,32	47,50
12:27:44:833	maintien de la pause exp.	-5,04	1,22	47,50
12:27:44:843	maintien de la pause exp.	-5,16	1,10	47,50
12:27:44:853	maintien de la pause exp.	-5,28	1,04	47,50
12:27:44:863	maintien de la pause exp.	-5,38	1,07	47,50
12:27:44:873	maintien de la pause exp.	-5,48	1,18	47,50
12:27:44:883	maintien de la pause exp.	-5,57	1,31	47,50
12:27:44:893	maintien de la pause exp.	-5,66	1,41	47,50
12:27:44:903	maintien de la pause exp.	-5,76	1,45	47,50
12:27:44:913	maintien de la pause exp.	-5,84	1,43	47,50
12:27:44:923	maintien de la pause exp.	-5,91	1,38	47,50
12:27:44:933	maintien de la pause exp.	-5,94	1,34	47,50
12:27:44:943	maintien de la pause exp.	-5,96	1,31	47,50
12:27:44:953	maintien de la pause exp.	-5,95	1,28	47,50
12:27:44:963	maintien de la pause exp.	-5,97	1,23	47,50
12:27:44:973	maintien de la pause exp.	-6,02	1,15	47,50
12:27:44:983	maintien de la pause exp.	-6,10	1,04	47,50
12:27:44:993	maintien de la pause exp.	-6,17	0,92	47,50
12:27:45:003	maintien de la pause exp.	-6,21	0,84	47,50
12:27:45:013	maintien de la pause exp.	-6,24	0,79	47,50
12:27:45:023	maintien de la pause exp.	-6,28	0,75	47,50
12:27:45:033	maintien de la pause exp.	-6,33	0,73	47,50
12:27:45:043	maintien de la pause exp.	-6,42	0,69	47,50
12:27:45:053	maintien de la pause exp.	-6,52	0,64	47,50
12:27:45:063	maintien de la pause exp.	-6,63	0,62	47,50
12:27:45:073	maintien de la pause exp.	-6,73	0,64	47,50
12:27:45:083	maintien de la pause exp.	-6,84	0,70	47,50
12:27:45:093	maintien de la pause exp.	-6,96	0,79	47,50
12:27:45:103	maintien de la pause exp.	-7,07	0,88	47,50
12:27:45:113	maintien de la pause exp.	-7,17	0,95	47,50
12:27:45:123	maintien de la pause exp.	-7,24	1,01	47,50
12:27:45:133	maintien de la pause exp.	-7,28	1,06	47,50
12:27:45:143	maintien de la pause exp.	-7,32	1,11	47,50
12:27:45:153	maintien de la pause exp.	-7,40	1,16	47,50
12:27:45:163	maintien de la pause exp.	-7,48	1,19	47,50
12:27:45:173	maintien de la pause exp.	-7,58	1,19	47,50
12:27:45:183	maintien de la pause exp.	-7,68	1,15	47,50
12:27:45:193	maintien de la pause exp.	-7,77	1,12	47,50
12:27:45:203	maintien de la pause exp.	-7,82	1,09	47,50
12:27:45:213	maintien de la pause exp.	-7,77	1,08	47,50
12:27:45:223	maintien de la pause exp.	-7,57	1,08	47,50
12:27:45:233	maintien de la pause exp.	-7,23	1,06	47,40
12:27:45:243	maintien de la pause exp.	-6,82	0,99	47,20
12:27:45:253	maintien de la pause exp.	-6,37	0,83	46,80
12:27:45:263	maintien de la pause exp.	-5,90	0,56	46,30
12:27:45:273	maintien de la pause exp.	-5,37	0,17	45,60
12:27:45:283	maintien de la pause exp.	-4,77	-0,29	44,80
12:27:45:293	maintien de la pause exp.	-4,12	-0,85	43,90
12:27:45:303	maintien de la pause exp.	-3,45	-1,45	43,00
12:27:45:313	maintien de la pause exp.	-2,79	-2,13	42,00
12:27:45:323	maintien de la pause exp.	-2,19	-2,87	41,00
12:27:45:333	maintien de la pause exp.	-1,63	-3,64	39,90
12:27:45:343	maintien de la pause exp.	-1,12	-4,37	38,90
12:27:45:353	maintien de la pause exp.	-0,68	-4,99	37,90
12:27:45:363	maintien de la pause exp.	-0,31	-5,44	37,00
12:27:45:373	maintien de la pause exp.	0,00	-5,69	36,20
12:27:45:383	maintien de la pause exp.	0,28	-5,79	35,60
12:27:45:393	maintien de la pause exp.	0,57	-5,76	35,00
12:27:45:403	maintien de la pause exp.	0,82	-5,62	34,40
12:27:45:413	maintien de la pause exp.	1,05	-5,39	33,90
12:27:45:423	maintien de la pause exp.	1,27	-5,09	33,50
12:27:45:433	maintien de la pause exp.	1,47	-4,71	33,10
12:27:45:443	maintien de la pause exp.	1,67	-4,29	32,70
12:27:45:453	maintien de la pause exp.	1,88	-3,86	32,30
12:27:45:463	maintien de la pause exp.	2,10	-3,47	31,90
12:27:45:473	maintien de la pause exp.	2,31	-3,11	31,50
12:27:45:483	maintien de la pause exp.	2,52	-2,83	31,20
12:27:45:493	maintien de la pause exp.	2,73	-2,62	30,80
12:27:45:503	maintien de la pause exp.	2,93	-2,48	30,40
12:27:45:513	maintien de la pause exp.	3,16	-2,39	30,00
12:27:45:523	maintien de la pause exp.	3,40	-2,33	29,60
12:27:45:533	maintien de la pause exp.	3,63	-2,29	29,30
12:27:45:543	maintien de la pause exp.	3,83	-2,27	28,90
12:27:45:553	maintien de la pause exp.	4,01	-2,27	28,50
12:27:45:563	maintien de la pause exp.	4,18	-2,29	28,10
12:27:45:573	maintien de la pause exp.	4,35	-2,32	27,70
12:27:45:583	maintien de la pause exp.	4,50	-2,33	27,40
12:27:45:593	maintien de la pause exp.	4,67	-2,32	27,10
12:27:45:603	maintien de la pause exp.	4,81	-2,28	26,80
12:27:45:613	maintien de la pause exp.	4,93	-2,23	26,50
12:27:45:623	maintien de la pause exp.	5,05	-2,18	26,20
12:27:45:633	maintien de la pause exp.	5,20	-2,12	25,90
12:27:45:643	maintien de la pause exp.	5,39	-2,05	25,60
12:27:45:653	maintien de la pause exp.	5,61	-1,96	25,40
12:27:45:663	maintien de la pause exp.	5,85	-1,86	25,00
12:27:45:673	maintien de la pause exp.	6,05	-1,79	24,70
12:27:45:683	maintien de la pause exp.	6,21	-1,78	24,30
12:27:45:693	maintien de la pause exp.	6,29	-1,81	23,90
12:27:45:703	maintien de la pause exp.	6,33	-1,88	23,60
12:27:45:713	maintien de la pause exp.	6,33	-1,92	23,40
12:27:45:723	maintien de la pause exp.	6,33	-1,92	23,30
12:27:45:733	maintien de la pause exp.	6,40	-1,85	23,20
12:27:45:743	maintien de la pause exp.	6,56	-1,73	23,10
12:27:45:753	maintien de la pause exp.	6,75	-1,60	22,90
12:27:45:763	maintien de la pause exp.	6,94	-1,48	22,70
12:27:45:773	maintien de la pause exp.	7,08	-1,39	22,50
12:27:45:783	maintien de la pause exp.	7,18	-1,34	22,20
12:27:45:793	maintien de la pause exp.	7,26	-1,30	21,90
12:27:45:803	maintien de la pause exp.	7,33	-1,25	21,60
12:27:45:813	maintien de la pause exp.	7,41	-1,21	21,40
12:27:45:823	maintien de la pause exp.	7,46	-1,17	21,20
12:27:45:833	maintien de la pause exp.	7,49	-1,17	21,10
12:27:45:843	maintien de la pause exp.	7,51	-1,21	21,00
12:27:45:853	maintien de la pause exp.	7,51	-1,28	20,90
12:27:45:863	maintien de la pause exp.	7,49	-1,31	20,80
12:27:45:873	maintien de la pause exp.	7,49	-1,27	20,80
12:27:45:883	maintien de la pause exp.	7,49	-1,13	20,80
12:27:45:893	maintien de la pause exp.	7,51	-0,94	20,70
12:27:45:903	maintien de la pause exp.	7,53	-0,73	20,70
12:27:45:913	maintien de la pause exp.	7,55	-0,56	20,70
12:27:45:923	maintien de la pause exp.	7,55	-0,44	20,60
12:27:45:933	maintien de la pause exp.	7,54	-0,37	20,60
12:27:45:943	maintien de la pause exp.	7,52	-0,32	20,60
12:27:45:953	maintien de la pause exp.	7,53	-0,28	20,50
12:27:45:963	maintien de la pause exp.	7,55	-0,23	20,50
12:27:45:973	maintien de la pause exp.	7,60	-0,18	20,50
12:27:45:983	maintien de la pause exp.	7,65	-0,15	20,40
12:27:45:993	maintien de la pause exp.	7,68	-0,16	20,40
12:27:46:003	maintien de la pause exp.	7,70	-0,18	20,30
12:27:46:013	insp.	7,71	-0,22	20,20
12:27:46:023	insp.	7,74	-0,26	20,20
12:27:46:033	insp.	7,78	-0,28	-0,10
12:27:46:043	insp.	7,76	-0,27	-0,10
12:27:46:053	insp.	8,01	-0,30	-0,10
12:27:46:063	insp.	8,31	-0,31	-0,10
12:27:46:073	insp.	8,33	-0,35	0,20
12:27:46:083	insp.	8,24	-0,37	0,70
12:27:46:093	insp.	8,35	-0,22	1,60
12:27:46:103	insp.	8,61	0,19	2,70
12:27:46:113	insp.	8,76	0,85	4,10
12:27:46:123	insp.	8,84	1,72	5,90
12:27:46:133	insp.	8,95	2,75	8,00
12:27:46:143	insp.	9,08	3,97	10,20
12:27:46:153	insp.	9,21	5,30	12,60
12:27:46:163	insp.	9,39	6,71	15,30
12:27:46:173	insp.	9,54	8,32	18,10
12:27:46:183	insp.	9,67	10,03	21,20
12:27:46:193	insp.	9,76	11,68	24,30
12:27:46:203	insp.	9,84	13,16	27,70
12:27:46:213	insp.	9,88	14,50	31,10
12:27:46:223	insp.	9,92	15,72	34,70
12:27:46:233	insp.	10,02	16,87	38,40
12:27:46:243	insp.	10,14	17,90	42,30
12:27:46:253	insp.	10,34	18,92	46,10
12:27:46:263	insp.	10,53	19,87	50,00
12:27:46:273	insp.	10,70	20,67	54,00
12:27:46:283	insp.	10,87	21,34	57,90
12:27:46:293	insp.	11,02	21,91	61,80
12:27:46:304	insp.	11,15	22,40	65,60
12:27:46:313	insp.	11,26	22,78	69,40
12:27:46:323	insp.	11,36	23,06	73,20
12:27:46:333	insp.	11,42	23,21	76,90
12:27:46:343	insp.	11,47	23,23	80,50
12:27:46:353	insp.	11,51	23,14	84,00
12:27:46:363	insp.	11,54	22,94	87,40
12:27:46:373	insp.	11,58	22,67	90,70
12:27:46:383	insp.	11,60	22,34	93,90
12:27:46:393	insp.	11,61	21,94	97,00
12:27:46:403	insp.	11,62	21,48	100,00
12:27:46:413	insp.	11,62	20,96	102,80
12:27:46:423	insp.	11,62	20,39	105,60
12:27:46:433	insp.	11,62	19,79	108,20
12:27:46:443	insp.	11,59	19,15	110,70
12:27:46:453	insp.	11,58	18,50	113,10
12:27:46:463	insp.	11,59	17,83	115,40
12:27:46:473	insp.	11,60	17,14	117,60
12:27:46:483	insp.	11,62	16,46	119,60
12:27:46:493	insp.	11,64	15,77	121,60
12:27:46:503	insp.	11,64	15,08	123,40
12:27:46:513	insp.	11,64	14,38	125,10
12:27:46:523	insp.	11,63	13,69	126,70
12:27:46:533	exp.	11,64	13,00	128,20
12:27:46:543	exp.	11,46	12,32	129,50
12:27:46:553	exp.	10,58	11,63	130,80
12:27:46:563	exp.	10,55	11,12	131,60
12:27:46:573	exp.	9,68	10,56	131,50
12:27:46:583	exp.	8,70	9,73	130,70
12:27:46:593	exp.	8,05	8,45	128,70
12:27:46:603	exp.	7,49	6,55	125,40
12:27:46:613	exp.	6,89	3,82	121,00
12:27:46:623	exp.	6,60	0,24	115,90
12:27:46:633	exp.	6,59	-3,96	110,20
12:27:46:643	exp.	6,46	-8,39	104,20
12:27:46:653	exp.	6,23	-13,00	98,20
12:27:46:663	exp.	6,13	-17,75	92,50
12:27:46:673	exp.	6,20	-22,20	86,90
12:27:46:683	exp.	6,31	-26,09	81,50
12:27:46:693	exp.	6,34	-29,38	76,20
12:27:46:703	exp.	6,33	-31,85	71,20
12:27:46:713	exp.	6,30	-33,31	66,30
12:27:46:723	exp.	6,22	-33,78	61,60
12:27:46:733	exp.	6,12	-33,48	57,10
12:27:46:743	exp.	6,06	-32,76	52,80
12:27:46:753	exp.	6,07	-31,63	48,70
12:27:46:763	exp.	6,11	-30,31	44,70
12:27:46:773	exp.	6,12	-29,11	40,70
12:27:46:783	exp.	6,10	-28,09	36,90
12:27:46:793	exp.	6,07	-27,12	33,10
12:27:46:803	exp.	6,02	-26,22	29,40
12:27:46:813	exp.	5,99	-25,40	25,70
12:27:46:823	exp.	5,95	-24,64	22,10
12:27:46:833	exp.	5,92	-23,92	18,60
12:27:46:843	exp.	5,87	-23,27	15,10
12:27:46:853	exp.	5,82	-22,75	11,70
12:27:46:863	exp.	5,78	-22,34	8,40
12:27:46:873	exp.	5,74	-21,97	5,10
12:27:46:883	exp.	5,70	-21,58	1,90
12:27:46:893	exp.	5,68	-21,20	-1,20
12:27:46:903	exp.	5,66	-20,80	-4,20
12:27:46:913	exp.	5,65	-20,37	-7,20
12:27:46:923	exp.	5,64	-19,94	-10,10
12:27:46:933	exp.	5,59	-19,52	-12,90
12:27:46:943	exp.	5,56	-19,11	-15,70
12:27:46:953	exp.	5,55	-18,69	-18,40
12:27:46:963	exp.	5,55	-18,26	-21,10
12:27:46:973	exp.	5,57	-17,84	-23,70
12:27:46:983	exp.	5,56	-17,44	-26,30
12:27:46:993	exp.	5,60	-17,05	-28,80
12:27:47:003	exp.	5,62	-16,69	-31,30
12:27:47:013	exp.	5,63	-16,36	-33,80
12:27:47:023	exp.	5,60	-16,05	-36,20
12:27:47:033	exp.	5,56	-15,77	-38,60
12:27:47:043	exp.	5,53	-15,52	-41,00
12:27:47:053	exp.	5,48	-15,28	-43,40
12:27:47:063	exp.	5,41	-15,08	-45,70
12:27:47:073	exp.	5,31	-14,87	-47,90
12:27:47:083	exp.	5,19	-14,66	-49,90
12:27:47:093	exp.	5,04	-14,42	-51,90
12:27:47:103	exp.	4,87	-14,15	-53,70
12:27:47:113	exp.	4,65	-13,81	-55,30
12:27:47:123	exp.	4,39	-13,36	-56,60
12:27:47:133	exp.	4,13	-12,79	-57,70
12:27:47:143	exp.	3,85	-12,09	-58,40
12:27:47:153	exp.	3,50	-11,21	-58,70
12:27:47:163	insp.	2,99	-10,12	-58,70	Pression
12:27:47:174	insp.	2,52	-8,79	0,50
12:27:47:183	insp.	2,08	-7,22	1,20
12:27:47:193	insp.	1,83	-5,49	2,20
12:27:47:203	insp.	3,16	-3,73	3,70
12:27:47:213	insp.	5,72	-1,90	5,60
12:27:47:223	insp.	6,65	-0,08	8,50
12:27:47:233	insp.	5,98	1,85	12,70
12:27:47:243	insp.	6,18	4,41	18,40
12:27:47:253	insp.	7,28	7,92	25,00
12:27:47:263	insp.	7,88	12,20	32,40
12:27:47:273	insp.	8,01	16,92	40,80
12:27:47:283	insp.	8,58	21,83	49,70
12:27:47:293	insp.	9,35	26,84	58,30
12:27:47:303	insp.	9,78	31,61	66,90
12:27:47:313	insp.	9,96	36,04	75,80
12:27:47:323	insp.	10,30	40,51	84,80
12:27:47:333	insp.	10,62	44,96	93,80
12:27:47:343	insp.	10,73	48,59	102,70
12:27:47:353	insp.	10,77	50,99	111,70
12:27:47:363	insp.	10,92	52,45	120,60
12:27:47:373	insp.	11,07	53,23	129,40
12:27:47:383	insp.	11,13	53,45	138,10
12:27:47:393	insp.	11,20	53,29	146,70
12:27:47:403	insp.	11,36	53,23	155,20
12:27:47:413	insp.	11,44	53,29	163,50
12:27:47:423	insp.	11,48	53,07	171,70
12:27:47:433	insp.	11,49	52,54	179,70
12:27:47:443	insp.	11,53	51,97	187,50
12:27:47:453	insp.	11,53	51,38	195,20
12:27:47:463	insp.	11,54	50,65	202,80
12:27:47:473	insp.	11,54	49,79	210,20
12:27:47:483	insp.	11,53	48,94	217,40
12:27:47:493	insp.	11,55	48,08	224,50
12:27:47:503	insp.	11,55	47,15	231,40
12:27:47:513	insp.	11,54	46,20	238,20
12:27:47:523	insp.	11,56	45,28	244,80
12:27:47:533	insp.	11,60	44,36	251,30
12:27:47:543	insp.	11,64	43,43	257,50
12:27:47:553	insp.	11,67	42,49	263,70
12:27:47:563	insp.	11,71	41,56	269,60
12:27:47:573	insp.	11,72	40,61	275,50
12:27:47:583	insp.	11,74	39,65	281,10
12:27:47:593	insp.	11,75	38,68	286,60
12:27:47:603	insp.	11,75	37,72	291,90
12:27:47:613	insp.	11,75	36,77	297,10
12:27:47:623	insp.	11,77	35,82	302,10
12:27:47:633	insp.	11,77	34,87	307,00
12:27:47:643	insp.	11,76	33,91	311,70
12:27:47:653	insp.	11,78	32,96	316,20
12:27:47:663	insp.	11,83	32,01	320,60
12:27:47:673	insp.	11,87	31,07	324,80
12:27:47:683	insp.	11,94	30,13	328,90
12:27:47:693	insp.	11,98	29,18	332,80
12:27:47:703	insp.	12,03	28,21	336,50
12:27:47:713	insp.	12,04	27,23	340,00
12:27:47:725	exp.	12,02	26,23	343,30
12:27:47:733	exp.	11,95	25,21	346,50
12:27:47:743	exp.	10,59	24,22	349,50
12:27:47:753	exp.	10,10	23,26	352,20
12:27:47:763	exp.	9,67	22,51	353,90
12:27:47:773	exp.	8,91	21,53	354,30
12:27:47:783	exp.	8,38	19,98	353,50
12:27:47:794	exp.	7,95	17,62	351,20
12:27:47:803	exp.	7,40	14,27	347,40
12:27:47:813	exp.	6,87	9,87	342,40
12:27:47:823	exp.	6,73	4,67	336,90
12:27:47:833	exp.	6,73	-0,92	331,00
12:27:47:843	exp.	6,67	-6,51	325,00
12:27:47:853	exp.	6,60	-12,19	318,90
12:27:47:863	exp.	6,66	-17,95	313,10
12:27:47:873	exp.	6,81	-23,24	307,20
12:27:47:883	exp.	6,87	-27,79	301,40
12:27:47:893	exp.	6,88	-31,41	295,70
12:27:47:903	exp.	6,87	-33,86	290,10
12:27:47:913	exp.	6,87	-35,11	284,60
12:27:47:923	exp.	6,85	-35,42	279,10
12:27:47:933	exp.	6,83	-35,20	273,70
12:27:47:943	exp.	6,81	-34,84	268,30
12:27:47:953	exp.	6,76	-34,27	263,00
12:27:47:963	exp.	6,71	-33,74	257,80
12:27:47:973	exp.	6,71	-33,31	252,60
12:27:47:983	exp.	6,71	-32,92	247,40
12:27:47:993	exp.	6,71	-32,53	242,30
12:27:48:003	exp.	6,67	-32,18	237,20
12:27:48:013	exp.	6,60	-31,88	232,10
12:27:48:023	exp.	6,55	-31,59	227,10
12:27:48:033	exp.	6,53	-31,31	222,10
12:27:48:043	exp.	6,53	-31,07	217,10
12:27:48:053	exp.	6,52	-30,85	212,20
12:27:48:063	exp.	6,48	-30,62	207,30
12:27:48:073	exp.	6,46	-30,38	202,50
12:27:48:083	exp.	6,43	-30,16	197,80
12:27:48:093	exp.	6,42	-29,93	193,00
12:27:48:103	exp.	6,40	-29,69	188,30
12:27:48:113	exp.	6,37	-29,44	183,70
12:27:48:123	exp.	6,32	-29,18	179,10
12:27:48:133	exp.	6,26	-28,90	174,60
12:27:48:143	exp.	6,22	-28,63	170,10
12:27:48:153	exp.	6,16	-28,37	165,70
12:27:48:163	exp.	6,13	-28,09	161,30
12:27:48:173	exp.	6,11	-27,78	157,00
12:27:48:183	exp.	6,11	-27,46	152,80
12:27:48:193	exp.	6,11	-27,13	148,70
12:27:48:203	exp.	6,10	-26,79	144,60
12:27:48:213	exp.	6,05	-26,45	140,50
12:27:48:223	exp.	6,00	-26,11	136,50
12:27:48:233	exp.	5,93	-25,76	132,60
12:27:48:243	exp.	5,84	-25,39	128,80
12:27:48:253	exp.	5,74	-24,98	125,10
12:27:48:263	exp.	5,69	-24,57	121,60
12:27:48:273	exp.	5,68	-24,13	118,10
12:27:48:283	exp.	5,72	-23,66	114,60
12:27:48:293	exp.	5,78	-23,17	111,30
12:27:48:303	exp.	5,81	-22,67	108,00
12:27:48:313	exp.	5,83	-22,16	104,70
12:27:48:323	exp.	5,86	-21,68	101,50
12:27:48:333	exp.	5,85	-21,22	98,20
12:27:48:343	exp.	5,81	-20,78	95,10
12:27:48:353	exp.	5,79	-20,38	91,90
12:27:48:363	exp.	5,75	-20,01	88,80
12:27:48:373	exp.	5,71	-19,70	85,80
12:27:48:383	exp.	5,68	-19,44	82,70
12:27:48:393	exp.	5,67	-19,22	79,70
12:27:48:403	exp.	5,59	-19,03	76,80
12:27:48:413	exp.	5,54	-18,83	73,90
12:27:48:423	exp.	5,53	-18,62	71,10
12:27:48:433	exp.	5,56	-18,38	68,30
12:27:48:443	exp.	5,53	-18,11	65,60
12:27:48:453	exp.	5,46	-17,83	63,00
12:27:48:463	exp.	5,44	-17,54	60,50
12:27:48:473	exp.	5,43	-17,22	58,00
12:27:48:483	exp.	5,43	-16,88	55,50
12:27:48:493	exp.	5,47	-16,53	53,20
12:27:48:503	exp.	5,51	-16,14	50,80
12:27:48:513	exp.	5,51	-15,75	48,50
12:27:48:523	exp.	5,50	-15,38	46,20
12:27:48:533	exp.	5,51	-15,06	44,00
12:27:48:543	exp.	5,52	-14,75	41,70
12:27:48:553	exp.	5,52	-14,45	39,50
12:27:48:563	exp.	5,52	-14,20	37,30
12:27:48:573	exp.	5,52	-13,96	35,10
12:27:48:583	exp.	5,52	-13,75	33,00
12:27:48:593	exp.	5,51	-13,57	30,90
12:27:48:603	exp.	5,50	-13,43	28,70
12:27:48:613	exp.	5,49	-13,31	26,70
12:27:48:623	exp.	5,48	-13,17	24,60
12:27:48:633	exp.	5,47	-13,04	22,50
12:27:48:643	exp.	5,44	-12,91	20,50
12:27:48:653	exp.	5,40	-12,79	18,60
12:27:48:663	exp.	5,36	-12,65	16,60
12:27:48:673	exp.	5,34	-12,52	14,80
12:27:48:683	exp.	5,32	-12,36	12,90
12:27:48:693	exp.	5,32	-12,17	11,10
12:27:48:703	exp.	5,31	-11,95	9,40
12:27:48:713	exp.	5,30	-11,73	7,70
12:27:48:723	exp.	5,30	-11,50	6,00
12:27:48:733	exp.	5,28	-11,27	4,40
12:27:48:743	exp.	5,24	-11,02	2,80
12:27:48:753	exp.	5,15	-10,78	1,30
12:27:48:763	exp.	5,04	-10,52	-0,10
12:27:48:773	exp.	4,99	-10,22	-1,40
12:27:48:783	exp.	5,03	-9,90	-2,60
12:27:48:793	exp.	5,10	-9,53	-3,80
12:27:48:804	exp.	5,18	-9,16	-4,90
12:27:48:813	exp.	5,21	-8,77	-6,00
12:27:48:823	exp.	5,21	-8,39	-7,10
12:27:48:833	exp.	5,18	-8,04	-8,20
12:27:48:843	exp.	5,14	-7,71	-9,20
12:27:48:853	exp.	5,10	-7,37	-10,10
12:27:48:863	exp.	5,07	-7,01	-11,00
12:27:48:873	exp.	5,02	-6,68	-11,90
12:27:48:883	exp.	4,97	-6,38	-12,70
12:27:48:893	exp.	4,95	-6,13	-13,40
12:27:48:903	exp.	4,93	-5,90	-14,10
12:27:48:913	exp.	4,94	-5,66	-14,70
12:27:48:923	exp.	4,94	-5,39	-15,20
12:27:48:933	exp.	4,93	-5,06	-15,70
12:27:48:943	exp.	4,89	-4,70	-16,10
12:27:48:953	exp.	4,85	-4,34	-16,50
12:27:48:963	exp.	4,81	-3,99	-16,80
12:27:48:973	exp.	4,80	-3,64	-17,00
12:27:48:983	exp.	4,80	-3,28	-17,20
12:27:48:993	exp.	4,82	-2,90	-17,40
12:27:49:003	exp.	4,85	-2,53	-17,60
12:27:49:013	exp.	4,87	-2,20	-17,70
12:27:49:023	exp.	4,86	-1,90	-17,90
12:27:49:033	exp.	4,86	-1,65	-18,00
12:27:49:043	exp.	4,84	-1,44	-18,10
12:27:49:053	exp.	4,82	-1,25	-18,20
12:27:49:063	exp.	4,81	-1,08	-18,30
12:27:49:073	exp.	4,78	-0,93	-18,30
12:27:49:083	exp.	4,73	-0,80	-18,30
12:27:49:093	exp.	4,70	-0,70	-18,30
12:27:49:103	exp.	4,67	-0,60	-18,30
12:27:49:113	exp.	4,67	-0,49	-18,20
12:27:49:123	exp.	4,68	-0,36	-18,10
12:27:49:132	exp.	4,70	-0,22	-18,10
12:27:49:143	exp.	4,71	-0,08	-18,00
12:27:49:153	exp.	4,72	0,04	-17,90
12:27:49:163	exp.	4,72	0,14	-17,90
12:27:49:173	exp.	4,72	0,22	-17,80
12:27:49:183	exp.	4,75	0,29	-17,70
12:27:49:193	exp.	4,78	0,35	-17,70
12:27:49:203	exp.	4,82	0,39	-17,60
12:27:49:213	exp.	4,84	0,41	-17,60
12:27:49:224	exp.	4,85	0,40	-17,60
12:27:49:233	exp.	4,84	0,36	-17,60
12:27:49:243	exp.	4,78	0,31	-17,60
12:27:49:253	exp.	4,69	0,26	-17,60
12:27:49:263	exp.	4,56	0,24	-17,60
12:27:49:273	exp.	4,43	0,25	-17,60
12:27:49:283	exp.	4,35	0,31	-17,60
12:27:49:293	exp.	4,34	0,42	-17,60
12:27:49:303	exp.	4,36	0,58	-17,60
12:27:49:313	exp.	4,43	0,76	-17,60	Pression
12:27:49:325	insp.	4,46	0,95	0,30
12:27:49:333	insp.	4,48	1,12	0,60
12:27:49:343	insp.	4,97	1,22	1,00
12:27:49:353	insp.	5,79	1,34	1,50
12:27:49:363	insp.	6,15	1,47	2,50
12:27:49:373	insp.	6,09	1,69	4,20
12:27:49:383	insp.	6,28	2,21	6,50
12:27:49:393	insp.	6,81	3,20	9,50
12:27:49:403	insp.	7,21	4,64	13,00
12:27:49:413	insp.	7,42	6,48	17,20
12:27:49:423	insp.	7,63	8,70	21,90
12:27:49:433	insp.	7,85	11,28	27,00
12:27:49:443	insp.	7,94	14,09	32,30
12:27:49:453	insp.	7,97	17,04	38,10
12:27:49:463	insp.	8,00	20,25	44,40
12:27:49:473	insp.	8,02	23,64	50,90
12:27:49:483	insp.	8,03	26,90	57,90
12:27:49:493	insp.	8,09	29,83	65,10
12:27:49:503	insp.	8,19	32,47	72,70
12:27:49:513	insp.	8,31	34,88	80,60
12:27:49:523	insp.	8,43	37,10	88,70
12:27:49:533	insp.	8,56	39,14	97,00
12:27:49:543	insp.	8,70	41,17	105,60
12:27:49:553	insp.	8,81	43,19	114,30
12:27:49:563	insp.	8,94	45,05	123,30
12:27:49:573	insp.	9,06	46,74	132,40
12:27:49:583	insp.	9,11	48,30	141,70
12:27:49:593	insp.	9,15	49,76	151,10
12:27:49:603	insp.	9,21	51,11	160,70
12:27:49:613	insp.	9,29	52,35	170,40
12:27:49:623	insp.	9,40	53,51	180,20
12:27:49:633	insp.	9,48	54,58	190,10
12:27:49:643	insp.	9,53	55,56	200,10
12:27:49:653	insp.	9,58	56,44	210,10
12:27:49:663	insp.	9,64	57,23	220,20
12:27:49:673	insp.	9,69	57,94	230,40
12:27:49:683	insp.	9,75	58,58	240,60
12:27:49:693	insp.	9,85	59,16	250,80
12:27:49:703	insp.	9,94	59,67	261,00
12:27:49:713	insp.	10,01	60,11	271,30
12:27:49:723	insp.	10,05	60,45	281,50
12:27:49:733	insp.	10,08	60,73	291,80
12:27:49:743	insp.	10,12	60,95	302,00
12:27:49:753	insp.	10,15	61,13	312,20
12:27:49:763	insp.	10,14	61,27	322,40
12:27:49:773	insp.	10,14	61,36	332,70
12:27:49:783	insp.	10,22	61,42	342,80
12:27:49:793	insp.	10,33	61,43	353,00
12:27:49:803	insp.	10,46	61,39	363,00
12:27:49:813	insp.	10,61	61,31	373,00
12:27:49:823	insp.	10,76	61,20	382,90
12:27:49:833	insp.	10,87	61,02	392,70
12:27:49:843	insp.	10,97	60,78	402,30
12:27:49:853	insp.	11,03	60,47	411,90
12:27:49:863	insp.	11,08	60,10	421,40
12:27:49:873	insp.	11,12	59,68	430,70
12:27:49:883	insp.	11,15	59,19	440,00
12:27:49:893	insp.	11,17	58,64	449,10
12:27:49:903	insp.	11,20	58,04	458,00
12:27:49:913	insp.	11,21	57,40	466,90
12:27:49:923	insp.	11,21	56,71	475,60
12:27:49:933	insp.	11,17	55,99	484,10
12:27:49:943	insp.	11,14	55,26	492,60
12:27:49:953	insp.	11,14	54,53	500,90
12:27:49:963	insp.	11,16	53,80	509,20
12:27:49:973	insp.	11,18	53,06	517,20
12:27:49:983	insp.	11,20	52,30	525,20
12:27:49:993	insp.	11,22	51,55	533,10
12:27:50:003	insp.	11,22	50,78	540,80
12:27:50:013	insp.	11,22	50,01	548,40
12:27:50:023	insp.	11,21	49,25	555,90
12:27:50:033	insp.	11,19	48,52	563,30
12:27:50:043	insp.	11,18	47,81	570,50
12:27:50:053	insp.	11,19	47,10	577,70
12:27:50:063	insp.	11,23	46,40	584,80
12:27:50:073	insp.	11,23	45,71	591,70
12:27:50:083	insp.	11,24	45,02	598,60
12:27:50:093	insp.	11,28	44,34	605,30
12:27:50:103	insp.	11,29	43,66	611,90
12:27:50:113	insp.	11,27	43,00	618,40
12:27:50:123	insp.	11,30	42,34	624,80
12:27:50:133	insp.	11,31	41,68	631,10
12:27:50:143	insp.	11,31	41,02	637,20
12:27:50:153	insp.	11,31	40,36	643,30
12:27:50:163	insp.	11,37	39,69	649,30
12:27:50:173	insp.	11,44	39,02	655,10
12:27:50:183	insp.	11,44	38,35	660,80
12:27:50:193	insp.	11,44	37,66	666,40
12:27:50:203	insp.	11,48	36,98	671,80
12:27:50:213	insp.	11,49	36,31	677,20
12:27:50:223	insp.	11,51	35,62	682,40
12:27:50:233	insp.	11,52	34,93	687,50
12:27:50:243	insp.	11,54	34,24	692,50
12:27:50:253	insp.	11,54	33,55	697,40
12:27:50:263	insp.	11,53	32,83	702,20
12:27:50:273	insp.	11,52	32,11	706,80
12:27:50:283	insp.	11,56	31,40	711,30
12:27:50:293	insp.	11,66	30,71	715,70
12:27:50:303	insp.	11,81	30,01	719,90
12:27:50:313	insp.	11,99	29,29	724,00
12:27:50:324	exp.	12,19	28,55	727,80
12:27:50:333	exp.	12,35	27,76	731,40
12:27:50:343	exp.	10,76	26,92	734,70
12:27:50:353	exp.	10,73	26,08	737,40
12:27:50:363	exp.	10,69	25,33	738,70
12:27:50:373	exp.	10,25	24,16	738,50
12:27:50:383	exp.	9,84	22,15	736,50
12:27:50:393	exp.	9,35	18,94	732,60
12:27:50:403	exp.	8,82	14,35	726,80
12:27:50:413	exp.	8,54	8,46	719,50
12:27:50:423	exp.	8,54	1,58	711,40
12:27:50:433	exp.	8,53	-5,82	702,70
12:27:50:443	exp.	8,34	-13,33	693,70
12:27:50:453	exp.	8,24	-21,05	684,40
12:27:50:463	exp.	8,27	-28,87	675,10
12:27:50:473	exp.	8,38	-36,25	665,60
12:27:50:483	exp.	8,46	-42,75	656,20
12:27:50:493	exp.	8,59	-47,98	646,80
12:27:50:503	exp.	8,81	-51,71	637,40
12:27:50:513	exp.	9,02	-54,03	627,90
12:27:50:523	exp.	9,09	-55,33	618,30
12:27:50:533	exp.	9,10	-56,03	608,80
12:27:50:543	exp.	9,21	-56,51	599,30
12:27:50:553	exp.	9,33	-56,71	589,70
12:27:50:563	exp.	9,34	-56,84	580,00
12:27:50:573	exp.	9,28	-56,96	570,30
12:27:50:583	exp.	9,26	-57,07	560,60
12:27:50:593	exp.	9,27	-57,20	550,70
12:27:50:603	exp.	9,29	-57,46	540,80
12:27:50:613	exp.	9,19	-57,78	531,00
12:27:50:623	exp.	9,08	-58,07	521,10
12:27:50:633	exp.	8,98	-58,28	511,20
12:27:50:643	exp.	8,90	-58,52	501,40
12:27:50:653	exp.	8,83	-58,76	491,60
12:27:50:663	exp.	8,78	-58,89	481,90
12:27:50:673	exp.	8,71	-58,93	472,30
12:27:50:683	exp.	8,58	-58,92	462,80
12:27:50:693	exp.	8,49	-58,87	453,40
12:27:50:703	exp.	8,47	-58,70	444,00
12:27:50:713	exp.	8,46	-58,39	434,70
12:27:50:723	exp.	8,37	-58,03	425,50
12:27:50:733	exp.	8,32	-57,63	416,50
12:27:50:743	exp.	8,27	-57,14	407,50
12:27:50:753	exp.	8,23	-56,61	398,50
12:27:50:763	exp.	8,12	-56,12	389,70
12:27:50:773	exp.	8,03	-55,63	381,00
12:27:50:783	exp.	7,94	-55,09	372,40
12:27:50:793	exp.	7,86	-54,52	363,90
12:27:50:803	exp.	7,75	-53,95	355,60
12:27:50:813	exp.	7,65	-53,39	347,30
12:27:50:823	exp.	7,63	-52,78	339,20
12:27:50:833	exp.	7,63	-52,13	331,20
12:27:50:843	exp.	7,64	-51,49	323,20
12:27:50:853	exp.	7,64	-50,85	315,40
12:27:50:863	exp.	7,61	-50,19	307,60
12:27:50:873	exp.	7,55	-49,55	299,90
12:27:50:883	exp.	7,46	-48,96	292,20
12:27:50:893	exp.	7,42	-48,40	284,60
12:27:50:903	exp.	7,37	-47,82	277,20
12:27:50:913	exp.	7,32	-47,26	269,80
12:27:50:923	exp.	7,27	-46,74	262,50
12:27:50:933	exp.	7,18	-46,28	255,30
12:27:50:943	exp.	7,12	-45,83	248,20
12:27:50:953	exp.	7,08	-45,35	241,40
12:27:50:963	exp.	7,03	-44,83	234,70
12:27:50:973	exp.	6,97	-44,23	228,20
12:27:50:983	exp.	6,88	-43,52	222,00
12:27:50:993	exp.	6,82	-42,71	215,90
12:27:51:003	exp.	6,77	-41,80	210,00
12:27:51:013	exp.	6,73	-40,83	204,30
12:27:51:023	exp.	6,71	-39,81	198,70
12:27:51:033	exp.	6,71	-38,73	193,20
12:27:51:043	exp.	6,71	-37,67	187,60
12:27:51:053	exp.	6,69	-36,69	182,10
12:27:51:063	exp.	6,63	-35,81	176,70
12:27:51:073	exp.	6,63	-34,99	171,40
12:27:51:083	exp.	6,66	-34,27	166,00
12:27:51:093	exp.	6,69	-33,67	160,70
12:27:51:103	exp.	6,68	-33,19	155,40
12:27:51:113	exp.	6,63	-32,81	150,30
12:27:51:123	exp.	6,54	-32,52	145,10
12:27:51:133	exp.	6,48	-32,29	140,00
12:27:51:143	exp.	6,43	-32,06	135,00
12:27:51:153	exp.	6,37	-31,79	130,00
12:27:51:163	exp.	6,34	-31,46	125,20
12:27:51:173	exp.	6,33	-31,11	120,30
12:27:51:183	exp.	6,27	-30,78	115,50
12:27:51:193	exp.	6,17	-30,47	110,80
12:27:51:203	exp.	6,13	-30,14	106,30
12:27:51:213	exp.	6,11	-29,77	101,80
12:27:51:223	exp.	6,08	-29,36	97,30
12:27:51:233	exp.	6,04	-28,91	93,00
12:27:51:243	exp.	6,04	-28,43	88,80
12:27:51:253	exp.	6,06	-27,94	84,60
12:27:51:263	exp.	6,06	-27,47	80,50
12:27:51:273	exp.	6,05	-27,04	76,40
12:27:51:283	exp.	6,00	-26,58	72,50
12:27:51:293	exp.	5,93	-26,09	68,60
12:27:51:303	exp.	5,89	-25,60	64,70
12:27:51:313	exp.	5,85	-25,13	61,00
12:27:51:323	exp.	5,79	-24,67	57,30
12:27:51:333	exp.	5,76	-24,22	53,80
12:27:51:343	exp.	5,78	-23,77	50,30
12:27:51:353	exp.	5,80	-23,32	46,80
12:27:51:363	exp.	5,78	-22,88	43,50
12:27:51:373	exp.	5,74	-22,43	40,20
12:27:51:383	exp.	5,72	-21,98	36,90
12:27:51:393	exp.	5,65	-21,55	33,70
12:27:51:403	exp.	5,56	-21,13	30,60
12:27:51:413	exp.	5,48	-20,71	27,60
12:27:51:423	exp.	5,42	-20,26	24,70
12:27:51:433	exp.	5,41	-19,80	21,90
12:27:51:443	exp.	5,40	-19,34	19,20
12:27:51:453	exp.	5,40	-18,89	16,60
12:27:51:463	exp.	5,40	-18,40	14,10
12:27:51:473	exp.	5,42	-17,90	11,60
12:27:51:483	exp.	5,44	-17,40	9,20
12:27:51:493	exp.	5,45	-16,90	6,80
12:27:51:503	exp.	5,45	-16,37	4,50
12:27:51:513	exp.	5,47	-15,85	2,30
12:27:51:523	exp.	5,52	-15,37	0,10
12:27:51:533	exp.	5,58	-14,92	-2,10
12:27:51:543	exp.	5,64	-14,51	-4,30
12:27:51:553	exp.	5,68	-14,17	-6,50
12:27:51:563	exp.	5,70	-13,87	-8,70
12:27:51:573	exp.	5,72	-13,64	-10,90
12:27:51:583	exp.	5,72	-13,48	-13,20
12:27:51:593	exp.	5,73	-13,37	-15,50
12:27:51:603	exp.	5,74	-13,31	-17,80
12:27:51:613	exp.	5,74	-13,32	-20,20
12:27:51:623	exp.	5,73	-13,39	-22,60
12:27:51:633	exp.	5,69	-13,51	-25,00
12:27:51:643	exp.	5,67	-13,66	-27,40
12:27:51:653	exp.	5,63	-13,81	-29,80
12:27:51:663	exp.	5,59	-13,97	-32,20
12:27:51:673	exp.	5,56	-14,10	-34,60
12:27:51:683	exp.	5,52	-14,20	-36,90
12:27:51:693	exp.	5,50	-14,26	-39,20
12:27:51:703	exp.	5,48	-14,28	-41,50
12:27:51:713	exp.	5,47	-14,27	-43,70
12:27:51:723	exp.	5,46	-14,21	-45,90
12:27:51:733	exp.	5,43	-14,10	-48,00
12:27:51:743	exp.	5,42	-13,94	-50,10
12:27:51:753	exp.	5,42	-13,75	-52,10
12:27:51:763	exp.	5,42	-13,52	-54,10
12:27:51:773	exp.	5,40	-13,28	-56,10
12:27:51:783	exp.	5,35	-13,05	-58,00
12:27:51:793	exp.	5,26	-12,81	-59,90
12:27:51:803	exp.	5,16	-12,58	-61,70
12:27:51:813	exp.	5,10	-12,33	-63,40
12:27:51:823	exp.	5,10	-12,05	-65,00
12:27:51:833	exp.	5,16	-11,72	-66,60
12:27:51:843	exp.	5,22	-11,36	-68,10
12:27:51:853	exp.	5,24	-11,00	-69,50
12:27:51:863	exp.	5,25	-10,64	-70,90
12:27:51:873	exp.	5,23	-10,28	-72,30
12:27:51:883	exp.	5,20	-9,91	-73,50
12:27:51:893	exp.	5,14	-9,53	-74,70
12:27:51:903	exp.	5,10	-9,11	-75,90
12:27:51:913	exp.	5,07	-8,67	-76,90
12:27:51:923	exp.	5,04	-8,26	-78,00
12:27:51:933	exp.	5,03	-7,88	-78,90
12:27:51:943	exp.	5,03	-7,55	-79,80
12:27:51:953	exp.	5,06	-7,21	-80,70
12:27:51:963	exp.	5,08	-6,88	-81,60
12:27:51:973	exp.	5,09	-6,54	-82,40
12:27:51:983	exp.	5,09	-6,21	-83,20
12:27:51:993	exp.	5,10	-5,90	-83,90
12:27:52:003	exp.	5,10	-5,62	-84,60
12:27:52:013	exp.	5,12	-5,37	-85,30
12:27:52:023	exp.	5,16	-5,13	-86,00
12:27:52:033	exp.	5,21	-4,89	-86,60
12:27:52:043	exp.	5,29	-4,66	-87,30
12:27:52:053	exp.	5,35	-4,47	-88,00
12:27:52:063	exp.	5,39	-4,32	-88,70
12:27:52:073	exp.	5,38	-4,22	-89,50
12:27:52:083	exp.	5,35	-4,19	-90,30
12:27:52:093	exp.	5,34	-4,21	-91,20
12:27:52:103	exp.	5,36	-4,25	-92,10
12:27:52:113	exp.	5,40	-4,34	-93,00
12:27:52:123	exp.	5,40	-4,46	-93,90
12:27:52:133	exp.	5,39	-4,64	-94,90
12:27:52:143	exp.	5,37	-4,85	-95,90
12:27:52:153	exp.	5,34	-5,09	-96,90
12:27:52:163	exp.	5,32	-5,33	-98,00
12:27:52:173	exp.	5,31	-5,53	-99,00
12:27:52:183	exp.	5,30	-5,66	-100,00
