[REC]
Date	01/06/24 02:23:58
Fichier	1717208637647.txt
Ventilateur	21946 
Système	4.4 
Version	4.4.0.78be7bed 
Statut du contrôle avant utilisation	Succès
Dernière exécution du contrôle avant utilisation	27/05/24 05:50:43
Date format	dd/MM/yy
Language setting	fr_FR
Decimal separator	COMMA
==========
Date de l'enregistrement	01/06/24 02:23:42
Mode de ventilation	Aide inspiratoire/VS PEP
Catégorie patient	Adulte
Automode	non
Apnée	non
VNI	non
Capteur à la pièce en Y	non
Compensation de fuite	non
Compensation du circuit	oui
Niv. AI sur PEP	12	cmH2O
PC d'apnée sur PEP	15	cmH2O
PEP	7,0	cmH2O
FR vent. apnée	15	resp/min
Conc. O2	80	%
Pentetps insp. (s)	0,00	Sec.
Trigger en débit	2,0	l/min
Fin d'insuff.	30	%
Ti Vent. Ap.	0,90	Sec.

[DATA]
Durée	Phase respiratoire	Pva (cmH2O)	DÉBIT (l/min)	V (ml)	Trigger
02:23:27:313	exp.	7,98	-21,60	246,70
02:23:27:323	exp.	7,98	-21,29	243,40
02:23:27:333	exp.	7,97	-21,02	240,10
02:23:27:343	exp.	7,94	-20,76	236,80
02:23:27:353	exp.	7,92	-20,51	233,60
02:23:27:363	exp.	7,89	-20,27	230,50
02:23:27:373	exp.	7,84	-20,05	227,40
02:23:27:383	exp.	7,80	-19,84	224,40
02:23:27:393	exp.	7,77	-19,61	221,40
02:23:27:403	exp.	7,77	-19,36	218,40
02:23:27:413	exp.	7,79	-19,10	215,60
02:23:27:423	exp.	7,81	-18,82	212,70
02:23:27:435	exp.	7,84	-18,53	209,90
02:23:27:443	exp.	7,86	-18,23	207,10
02:23:27:453	exp.	7,86	-17,95	204,40
02:23:27:463	exp.	7,82	-17,69	201,70
02:23:27:473	exp.	7,79	-17,43	199,00
02:23:27:483	exp.	7,74	-17,17	196,40
02:23:27:493	exp.	7,71	-16,91	193,80
02:23:27:503	exp.	7,70	-16,67	191,20
02:23:27:513	exp.	7,71	-16,43	188,70
02:23:27:523	exp.	7,74	-16,21	186,20
02:23:27:533	exp.	7,76	-16,02	183,70
02:23:27:543	exp.	7,76	-15,83	181,20
02:23:27:553	exp.	7,75	-15,65	178,70
02:23:27:563	exp.	7,74	-15,47	176,30
02:23:27:573	exp.	7,71	-15,29	173,90
02:23:27:583	exp.	7,70	-15,11	171,60
02:23:27:593	exp.	7,69	-14,95	169,20
02:23:27:603	exp.	7,67	-14,78	166,90
02:23:27:613	exp.	7,65	-14,64	164,60
02:23:27:623	exp.	7,65	-14,50	162,40
02:23:27:637	exp.	7,64	-14,35	160,10
02:23:27:643	exp.	7,64	-14,20	157,90
02:23:27:653	exp.	7,62	-14,03	155,80
02:23:27:663	exp.	7,60	-13,86	153,70
02:23:27:673	exp.	7,58	-13,68	151,60
02:23:27:683	exp.	7,56	-13,49	149,60
02:23:27:693	exp.	7,55	-13,30	147,60
02:23:27:703	exp.	7,55	-13,09	145,70
02:23:27:713	exp.	7,54	-12,88	143,70
02:23:27:723	exp.	7,56	-12,65	141,80
02:23:27:733	exp.	7,58	-12,43	140,00
02:23:27:743	exp.	7,60	-12,20	138,10
02:23:27:753	exp.	7,62	-11,98	136,30
02:23:27:763	exp.	7,64	-11,78	134,40
02:23:27:773	exp.	7,65	-11,59	132,60
02:23:27:785	exp.	7,66	-11,43	130,80
02:23:27:793	exp.	7,67	-11,30	128,90
02:23:27:803	exp.	7,67	-11,21	127,10
02:23:27:813	exp.	7,65	-11,15	125,20
02:23:27:823	exp.	7,62	-11,11	123,30
02:23:27:837	exp.	7,60	-11,10	121,40
02:23:27:843	exp.	7,60	-11,10	119,60
02:23:27:853	exp.	7,61	-11,10	117,70
02:23:27:863	exp.	7,63	-11,12	115,80
02:23:27:873	exp.	7,67	-11,14	114,00
02:23:27:884	exp.	7,72	-11,17	112,10
02:23:27:893	exp.	7,74	-11,20	110,20
02:23:27:903	exp.	7,74	-11,23	108,20
02:23:27:913	exp.	7,71	-11,27	106,30
02:23:27:923	exp.	7,67	-11,31	104,40
02:23:27:933	exp.	7,62	-11,34	102,50
02:23:27:943	exp.	7,61	-11,37	100,50
02:23:27:953	exp.	7,64	-11,40	98,60
02:23:27:963	exp.	7,70	-11,42	96,60
02:23:27:973	exp.	7,75	-11,47	94,60
02:23:27:983	exp.	7,79	-11,53	92,60
02:23:27:993	exp.	7,81	-11,62	90,50
02:23:28:003	exp.	7,82	-11,73	88,40
02:23:28:013	exp.	7,80	-11,85	86,20
02:23:28:023	exp.	7,78	-11,98	84,10
02:23:28:034	exp.	7,76	-12,11	81,90
02:23:28:043	exp.	7,73	-12,25	79,70
02:23:28:053	exp.	7,71	-12,40	77,60
02:23:28:063	exp.	7,68	-12,56	75,40
02:23:28:073	exp.	7,66	-12,71	73,20
02:23:28:083	exp.	7,65	-12,84	71,10
02:23:28:093	exp.	7,64	-12,93	68,90
02:23:28:103	exp.	7,64	-12,98	66,80
02:23:28:113	exp.	7,62	-12,98	64,70
02:23:28:123	exp.	7,59	-12,95	62,70
02:23:28:133	exp.	7,57	-12,91	60,70
02:23:28:143	exp.	7,54	-12,83	58,70
02:23:28:153	exp.	7,54	-12,72	56,80
02:23:28:163	exp.	7,54	-12,58	54,90
02:23:28:173	exp.	7,54	-12,41	53,00
02:23:28:183	exp.	7,54	-12,22	51,20
02:23:28:193	exp.	7,54	-12,03	49,30
02:23:28:203	exp.	7,54	-11,84	47,50
02:23:28:213	exp.	7,54	-11,66	45,70
02:23:28:223	exp.	7,55	-11,48	43,90
02:23:28:235	exp.	7,56	-11,32	42,10
02:23:28:243	exp.	7,56	-11,17	40,40
02:23:28:253	exp.	7,54	-11,05	38,60
02:23:28:263	exp.	7,50	-10,95	36,90
02:23:28:273	exp.	7,46	-10,86	35,20
02:23:28:285	exp.	7,44	-10,78	33,50
02:23:28:293	exp.	7,42	-10,68	31,90
02:23:28:303	exp.	7,41	-10,55	30,40
02:23:28:313	exp.	7,42	-10,40	28,80
02:23:28:323	exp.	7,44	-10,24	27,40
02:23:28:333	exp.	7,45	-10,05	25,90
02:23:28:343	exp.	7,46	-9,86	24,50
02:23:28:353	exp.	7,46	-9,65	23,10
02:23:28:363	exp.	7,44	-9,43	21,70
02:23:28:373	exp.	7,40	-9,21	20,30
02:23:28:383	exp.	7,37	-8,99	19,00
02:23:28:393	exp.	7,34	-8,79	17,70
02:23:28:403	exp.	7,34	-8,59	16,50
02:23:28:413	exp.	7,34	-8,39	15,30
02:23:28:423	exp.	7,37	-8,21	14,00
02:23:28:435	exp.	7,39	-8,05	12,80
02:23:28:443	exp.	7,41	-7,90	11,60
02:23:28:453	exp.	7,41	-7,76	10,40
02:23:28:463	exp.	7,38	-7,64	9,30
02:23:28:473	exp.	7,35	-7,52	8,10
02:23:28:484	exp.	7,32	-7,39	7,00
02:23:28:493	exp.	7,31	-7,25	6,00
02:23:28:503	exp.	7,30	-7,12	4,90
02:23:28:513	exp.	7,27	-7,00	3,90
02:23:28:523	exp.	7,26	-6,88	2,90
02:23:28:533	exp.	7,23	-6,76	2,00
02:23:28:543	exp.	7,22	-6,62	1,00
02:23:28:553	exp.	7,22	-6,46	0,10
02:23:28:563	exp.	7,21	-6,29	-0,80
02:23:28:573	exp.	7,18	-6,11	-1,60
02:23:28:583	exp.	7,15	-5,95	-2,40
02:23:28:593	exp.	7,13	-5,78	-3,20
02:23:28:603	exp.	7,12	-5,62	-3,90
02:23:28:613	exp.	7,11	-5,42	-4,50
02:23:28:623	exp.	7,12	-5,21	-5,10
02:23:28:633	exp.	7,14	-4,96	-5,70
02:23:28:643	exp.	7,15	-4,69	-6,20
02:23:28:653	exp.	7,17	-4,43	-6,70
02:23:28:663	exp.	7,19	-4,18	-7,10
02:23:28:673	exp.	7,22	-3,92	-7,60
02:23:28:683	exp.	7,25	-3,67	-8,00
02:23:28:693	exp.	7,25	-3,44	-8,40
02:23:28:703	exp.	7,22	-3,22	-8,80
02:23:28:713	exp.	7,18	-3,03	-9,20
02:23:28:723	exp.	7,13	-2,86	-9,50
02:23:28:733	exp.	7,09	-2,70	-9,70
02:23:28:743	exp.	7,06	-2,53	-9,90
02:23:28:753	exp.	7,05	-2,35	-10,00
02:23:28:763	exp.	7,05	-2,14	-10,20
02:23:28:773	exp.	7,07	-1,93	-10,30
02:23:28:785	exp.	7,10	-1,72	-10,50
02:23:28:794	exp.	7,14	-1,53	-10,70
02:23:28:803	exp.	7,16	-1,37	-10,90
02:23:28:813	exp.	7,14	-1,24	-11,10
02:23:28:823	exp.	7,11	-1,14	-11,20
02:23:28:839	exp.	7,07	-1,07	-11,40
02:23:28:843	exp.	7,04	-1,03	-11,50
02:23:28:853	exp.	7,02	-1,00	-11,60
02:23:28:863	exp.	7,03	-0,95	-11,70
02:23:28:873	exp.	7,06	-0,91	-11,70
02:23:28:883	exp.	7,09	-0,85	-11,80
02:23:28:893	exp.	7,11	-0,80	-11,90
02:23:28:903	exp.	7,13	-0,75	-12,00
02:23:28:913	exp.	7,13	-0,70	-12,10
02:23:28:923	exp.	7,13	-0,65	-12,20
02:23:28:933	exp.	7,11	-0,61	-12,40
02:23:28:943	exp.	7,07	-0,56	-12,40
02:23:28:953	exp.	7,05	-0,55	-12,50
02:23:28:963	exp.	7,02	-0,55	-12,60
02:23:28:973	exp.	7,00	-0,56	-12,60
02:23:28:983	exp.	7,00	-0,56	-12,60
02:23:28:993	exp.	6,99	-0,54	-12,60
02:23:29:003	exp.	7,00	-0,50	-12,70
02:23:29:013	exp.	7,00	-0,44	-12,70
02:23:29:023	exp.	7,00	-0,38	-12,80
02:23:29:035	exp.	6,99	-0,32	-12,80
02:23:29:043	exp.	6,97	-0,28	-12,80
02:23:29:053	exp.	6,97	-0,24	-12,80
02:23:29:063	exp.	6,98	-0,20	-12,90
02:23:29:073	exp.	6,98	-0,18	-12,90
02:23:29:084	exp.	7,00	-0,17	-12,90
02:23:29:093	exp.	7,02	-0,16	-12,90
02:23:29:103	exp.	7,04	-0,16	-13,00
02:23:29:113	exp.	7,07	-0,17	-13,00
02:23:29:123	exp.	7,11	-0,17	-13,10
02:23:29:133	exp.	7,14	-0,19	-13,20
02:23:29:143	exp.	7,15	-0,20	-13,30
02:23:29:153	exp.	7,13	-0,23	-13,40
02:23:29:163	exp.	7,08	-0,29	-13,40
02:23:29:173	exp.	7,04	-0,34	-13,50
02:23:29:183	exp.	7,01	-0,38	-13,50
02:23:29:193	exp.	6,98	-0,41	-13,50
02:23:29:203	exp.	6,97	-0,40	-13,50
02:23:29:213	exp.	6,98	-0,36	-13,50
02:23:29:223	exp.	7,01	-0,31	-13,50
02:23:29:234	exp.	7,04	-0,27	-13,60
02:23:29:243	exp.	7,07	-0,23	-13,60
02:23:29:253	exp.	7,08	-0,20	-13,70
02:23:29:263	exp.	7,06	-0,18	-13,80
02:23:29:273	exp.	7,01	-0,17	-13,80
02:23:29:285	exp.	6,96	-0,17	-13,80
02:23:29:294	exp.	6,91	-0,17	-13,80
02:23:29:303	exp.	6,89	-0,17	-13,80
02:23:29:313	exp.	6,89	-0,16	-13,80
02:23:29:323	exp.	6,91	-0,14	-13,80
02:23:29:333	exp.	6,93	-0,10	-13,80
02:23:29:343	exp.	6,94	-0,05	-13,80
02:23:29:353	exp.	6,94	-0,01	-13,80
02:23:29:363	exp.	6,92	0,04	-13,80
02:23:29:373	exp.	6,88	0,08	-13,80
02:23:29:384	exp.	6,83	0,11	-13,80
02:23:29:393	exp.	6,77	0,15	-13,80
02:23:29:403	exp.	6,67	0,17	-13,80
02:23:29:413	exp.	6,55	0,20	-13,80
02:23:29:423	exp.	6,36	0,23	-13,80
02:23:29:447	insp.	5,84	0,41	0,50	Pression
02:23:29:448	insp.	5,84	0,41	0,50
02:23:29:453	insp.	5,55	0,61	1,00
02:23:29:463	insp.	5,24	0,92	1,70
02:23:29:473	insp.	6,11	1,22	2,80
02:23:29:484	insp.	9,33	1,65	4,20
02:23:29:493	insp.	11,48	2,23	6,20
02:23:29:503	insp.	11,75	2,87	9,60
02:23:29:513	insp.	11,66	4,02	14,40
02:23:29:523	insp.	12,28	6,14	20,60
02:23:29:533	insp.	13,31	9,38	27,80
02:23:29:543	insp.	13,95	13,57	36,10
02:23:29:553	insp.	14,26	18,38	45,50
02:23:29:563	insp.	14,90	23,71	55,20
02:23:29:573	insp.	15,74	29,35	64,90
02:23:29:583	insp.	16,13	34,73	74,80
02:23:29:593	insp.	16,40	40,01	85,20
02:23:29:603	insp.	16,84	45,49	95,80
02:23:29:613	insp.	17,21	50,65	106,40
02:23:29:623	insp.	17,37	54,85	117,10
02:23:29:636	insp.	17,51	57,92	128,00
02:23:29:643	insp.	17,75	60,10	138,90
02:23:29:653	insp.	17,98	61,67	149,80
02:23:29:663	insp.	18,05	62,60	160,70
02:23:29:673	insp.	18,12	63,19	171,50
02:23:29:683	insp.	18,25	63,92	182,30
02:23:29:693	insp.	18,40	64,58	193,00
02:23:29:703	insp.	18,40	64,90	203,70
02:23:29:713	insp.	18,45	64,94	214,20
02:23:29:723	insp.	18,53	64,92	224,70
02:23:29:733	insp.	18,58	64,83	235,00
02:23:29:743	insp.	18,58	64,56	245,30
02:23:29:753	insp.	18,56	64,13	255,40
02:23:29:763	insp.	18,54	63,67	265,50
02:23:29:773	insp.	18,59	63,22	275,50
02:23:29:785	insp.	18,62	62,69	285,30
02:23:29:793	insp.	18,64	62,11	295,10
02:23:29:803	insp.	18,65	61,54	304,70
02:23:29:813	insp.	18,67	60,95	314,20
02:23:29:823	insp.	18,67	60,32	323,70
02:23:29:836	insp.	18,67	59,67	333,00
02:23:29:843	insp.	18,70	59,05	342,20
02:23:29:853	insp.	18,70	58,46	351,40
02:23:29:863	insp.	18,68	57,85	360,40
02:23:29:873	insp.	18,68	57,25	369,40
02:23:29:883	insp.	18,68	56,66	378,30
02:23:29:893	insp.	18,68	56,08	387,10
02:23:29:903	insp.	18,68	55,51	395,90
02:23:29:913	insp.	18,71	54,95	404,50
02:23:29:923	insp.	18,73	54,42	413,10
02:23:29:933	insp.	18,78	53,91	421,50
02:23:29:943	insp.	18,82	53,38	429,90
02:23:29:953	insp.	18,86	52,85	438,20
02:23:29:963	insp.	18,94	52,34	446,30
02:23:29:973	insp.	19,05	51,83	454,40
02:23:29:984	insp.	19,21	51,29	462,30
02:23:29:993	insp.	19,34	50,72	470,10
02:23:30:003	insp.	19,48	50,14	477,70
02:23:30:013	insp.	19,63	49,51	485,10
02:23:30:023	insp.	19,80	48,81	492,40
02:23:30:035	insp.	19,95	48,06	499,40
02:23:30:043	insp.	20,08	47,26	506,20
02:23:30:053	insp.	20,19	46,39	512,90
02:23:30:063	insp.	20,14	45,46	519,20
02:23:30:073	insp.	19,92	44,41	525,30
02:23:30:083	insp.	19,82	43,27	531,20
02:23:30:093	insp.	19,95	42,08	536,80
02:23:30:103	insp.	20,06	40,81	542,00
02:23:30:113	insp.	20,09	39,43	547,00
02:23:30:123	insp.	20,07	37,95	551,70
02:23:30:133	insp.	20,08	36,43	556,30
02:23:30:143	insp.	20,08	34,87	560,50
02:23:30:153	insp.	20,02	33,29	564,70
02:23:30:163	insp.	19,96	31,75	568,60
02:23:30:173	insp.	19,94	30,29	572,50
02:23:30:183	insp.	19,89	28,88	576,10
02:23:30:194	exp.	19,83	27,50	579,60
02:23:30:203	exp.	19,76	26,18	582,90
02:23:30:213	exp.	17,75	24,98	586,00
02:23:30:223	exp.	17,18	23,95	588,70
02:23:30:235	exp.	15,46	23,15	590,30
02:23:30:243	exp.	12,78	22,12	590,80
02:23:30:253	exp.	10,85	20,56	589,70
02:23:30:264	exp.	9,81	18,20	586,70
02:23:30:273	exp.	9,24	14,67	581,80
02:23:30:285	exp.	8,73	9,77	575,20
02:23:30:294	exp.	8,47	3,68	567,80
02:23:30:303	exp.	8,57	-3,15	559,60
02:23:30:313	exp.	8,71	-10,28	550,90
02:23:30:323	exp.	8,82	-17,71	542,30
02:23:30:333	exp.	9,17	-25,16	534,00
02:23:30:343	exp.	9,52	-31,97	525,80
02:23:30:353	exp.	9,62	-37,99	517,80
02:23:30:364	exp.	9,63	-43,03	510,10
02:23:30:373	exp.	9,61	-46,69	502,60
02:23:30:383	exp.	9,55	-48,69	495,40
02:23:30:393	exp.	9,42	-49,24	488,40
02:23:30:403	exp.	9,27	-48,80	481,60
02:23:30:413	exp.	9,23	-47,81	475,10
02:23:30:423	exp.	9,21	-46,36	468,70
02:23:30:437	exp.	9,15	-44,88	462,40
02:23:30:443	exp.	9,11	-43,57	456,30
02:23:30:453	exp.	9,08	-42,29	450,40
02:23:30:463	exp.	9,06	-41,00	444,50
02:23:30:473	exp.	9,02	-39,77	438,80
02:23:30:483	exp.	8,99	-38,67	433,20
02:23:30:493	exp.	8,93	-37,63	427,70
02:23:30:503	exp.	8,86	-36,68	422,20
02:23:30:513	exp.	8,82	-35,88	416,80
02:23:30:523	exp.	8,79	-35,18	411,40
02:23:30:533	exp.	8,73	-34,52	406,10
02:23:30:543	exp.	8,69	-33,94	400,80
02:23:30:553	exp.	8,67	-33,45	395,60
02:23:30:563	exp.	8,67	-33,01	390,40
02:23:30:573	exp.	8,68	-32,62	385,20
02:23:30:583	exp.	8,69	-32,29	380,10
02:23:30:593	exp.	8,69	-32,00	375,00
02:23:30:603	exp.	8,66	-31,73	370,00
02:23:30:613	exp.	8,59	-31,47	365,00
02:23:30:623	exp.	8,51	-31,22	360,20
02:23:30:635	exp.	8,44	-30,95	355,40
02:23:30:643	exp.	8,38	-30,64	350,70
02:23:30:653	exp.	8,36	-30,30	346,10
02:23:30:663	exp.	8,37	-29,92	341,60
02:23:30:673	exp.	8,39	-29,50	337,10
02:23:30:683	exp.	8,40	-29,08	332,60
02:23:30:693	exp.	8,39	-28,66	328,30
02:23:30:703	exp.	8,37	-28,25	323,90
02:23:30:713	exp.	8,35	-27,83	319,70
02:23:30:723	exp.	8,29	-27,41	315,40
02:23:30:733	exp.	8,24	-27,01	311,30
02:23:30:743	exp.	8,21	-26,62	307,20
02:23:30:753	exp.	8,17	-26,26	303,10
02:23:30:763	exp.	8,14	-25,93	299,10
02:23:30:773	exp.	8,13	-25,61	295,20
02:23:30:785	exp.	8,12	-25,30	291,40
02:23:30:793	exp.	8,11	-24,95	287,50
02:23:30:803	exp.	8,09	-24,61	283,80
02:23:30:813	exp.	8,08	-24,28	280,10
02:23:30:823	exp.	8,06	-23,93	276,40
02:23:30:835	exp.	8,03	-23,57	272,90
02:23:30:843	exp.	8,00	-23,24	269,30
02:23:30:853	exp.	7,99	-22,89	265,90
02:23:30:863	exp.	7,98	-22,52	262,50
02:23:30:873	exp.	7,98	-22,16	259,10
02:23:30:883	exp.	7,97	-21,82	255,80
02:23:30:893	exp.	7,97	-21,49	252,50
02:23:30:903	exp.	7,99	-21,16	249,20
02:23:30:913	exp.	8,00	-20,85	246,00
02:23:30:923	exp.	8,00	-20,56	242,80
02:23:30:933	exp.	8,00	-20,29	239,60
02:23:30:943	exp.	7,97	-20,03	236,40
02:23:30:953	exp.	7,94	-19,81	233,30
02:23:30:963	exp.	7,91	-19,61	230,20
02:23:30:973	exp.	7,87	-19,43	227,10
02:23:30:983	exp.	7,85	-19,25	224,10
02:23:30:993	exp.	7,85	-19,08	221,10
02:23:31:003	exp.	7,84	-18,90	218,10
02:23:31:013	exp.	7,85	-18,73	215,20
02:23:31:023	exp.	7,88	-18,56	212,20
02:23:31:033	exp.	7,92	-18,41	209,30
02:23:31:043	exp.	7,94	-18,25	206,40
02:23:31:053	exp.	7,92	-18,09	203,50
02:23:31:063	exp.	7,89	-17,93	200,70
02:23:31:073	exp.	7,86	-17,78	197,90
02:23:31:083	exp.	7,82	-17,63	195,10
02:23:31:093	exp.	7,82	-17,48	192,40
02:23:31:103	exp.	7,83	-17,33	189,60
02:23:31:113	exp.	7,85	-17,18	186,90
02:23:31:123	exp.	7,89	-17,03	184,10
02:23:31:133	exp.	7,93	-16,89	181,40
02:23:31:143	exp.	7,95	-16,78	178,60
02:23:31:153	exp.	7,96	-16,67	175,90
02:23:31:163	exp.	7,96	-16,60	173,10
02:23:31:173	exp.	7,97	-16,55	170,30
02:23:31:183	exp.	7,97	-16,52	167,50
02:23:31:193	exp.	7,95	-16,51	164,70
02:23:31:203	exp.	7,93	-16,54	161,90
02:23:31:213	exp.	7,91	-16,58	159,10
02:23:31:223	exp.	7,89	-16,64	156,30
02:23:31:233	exp.	7,88	-16,69	153,50
02:23:31:243	exp.	7,86	-16,73	150,80
02:23:31:253	exp.	7,85	-16,75	148,00
02:23:31:263	exp.	7,84	-16,75	145,20
02:23:31:273	exp.	7,83	-16,73	142,50
02:23:31:286	exp.	7,80	-16,73	139,80
02:23:31:294	exp.	7,79	-16,70	137,10
02:23:31:303	exp.	7,79	-16,65	134,40
02:23:31:313	exp.	7,81	-16,58	131,80
02:23:31:323	exp.	7,83	-16,48	129,20
02:23:31:333	exp.	7,83	-16,37	126,60
02:23:31:343	exp.	7,84	-16,25	124,00
02:23:31:353	exp.	7,85	-16,13	121,40
02:23:31:363	exp.	7,86	-16,02	118,80
02:23:31:373	exp.	7,87	-15,91	116,30
02:23:31:384	exp.	7,87	-15,77	113,70
02:23:31:393	exp.	7,84	-15,66	111,20
02:23:31:403	exp.	7,80	-15,56	108,60
02:23:31:413	exp.	7,75	-15,50	106,10
02:23:31:423	exp.	7,71	-15,44	103,70
02:23:31:434	exp.	7,67	-15,37	101,20
02:23:31:443	exp.	7,63	-15,29	98,80
02:23:31:453	exp.	7,64	-15,17	96,50
02:23:31:463	exp.	7,66	-15,02	94,20
02:23:31:473	exp.	7,70	-14,86	91,90
02:23:31:483	exp.	7,73	-14,69	89,70
02:23:31:493	exp.	7,74	-14,52	87,40
02:23:31:503	exp.	7,73	-14,34	85,20
02:23:31:513	exp.	7,70	-14,15	83,00
02:23:31:523	exp.	7,67	-13,95	80,90
02:23:31:533	exp.	7,65	-13,75	78,80
02:23:31:543	exp.	7,62	-13,55	76,70
02:23:31:553	exp.	7,63	-13,37	74,60
02:23:31:563	exp.	7,64	-13,21	72,60
02:23:31:573	exp.	7,65	-13,04	70,50
02:23:31:583	exp.	7,65	-12,91	68,40
02:23:31:593	exp.	7,65	-12,80	66,40
02:23:31:603	exp.	7,64	-12,67	64,40
02:23:31:613	exp.	7,64	-12,55	62,40
02:23:31:623	exp.	7,62	-12,44	60,40
02:23:31:637	exp.	7,60	-12,34	58,50
02:23:31:643	exp.	7,58	-12,23	56,60
02:23:31:653	exp.	7,55	-12,13	54,70
02:23:31:663	exp.	7,51	-12,03	52,90
02:23:31:673	exp.	7,49	-11,92	51,10
02:23:31:683	exp.	7,46	-11,77	49,30
02:23:31:693	exp.	7,45	-11,59	47,60
02:23:31:703	exp.	7,44	-11,39	46,00
02:23:31:713	exp.	7,43	-11,17	44,40
02:23:31:723	exp.	7,40	-10,94	42,80
02:23:31:733	exp.	7,37	-10,69	41,30
02:23:31:743	exp.	7,36	-10,45	39,80
02:23:31:753	exp.	7,36	-10,19	38,40
02:23:31:763	exp.	7,35	-9,90	37,10
02:23:31:773	exp.	7,34	-9,61	35,80
02:23:31:785	exp.	7,34	-9,32	34,50
02:23:31:794	exp.	7,34	-9,02	33,30
02:23:31:803	exp.	7,34	-8,75	32,10
02:23:31:813	exp.	7,34	-8,47	30,90
02:23:31:823	exp.	7,35	-8,21	29,70
02:23:31:838	exp.	7,37	-7,94	28,60
02:23:31:843	exp.	7,36	-7,71	27,40
02:23:31:853	exp.	7,34	-7,51	26,30
02:23:31:863	exp.	7,30	-7,33	25,20
02:23:31:873	exp.	7,27	-7,19	24,10
02:23:31:883	exp.	7,25	-7,07	23,00
02:23:31:893	exp.	7,23	-6,96	22,00
02:23:31:903	exp.	7,23	-6,83	21,00
02:23:31:913	exp.	7,24	-6,69	20,10
02:23:31:923	exp.	7,27	-6,55	19,10
02:23:31:933	exp.	7,30	-6,43	18,10
02:23:31:943	exp.	7,32	-6,31	17,20
02:23:31:953	exp.	7,32	-6,19	16,30
02:23:31:963	exp.	7,28	-6,08	15,30
02:23:31:973	exp.	7,23	-5,96	14,50
02:23:31:983	exp.	7,19	-5,84	13,60
02:23:31:993	exp.	7,16	-5,71	12,90
02:23:32:003	exp.	7,17	-5,57	12,10
02:23:32:013	exp.	7,20	-5,43	11,40
02:23:32:023	exp.	7,24	-5,27	10,70
02:23:32:035	exp.	7,26	-5,12	10,00
02:23:32:043	exp.	7,29	-4,96	9,30
02:23:32:053	exp.	7,31	-4,80	8,60
02:23:32:063	exp.	7,31	-4,65	7,90
02:23:32:073	exp.	7,30	-4,51	7,20
02:23:32:083	exp.	7,27	-4,38	6,50
02:23:32:093	exp.	7,26	-4,28	5,80
02:23:32:103	exp.	7,24	-4,22	5,10
02:23:32:113	exp.	7,22	-4,19	4,40
02:23:32:123	exp.	7,20	-4,18	3,80
02:23:32:133	exp.	7,20	-4,17	3,10
02:23:32:143	exp.	7,20	-4,16	2,50
02:23:32:153	exp.	7,19	-4,14	1,90
02:23:32:163	exp.	7,17	-4,09	1,30
02:23:32:173	exp.	7,15	-4,03	0,80
02:23:32:183	exp.	7,12	-3,94	0,20
02:23:32:193	exp.	7,12	-3,83	-0,20
02:23:32:203	exp.	7,12	-3,71	-0,70
02:23:32:213	exp.	7,15	-3,56	-1,10
02:23:32:223	exp.	7,18	-3,41	-1,50
02:23:32:233	exp.	7,21	-3,25	-1,90
02:23:32:243	exp.	7,22	-3,09	-2,30
02:23:32:253	exp.	7,22	-2,94	-2,70
02:23:32:263	exp.	7,24	-2,79	-3,00
02:23:32:273	exp.	7,26	-2,65	-3,40
02:23:32:285	exp.	7,27	-2,51	-3,70
02:23:32:294	exp.	7,27	-2,39	-4,00
02:23:32:303	exp.	7,25	-2,29	-4,30
02:23:32:313	exp.	7,19	-2,21	-4,60
02:23:32:323	exp.	7,15	-2,12	-4,80
02:23:32:333	exp.	7,12	-2,03	-5,00
02:23:32:343	exp.	7,10	-1,92	-5,10
02:23:32:353	exp.	7,10	-1,78	-5,30
02:23:32:363	exp.	7,10	-1,63	-5,40
02:23:32:373	exp.	7,13	-1,48	-5,60
02:23:32:383	exp.	7,16	-1,34	-5,70
02:23:32:393	exp.	7,18	-1,24	-5,90
02:23:32:403	exp.	7,18	-1,15	-6,10
02:23:32:413	exp.	7,18	-1,08	-6,30
02:23:32:423	exp.	7,14	-1,03	-6,40
02:23:32:435	exp.	7,10	-1,00	-6,60
02:23:32:443	exp.	7,06	-0,98	-6,70
02:23:32:453	exp.	7,04	-0,96	-6,80
02:23:32:463	exp.	7,04	-0,92	-6,80
02:23:32:473	exp.	7,05	-0,88	-6,90
02:23:32:483	exp.	7,06	-0,83	-6,90
02:23:32:493	exp.	7,07	-0,77	-7,00
02:23:32:503	exp.	7,08	-0,70	-7,10
02:23:32:513	exp.	7,06	-0,63	-7,20
02:23:32:523	exp.	7,02	-0,56	-7,20
02:23:32:533	exp.	6,97	-0,50	-7,30
02:23:32:543	exp.	6,92	-0,43	-7,30
02:23:32:553	exp.	6,88	-0,38	-7,30
02:23:32:563	exp.	6,83	-0,34	-7,30
02:23:32:573	exp.	6,77	-0,29	-7,30
02:23:32:583	exp.	6,72	-0,23	-7,30
02:23:32:593	exp.	6,67	-0,14	-7,30
02:23:32:603	exp.	6,63	-0,03	-7,30
02:23:32:613	exp.	6,54	0,10	-7,30
02:23:32:623	exp.	6,40	0,26	-7,30
02:23:32:633	exp.	6,21	0,41	-7,30
02:23:32:645	insp.	5,94	0,58	0,40	Pression
02:23:32:653	insp.	5,67	0,79	0,90
02:23:32:663	insp.	5,36	1,05	1,50
02:23:32:673	insp.	5,55	1,33	2,40
02:23:32:683	insp.	7,83	1,63	3,70
02:23:32:693	insp.	10,60	2,11	5,30
02:23:32:703	insp.	11,81	2,63	7,90
02:23:32:713	insp.	11,92	3,44	11,90
02:23:32:723	insp.	12,24	4,99	17,30
02:23:32:733	insp.	13,03	7,57	23,80
02:23:32:743	insp.	13,74	11,20	31,40
02:23:32:753	insp.	14,10	15,60	40,20
02:23:32:763	insp.	14,60	20,59	49,70
02:23:32:773	insp.	15,38	26,06	59,30
02:23:32:785	insp.	15,96	31,51	69,00
02:23:32:793	insp.	16,19	36,76	79,10
02:23:32:803	insp.	16,58	42,14	89,50
02:23:32:813	insp.	17,02	47,47	100,10
02:23:32:823	insp.	17,31	52,16	110,60
02:23:32:835	insp.	17,44	55,83	121,40
02:23:32:843	insp.	17,65	58,49	132,20
02:23:32:853	insp.	17,87	60,43	143,00
02:23:32:863	insp.	18,02	61,70	153,80
02:23:32:873	insp.	18,06	62,41	164,60
02:23:32:883	insp.	18,16	63,10	175,40
02:23:32:893	insp.	18,31	63,82	186,10
02:23:32:903	insp.	18,37	64,31	196,70
02:23:32:913	insp.	18,41	64,50	207,30
02:23:32:923	insp.	18,51	64,54	217,80
02:23:32:933	insp.	18,62	64,52	228,20
02:23:32:943	insp.	18,66	64,37	238,40
02:23:32:953	insp.	18,67	64,03	248,60
02:23:32:963	insp.	18,67	63,62	258,60
02:23:32:973	insp.	18,70	63,21	268,60
02:23:32:983	insp.	18,75	62,73	278,40
02:23:32:993	insp.	18,73	62,16	288,10
02:23:33:003	insp.	18,73	61,57	297,70
02:23:33:013	insp.	18,77	60,96	307,20
02:23:33:023	insp.	18,80	60,32	316,60
02:23:33:035	insp.	18,85	59,63	325,80
02:23:33:043	insp.	18,93	58,95	334,90
02:23:33:053	insp.	19,01	58,28	343,90
02:23:33:063	insp.	19,07	57,61	352,80
02:23:33:073	insp.	19,13	56,90	361,50
02:23:33:083	insp.	19,20	56,17	370,10
02:23:33:093	insp.	19,28	55,42	378,50
02:23:33:103	insp.	19,38	54,66	386,80
02:23:33:113	insp.	19,52	53,88	394,90
02:23:33:123	insp.	19,66	53,08	402,80
02:23:33:133	insp.	19,76	52,24	410,50
02:23:33:143	insp.	19,83	51,34	418,00
02:23:33:153	insp.	19,89	50,38	425,30
02:23:33:163	insp.	19,95	49,37	432,40
02:23:33:173	insp.	19,97	48,33	439,30
02:23:33:183	insp.	19,97	47,26	446,00
02:23:33:193	insp.	19,95	46,14	452,50
02:23:33:203	insp.	19,93	44,99	458,80
02:23:33:213	insp.	19,90	43,80	464,90
02:23:33:223	insp.	19,86	42,59	470,80
02:23:33:237	insp.	19,82	41,38	476,50
02:23:33:243	insp.	19,78	40,19	482,10
02:23:33:253	insp.	19,78	39,02	487,50
02:23:33:263	insp.	19,76	37,86	492,70
02:23:33:273	insp.	19,73	36,72	497,70
02:23:33:285	insp.	19,71	35,59	502,60
02:23:33:293	insp.	19,69	34,48	507,30
02:23:33:303	insp.	19,65	33,40	511,90
02:23:33:313	insp.	19,58	32,34	516,30
02:23:33:323	insp.	19,51	31,31	520,60
02:23:33:333	insp.	19,48	30,32	524,90
02:23:33:343	insp.	19,48	29,39	528,90
02:23:33:353	insp.	19,48	28,49	532,90
02:23:33:363	insp.	19,52	27,64	536,70
02:23:33:373	insp.	19,55	26,81	540,50
02:23:33:383	insp.	19,58	26,02	544,00
02:23:33:393	insp.	19,60	25,22	547,50
02:23:33:404	exp.	19,58	24,44	550,80
02:23:33:413	exp.	18,74	23,72	554,00
02:23:33:423	exp.	17,26	23,02	557,00
02:23:33:437	exp.	16,27	22,51	559,20
02:23:33:443	exp.	13,72	21,90	560,20
02:23:33:453	exp.	11,44	20,80	560,00
02:23:33:464	exp.	10,15	19,01	557,90
02:23:33:473	exp.	9,44	16,21	554,00
02:23:33:483	exp.	8,85	12,10	548,20
02:23:33:493	exp.	8,46	6,68	541,30
02:23:33:503	exp.	8,47	0,30	533,70
02:23:33:513	exp.	8,62	-6,53	525,40
02:23:33:523	exp.	8,71	-13,67	517,00
02:23:33:533	exp.	8,93	-21,08	508,80
02:23:33:543	exp.	9,26	-28,10	500,80
02:23:33:553	exp.	9,42	-34,37	493,00
02:23:33:563	exp.	9,43	-39,79	485,60
02:23:33:573	exp.	9,46	-43,95	478,40
02:23:33:583	exp.	9,48	-46,48	471,50
02:23:33:593	exp.	9,40	-47,42	464,90
02:23:33:603	exp.	9,26	-47,16	458,50
02:23:33:613	exp.	9,18	-46,25	452,40
02:23:33:623	exp.	9,16	-44,81	446,30
02:23:33:633	exp.	9,09	-43,17	440,40
02:23:33:643	exp.	9,02	-41,68	434,60
02:23:33:653	exp.	8,97	-40,28	428,90
02:23:33:663	exp.	8,91	-38,92	423,40
02:23:33:673	exp.	8,85	-37,67	417,90
02:23:33:683	exp.	8,81	-36,60	412,40
02:23:33:693	exp.	8,79	-35,69	407,10
02:23:33:703	exp.	8,77	-34,88	401,80
02:23:33:713	exp.	8,77	-34,21	396,50
02:23:33:723	exp.	8,77	-33,67	391,20
02:23:33:733	exp.	8,77	-33,18	386,00
02:23:33:743	exp.	8,74	-32,76	380,80
02:23:33:753	exp.	8,68	-32,41	375,60
02:23:33:763	exp.	8,62	-32,11	370,50
02:23:33:773	exp.	8,56	-31,84	365,50
02:23:33:785	exp.	8,49	-31,56	360,60
02:23:33:793	exp.	8,46	-31,28	355,80
02:23:33:803	exp.	8,45	-30,98	351,00
02:23:33:813	exp.	8,45	-30,65	346,30
02:23:33:823	exp.	8,45	-30,31	341,60
02:23:33:837	exp.	8,43	-29,94	337,00
02:23:33:843	exp.	8,42	-29,56	332,50
02:23:33:853	exp.	8,41	-29,16	328,00
02:23:33:863	exp.	8,37	-28,75	323,50
02:23:33:873	exp.	8,32	-28,36	319,10
02:23:33:883	exp.	8,28	-27,98	314,80
02:23:33:893	exp.	8,27	-27,63	310,50
02:23:33:903	exp.	8,24	-27,31	306,30
02:23:33:913	exp.	8,22	-26,99	302,10
02:23:33:923	exp.	8,20	-26,68	298,00
02:23:33:933	exp.	8,18	-26,35	294,00
02:23:33:943	exp.	8,18	-26,00	290,00
02:23:33:953	exp.	8,17	-25,65	286,10
02:23:33:963	exp.	8,17	-25,30	282,30
02:23:33:973	exp.	8,14	-24,94	278,50
02:23:33:983	exp.	8,13	-24,58	274,70
02:23:33:993	exp.	8,11	-24,22	271,00
02:23:34:003	exp.	8,09	-23,87	267,30
02:23:34:013	exp.	8,08	-23,51	263,70
02:23:34:023	exp.	8,07	-23,17	260,10
02:23:34:036	exp.	8,07	-22,85	256,60
02:23:34:043	exp.	8,08	-22,56	253,00
02:23:34:053	exp.	8,09	-22,30	249,50
02:23:34:063	exp.	8,10	-22,05	246,00
02:23:34:073	exp.	8,10	-21,83	242,50
02:23:34:083	exp.	8,06	-21,62	239,10
02:23:34:093	exp.	8,03	-21,44	235,60
02:23:34:103	exp.	8,01	-21,28	232,30
02:23:34:113	exp.	7,99	-21,12	228,90
02:23:34:123	exp.	7,98	-20,98	225,60
02:23:34:133	exp.	7,95	-20,83	222,30
02:23:34:143	exp.	7,95	-20,67	219,00
02:23:34:153	exp.	7,96	-20,50	215,80
02:23:34:163	exp.	7,97	-20,32	212,60
02:23:34:173	exp.	7,99	-20,14	209,40
02:23:34:183	exp.	8,01	-19,94	206,30
02:23:34:193	exp.	8,04	-19,75	203,10
02:23:34:203	exp.	8,03	-19,57	200,00
02:23:34:213	exp.	8,01	-19,41	196,80
02:23:34:223	exp.	7,98	-19,28	193,70
02:23:34:235	exp.	7,95	-19,17	190,60
02:23:34:243	exp.	7,93	-19,07	187,50
02:23:34:253	exp.	7,94	-18,97	184,40
02:23:34:263	exp.	7,96	-18,87	181,30
02:23:34:273	exp.	8,01	-18,77	178,30
02:23:34:285	exp.	8,05	-18,71	175,20
02:23:34:294	exp.	8,07	-18,67	172,10
02:23:34:304	exp.	8,07	-18,64	169,00
02:23:34:313	exp.	8,06	-18,61	165,90
02:23:34:323	exp.	8,01	-18,57	162,80
02:23:34:333	exp.	7,99	-18,54	159,70
02:23:34:343	exp.	7,95	-18,51	156,70
02:23:34:353	exp.	7,93	-18,49	153,60
02:23:34:363	exp.	7,91	-18,48	150,60
02:23:34:373	exp.	7,91	-18,47	147,60
02:23:34:383	exp.	7,91	-18,44	144,60
02:23:34:393	exp.	7,89	-18,40	141,60
02:23:34:403	exp.	7,88	-18,34	138,60
02:23:34:413	exp.	7,86	-18,28	135,70
02:23:34:423	exp.	7,82	-18,20	132,70
02:23:34:439	exp.	7,80	-18,11	129,90
02:23:34:443	exp.	7,79	-18,01	127,00
02:23:34:453	exp.	7,79	-17,89	124,20
02:23:34:463	exp.	7,81	-17,75	121,40
02:23:34:473	exp.	7,82	-17,60	118,70
02:23:34:483	exp.	7,82	-17,44	116,00
02:23:34:493	exp.	7,80	-17,26	113,40
02:23:34:503	exp.	7,79	-17,05	110,80
02:23:34:513	exp.	7,80	-16,82	108,20
02:23:34:523	exp.	7,80	-16,58	105,70
02:23:34:533	exp.	7,79	-16,33	103,10
02:23:34:543	exp.	7,77	-16,10	100,60
02:23:34:553	exp.	7,73	-15,90	98,20
02:23:34:563	exp.	7,69	-15,71	95,70
02:23:34:573	exp.	7,66	-15,53	93,30
02:23:34:583	exp.	7,63	-15,35	90,90
02:23:34:593	exp.	7,61	-15,16	88,60
02:23:34:603	exp.	7,62	-14,96	86,30
02:23:34:613	exp.	7,63	-14,77	84,10
02:23:34:623	exp.	7,65	-14,59	81,90
02:23:34:633	exp.	7,66	-14,40	79,70
02:23:34:643	exp.	7,66	-14,19	77,60
02:23:34:653	exp.	7,62	-13,96	75,50
02:23:34:663	exp.	7,58	-13,73	73,50
02:23:34:673	exp.	7,54	-13,48	71,50
02:23:34:683	exp.	7,50	-13,22	69,50
02:23:34:693	exp.	7,48	-12,97	67,60
02:23:34:703	exp.	7,48	-12,73	65,70
02:23:34:713	exp.	7,51	-12,48	63,80
02:23:34:723	exp.	7,53	-12,25	62,00
02:23:34:733	exp.	7,54	-12,02	60,20
02:23:34:743	exp.	7,54	-11,81	58,40
02:23:34:753	exp.	7,53	-11,60	56,70
02:23:34:763	exp.	7,51	-11,41	54,90
02:23:34:773	exp.	7,47	-11,21	53,30
02:23:34:785	exp.	7,46	-11,02	51,60
02:23:34:793	exp.	7,45	-10,82	50,00
02:23:34:803	exp.	7,42	-10,64	48,40
02:23:34:813	exp.	7,41	-10,46	46,90
02:23:34:823	exp.	7,41	-10,28	45,40
02:23:34:839	exp.	7,38	-10,09	43,90
02:23:34:843	exp.	7,37	-9,88	42,50
02:23:34:853	exp.	7,35	-9,65	41,20
02:23:34:863	exp.	7,34	-9,41	39,90
02:23:34:873	exp.	7,32	-9,16	38,60
02:23:34:883	exp.	7,29	-8,91	37,40
02:23:34:893	exp.	7,27	-8,66	36,20
02:23:34:903	exp.	7,27	-8,41	35,00
02:23:34:913	exp.	7,29	-8,15	33,90
02:23:34:923	exp.	7,31	-7,90	32,80
02:23:34:933	exp.	7,33	-7,64	31,70
02:23:34:943	exp.	7,34	-7,41	30,70
02:23:34:953	exp.	7,36	-7,19	29,60
02:23:34:963	exp.	7,37	-7,00	28,50
02:23:34:973	exp.	7,38	-6,84	27,50
02:23:34:983	exp.	7,39	-6,70	26,40
02:23:34:993	exp.	7,38	-6,58	25,40
02:23:35:003	exp.	7,34	-6,49	24,40
02:23:35:013	exp.	7,30	-6,42	23,40
02:23:35:023	exp.	7,26	-6,37	22,40
02:23:35:034	exp.	7,24	-6,31	21,40
02:23:35:043	exp.	7,22	-6,23	20,50
02:23:35:053	exp.	7,22	-6,15	19,60
02:23:35:063	exp.	7,24	-6,05	18,80
02:23:35:073	exp.	7,27	-5,92	17,90
02:23:35:083	exp.	7,30	-5,80	17,10
02:23:35:093	exp.	7,30	-5,68	16,30
02:23:35:103	exp.	7,28	-5,54	15,50
02:23:35:113	exp.	7,23	-5,40	14,70
02:23:35:123	exp.	7,19	-5,27	13,90
02:23:35:133	exp.	7,15	-5,15	13,20
02:23:35:143	exp.	7,13	-5,02	12,60
02:23:35:153	exp.	7,13	-4,87	12,00
02:23:35:163	exp.	7,16	-4,69	11,40
02:23:35:173	exp.	7,20	-4,51	10,90
02:23:35:183	exp.	7,22	-4,32	10,40
02:23:35:193	exp.	7,25	-4,13	9,90
02:23:35:203	exp.	7,27	-3,94	9,40
02:23:35:213	exp.	7,28	-3,76	8,90
02:23:35:223	exp.	7,27	-3,56	8,50
02:23:35:234	exp.	7,24	-3,37	8,10
02:23:35:243	exp.	7,20	-3,18	7,70
02:23:35:253	exp.	7,17	-3,01	7,40
02:23:35:263	exp.	7,16	-2,84	7,10
02:23:35:273	exp.	7,14	-2,68	6,90
02:23:35:285	exp.	7,13	-2,53	6,60
02:23:35:293	exp.	7,12	-2,35	6,40
02:23:35:303	exp.	7,11	-2,17	6,20
02:23:35:313	exp.	7,09	-1,99	6,00
02:23:35:323	exp.	7,07	-1,81	5,80
02:23:35:333	exp.	7,06	-1,64	5,70
02:23:35:343	exp.	7,04	-1,48	5,50
02:23:35:353	exp.	7,03	-1,35	5,40
02:23:35:363	exp.	7,04	-1,23	5,30
02:23:35:373	exp.	7,04	-1,12	5,20
02:23:35:383	exp.	7,04	-1,03	5,10
02:23:35:393	exp.	7,04	-0,95	5,00
02:23:35:403	exp.	7,06	-0,88	4,90
02:23:35:413	exp.	7,09	-0,81	4,80
02:23:35:423	exp.	7,10	-0,75	4,60
02:23:35:433	exp.	7,11	-0,71	4,50
02:23:35:443	exp.	7,11	-0,68	4,40
02:23:35:453	exp.	7,08	-0,67	4,30
02:23:35:463	exp.	7,03	-0,67	4,20
02:23:35:473	exp.	6,98	-0,67	4,20
02:23:35:483	exp.	6,93	-0,66	4,10
02:23:35:493	exp.	6,90	-0,62	4,10
02:23:35:503	exp.	6,90	-0,55	4,10
02:23:35:513	exp.	6,90	-0,47	4,10
02:23:35:523	exp.	6,94	-0,37	4,10
02:23:35:533	exp.	6,96	-0,28	4,10
02:23:35:543	exp.	6,99	-0,19	4,10
02:23:35:553	exp.	6,99	-0,11	4,10
02:23:35:563	exp.	6,99	-0,05	4,10
02:23:35:573	exp.	6,95	-0,02	4,00
02:23:35:583	exp.	6,91	0,00	4,00
02:23:35:593	exp.	6,89	0,01	4,00
02:23:35:603	exp.	6,89	0,01	4,00
02:23:35:613	exp.	6,92	0,02	4,00
02:23:35:623	exp.	6,95	0,03	4,00
02:23:35:636	exp.	7,00	0,04	4,00
02:23:35:643	exp.	7,04	0,04	4,00
02:23:35:653	exp.	7,07	0,04	4,00
02:23:35:663	exp.	7,08	0,02	3,90
02:23:35:673	exp.	7,08	0,01	3,80
02:23:35:683	exp.	7,08	-0,01	3,80
02:23:35:693	exp.	7,06	-0,04	3,70
02:23:35:703	exp.	7,04	-0,08	3,70
02:23:35:713	exp.	7,01	-0,14	3,70
02:23:35:723	exp.	6,99	-0,20	3,70
02:23:35:733	exp.	6,98	-0,24	3,70
02:23:35:743	exp.	6,96	-0,25	3,70
02:23:35:753	exp.	6,95	-0,23	3,70
02:23:35:763	exp.	6,92	-0,18	3,70
02:23:35:773	exp.	6,89	-0,12	3,70
02:23:35:785	exp.	6,86	-0,05	3,70
02:23:35:793	exp.	6,83	0,01	3,70
02:23:35:803	exp.	6,81	0,07	3,70
02:23:35:813	exp.	6,80	0,14	3,70
02:23:35:823	exp.	6,75	0,19	3,70
02:23:35:835	exp.	6,68	0,25	3,70
02:23:35:843	exp.	6,54	0,29	3,70
02:23:35:853	exp.	6,33	0,35	3,70
02:23:35:864	exp.	6,06	0,41	3,70
02:23:35:875	insp.	5,76	0,54	0,50	Pression
02:23:35:884	insp.	5,43	0,76	1,10
02:23:35:893	insp.	5,20	1,04	1,90
02:23:35:903	insp.	6,77	1,33	3,10
02:23:35:913	insp.	9,90	1,80	4,70
02:23:35:923	insp.	11,52	2,37	7,00
02:23:35:933	insp.	11,65	3,13	10,70
02:23:35:943	insp.	11,76	4,53	15,90
02:23:35:953	insp.	12,52	6,95	22,40
02:23:35:963	insp.	13,37	10,46	29,80
02:23:35:973	insp.	13,84	14,81	38,50
02:23:35:983	insp.	14,31	19,75	48,00
02:23:35:993	insp.	15,07	25,22	57,70
02:23:36:003	insp.	15,75	30,82	67,50
02:23:36:013	insp.	16,08	36,14	77,60
02:23:36:023	insp.	16,46	41,50	88,10
02:23:36:033	insp.	16,98	46,94	98,70
02:23:36:043	insp.	17,31	51,89	109,40
02:23:36:053	insp.	17,49	55,82	120,20
02:23:36:063	insp.	17,75	58,70	131,10
02:23:36:073	insp.	18,02	60,77	142,00
02:23:36:083	insp.	18,20	62,18	152,80
02:23:36:093	insp.	18,26	62,92	163,60
02:23:36:103	insp.	18,32	63,50	174,40
02:23:36:113	insp.	18,49	64,17	185,10
02:23:36:123	insp.	18,58	64,65	195,60
02:23:36:133	insp.	18,60	64,78	206,10
02:23:36:143	insp.	18,59	64,71	216,60
02:23:36:153	insp.	18,63	64,57	226,90
02:23:36:163	insp.	18,69	64,32	237,00
02:23:36:173	insp.	18,70	63,91	247,10
02:23:36:183	insp.	18,65	63,39	257,10
02:23:36:193	insp.	18,66	62,88	266,90
02:23:36:203	insp.	18,68	62,35	276,70
02:23:36:213	insp.	18,66	61,72	286,30
02:23:36:223	insp.	18,65	61,06	295,80
02:23:36:235	insp.	18,65	60,44	305,30
02:23:36:243	insp.	18,65	59,81	314,60
02:23:36:253	insp.	18,71	59,17	323,90
02:23:36:263	insp.	18,72	58,52	333,00
02:23:36:273	insp.	18,70	57,88	342,00
02:23:36:285	insp.	18,68	57,26	351,00
02:23:36:293	insp.	18,67	56,65	359,90
02:23:36:303	insp.	18,67	56,04	368,70
02:23:36:313	insp.	18,69	55,48	377,40
02:23:36:323	insp.	18,71	54,94	386,10
02:23:36:333	insp.	18,74	54,40	394,60
02:23:36:343	insp.	18,76	53,86	403,10
02:23:36:353	insp.	18,75	53,30	411,40
02:23:36:363	insp.	18,74	52,78	419,70
02:23:36:373	insp.	18,76	52,28	428,00
02:23:36:383	insp.	18,83	51,79	436,10
02:23:36:393	insp.	18,91	51,32	444,10
02:23:36:403	insp.	19,01	50,83	452,10
02:23:36:413	insp.	19,13	50,33	459,90
02:23:36:423	insp.	19,31	49,79	467,50
02:23:36:438	insp.	19,47	49,23	475,00
02:23:36:443	insp.	19,63	48,63	482,40
02:23:36:453	insp.	19,80	48,01	489,50
02:23:36:463	insp.	19,94	47,33	496,50
02:23:36:473	insp.	20,08	46,58	503,30
02:23:36:483	insp.	20,18	45,74	509,80
02:23:36:493	insp.	20,17	44,83	516,10
02:23:36:503	insp.	20,09	43,83	522,20
02:23:36:513	insp.	20,12	42,75	528,00
02:23:36:523	insp.	20,25	41,60	533,50
02:23:36:533	insp.	20,33	40,37	538,70
02:23:36:543	insp.	20,25	39,02	543,60
02:23:36:553	insp.	20,04	37,58	548,30
02:23:36:563	insp.	19,93	36,06	552,70
02:23:36:573	insp.	19,99	34,53	556,80
02:23:36:583	insp.	20,05	32,96	560,70
02:23:36:594	exp.	20,03	31,35	564,30
02:23:36:604	exp.	19,84	29,71	567,70
02:23:36:613	exp.	17,18	28,07	571,00
02:23:36:623	exp.	16,92	26,60	573,50
02:23:36:633	exp.	14,77	25,27	575,00
02:23:36:643	exp.	12,19	23,70	575,20
02:23:36:653	exp.	10,54	21,64	573,80
02:23:36:664	exp.	9,69	18,76	570,40
02:23:36:673	exp.	9,13	14,64	565,00
02:23:36:683	exp.	8,65	9,19	558,20
02:23:36:693	exp.	8,50	2,66	550,50
02:23:36:703	exp.	8,60	-4,40	542,20
02:23:36:713	exp.	8,71	-11,66	533,60
02:23:36:723	exp.	8,92	-19,19	525,10
02:23:36:733	exp.	9,29	-26,54	516,80
02:23:36:743	exp.	9,55	-33,23	508,70
02:23:36:753	exp.	9,61	-39,13	500,80
02:23:36:763	exp.	9,63	-43,93	493,20
02:23:36:773	exp.	9,64	-47,21	485,80
02:23:36:785	exp.	9,61	-48,81	478,50
02:23:36:793	exp.	9,45	-49,06	471,50
02:23:36:803	exp.	9,29	-48,49	464,80
02:23:36:813	exp.	9,24	-47,41	458,10
02:23:36:823	exp.	9,17	-46,00	451,60
02:23:36:833	exp.	9,10	-44,67	445,30
02:23:36:843	exp.	9,04	-43,50	439,20
02:23:36:853	exp.	9,00	-42,32	433,20
02:23:36:864	exp.	8,96	-41,11	427,40
02:23:36:873	exp.	8,96	-39,95	421,70
02:23:36:883	exp.	8,98	-38,86	416,20
02:23:36:893	exp.	8,98	-37,79	410,70
02:23:36:903	exp.	8,95	-36,80	405,30
02:23:36:913	exp.	8,90	-35,97	399,80
02:23:36:923	exp.	8,82	-35,23	394,50
02:23:36:933	exp.	8,74	-34,54	389,10
02:23:36:943	exp.	8,70	-33,89	383,90
02:23:36:953	exp.	8,67	-33,31	378,70
02:23:36:963	exp.	8,67	-32,81	373,50
02:23:36:973	exp.	8,68	-32,39	368,40
02:23:36:983	exp.	8,68	-32,06	363,30
02:23:36:993	exp.	8,66	-31,82	358,30
02:23:37:003	exp.	8,63	-31,59	353,30
02:23:37:013	exp.	8,61	-31,33	348,40
02:23:37:023	exp.	8,56	-31,03	343,60
02:23:37:033	exp.	8,51	-30,70	338,80
02:23:37:043	exp.	8,47	-30,36	334,10
02:23:37:053	exp.	8,44	-30,02	329,50
02:23:37:063	exp.	8,40	-29,69	324,90
02:23:37:073	exp.	8,35	-29,36	320,40
02:23:37:083	exp.	8,33	-29,01	315,90
02:23:37:093	exp.	8,32	-28,64	311,50
02:23:37:103	exp.	8,32	-28,27	307,10
02:23:37:113	exp.	8,29	-27,89	302,80
02:23:37:123	exp.	8,25	-27,53	298,60
02:23:37:133	exp.	8,21	-27,18	294,40
02:23:37:143	exp.	8,19	-26,83	290,30
02:23:37:153	exp.	8,18	-26,47	286,30
02:23:37:163	exp.	8,17	-26,11	282,30
02:23:37:173	exp.	8,17	-25,74	278,40
02:23:37:183	exp.	8,17	-25,36	274,50
02:23:37:193	exp.	8,14	-25,00	270,70
02:23:37:203	exp.	8,13	-24,64	267,00
02:23:37:213	exp.	8,12	-24,28	263,30
02:23:37:223	exp.	8,11	-23,91	259,60
02:23:37:235	exp.	8,09	-23,54	256,00
02:23:37:243	exp.	8,06	-23,20	252,40
02:23:37:253	exp.	8,03	-22,87	248,90
02:23:37:263	exp.	7,98	-22,55	245,40
02:23:37:273	exp.	7,95	-22,27	242,00
02:23:37:285	exp.	7,91	-22,00	238,60
02:23:37:294	exp.	7,89	-21,73	235,30
02:23:37:303	exp.	7,89	-21,44	232,00
02:23:37:313	exp.	7,88	-21,13	228,80
02:23:37:323	exp.	7,89	-20,83	225,60
02:23:37:333	exp.	7,90	-20,53	222,50
02:23:37:343	exp.	7,90	-20,24	219,40
02:23:37:353	exp.	7,90	-19,96	216,30
02:23:37:364	exp.	7,88	-19,69	213,30
02:23:37:373	exp.	7,85	-19,41	210,30
02:23:37:383	exp.	7,81	-19,14	207,30
02:23:37:393	exp.	7,78	-18,88	204,40
02:23:37:403	exp.	7,77	-18,64	201,50
02:23:37:413	exp.	7,80	-18,40	198,60
02:23:37:423	exp.	7,83	-18,18	195,80
02:23:37:437	exp.	7,84	-17,97	193,00
02:23:37:443	exp.	7,84	-17,77	190,20
02:23:37:453	exp.	7,81	-17,57	187,50
02:23:37:463	exp.	7,79	-17,38	184,80
02:23:37:473	exp.	7,76	-17,19	182,10
02:23:37:483	exp.	7,76	-16,99	179,40
02:23:37:493	exp.	7,77	-16,79	176,80
02:23:37:503	exp.	7,77	-16,60	174,20
02:23:37:513	exp.	7,76	-16,43	171,70
02:23:37:523	exp.	7,75	-16,27	169,10
02:23:37:533	exp.	7,75	-16,10	166,60
02:23:37:543	exp.	7,74	-15,94	164,10
02:23:37:553	exp.	7,73	-15,76	161,70
02:23:37:563	exp.	7,73	-15,58	159,30
02:23:37:573	exp.	7,70	-15,38	156,90
02:23:37:583	exp.	7,69	-15,20	154,50
02:23:37:593	exp.	7,69	-15,02	152,20
02:23:37:603	exp.	7,68	-14,86	149,90
02:23:37:613	exp.	7,68	-14,69	147,60
02:23:37:623	exp.	7,70	-14,51	145,40
02:23:37:637	exp.	7,72	-14,33	143,10
02:23:37:643	exp.	7,73	-14,15	140,90
02:23:37:653	exp.	7,74	-13,99	138,70
02:23:37:663	exp.	7,74	-13,85	136,50
02:23:37:673	exp.	7,76	-13,71	134,30
02:23:37:683	exp.	7,76	-13,59	132,10
02:23:37:693	exp.	7,76	-13,49	129,90
02:23:37:703	exp.	7,72	-13,40	127,70
02:23:37:713	exp.	7,69	-13,33	125,60
02:23:37:723	exp.	7,66	-13,27	123,40
02:23:37:733	exp.	7,62	-13,22	121,30
02:23:37:743	exp.	7,60	-13,16	119,20
02:23:37:753	exp.	7,59	-13,07	117,20
02:23:37:763	exp.	7,60	-12,98	115,10
02:23:37:773	exp.	7,64	-12,89	113,10
02:23:37:785	exp.	7,68	-12,79	111,00
02:23:37:794	exp.	7,71	-12,68	109,00
02:23:37:803	exp.	7,70	-12,59	106,90
02:23:37:813	exp.	7,67	-12,52	104,90
02:23:37:823	exp.	7,63	-12,45	102,80
02:23:37:834	exp.	7,60	-12,38	100,80
02:23:37:843	exp.	7,57	-12,31	98,90
02:23:37:853	exp.	7,57	-12,25	96,90
02:23:37:863	exp.	7,60	-12,18	95,00
02:23:37:873	exp.	7,64	-12,10	93,10
02:23:37:883	exp.	7,65	-12,02	91,20
02:23:37:893	exp.	7,66	-11,94	89,30
02:23:37:903	exp.	7,67	-11,85	87,50
02:23:37:913	exp.	7,67	-11,74	85,60
02:23:37:923	exp.	7,65	-11,63	83,70
02:23:37:933	exp.	7,65	-11,52	81,80
02:23:37:943	exp.	7,63	-11,42	80,00
02:23:37:953	exp.	7,61	-11,34	78,10
02:23:37:963	exp.	7,59	-11,29	76,30
02:23:37:973	exp.	7,56	-11,27	74,40
02:23:37:983	exp.	7,55	-11,24	72,60
02:23:37:993	exp.	7,55	-11,20	70,80
02:23:38:003	exp.	7,54	-11,14	69,10
02:23:38:013	exp.	7,52	-11,08	67,30
02:23:38:023	exp.	7,48	-11,00	65,60
02:23:38:034	exp.	7,46	-10,91	64,00
02:23:38:043	exp.	7,46	-10,81	62,30
02:23:38:053	exp.	7,46	-10,68	60,70
02:23:38:063	exp.	7,49	-10,53	59,20
02:23:38:073	exp.	7,53	-10,36	57,60
02:23:38:083	exp.	7,55	-10,18	56,00
02:23:38:093	exp.	7,56	-10,01	54,50
02:23:38:103	exp.	7,56	-9,87	52,90
02:23:38:113	exp.	7,57	-9,73	51,40
02:23:38:123	exp.	7,57	-9,60	49,90
02:23:38:133	exp.	7,57	-9,47	48,40
02:23:38:143	exp.	7,57	-9,37	46,90
02:23:38:153	exp.	7,56	-9,28	45,40
02:23:38:163	exp.	7,51	-9,21	43,90
02:23:38:173	exp.	7,47	-9,17	42,40
02:23:38:183	exp.	7,43	-9,14	41,00
02:23:38:193	exp.	7,40	-9,10	39,50
02:23:38:203	exp.	7,40	-9,02	38,10
02:23:38:213	exp.	7,41	-8,94	36,70
02:23:38:223	exp.	7,44	-8,85	35,40
02:23:38:235	exp.	7,46	-8,75	34,00
02:23:38:243	exp.	7,49	-8,66	32,60
02:23:38:253	exp.	7,48	-8,59	31,30
02:23:38:263	exp.	7,45	-8,51	29,90
02:23:38:273	exp.	7,40	-8,42	28,60
02:23:38:285	exp.	7,36	-8,33	27,30
02:23:38:293	exp.	7,34	-8,24	26,10
02:23:38:303	exp.	7,34	-8,13	24,90
02:23:38:313	exp.	7,37	-8,02	23,70
02:23:38:323	exp.	7,40	-7,90	22,50
02:23:38:333	exp.	7,42	-7,78	21,30
02:23:38:343	exp.	7,43	-7,67	20,10
02:23:38:353	exp.	7,43	-7,57	19,00
02:23:38:363	exp.	7,39	-7,45	17,80
02:23:38:373	exp.	7,36	-7,34	16,70
02:23:38:383	exp.	7,33	-7,21	15,60
02:23:38:393	exp.	7,32	-7,08	14,60
02:23:38:403	exp.	7,30	-6,95	13,60
02:23:38:413	exp.	7,28	-6,83	12,60
02:23:38:423	exp.	7,26	-6,73	11,60
02:23:38:437	exp.	7,26	-6,62	10,60
02:23:38:443	exp.	7,25	-6,50	9,70
02:23:38:453	exp.	7,24	-6,36	8,80
02:23:38:463	exp.	7,23	-6,20	7,90
02:23:38:473	exp.	7,20	-6,03	7,10
02:23:38:483	exp.	7,16	-5,86	6,40
02:23:38:493	exp.	7,14	-5,68	5,60
02:23:38:503	exp.	7,13	-5,50	5,00
02:23:38:513	exp.	7,14	-5,29	4,40
02:23:38:523	exp.	7,15	-5,05	3,80
02:23:38:533	exp.	7,15	-4,79	3,30
02:23:38:543	exp.	7,15	-4,52	2,80
02:23:38:553	exp.	7,16	-4,26	2,30
02:23:38:563	exp.	7,18	-4,01	1,80
02:23:38:573	exp.	7,21	-3,77	1,40
02:23:38:583	exp.	7,24	-3,54	0,90
02:23:38:593	exp.	7,23	-3,32	0,50
02:23:38:603	exp.	7,19	-3,13	0,10
02:23:38:613	exp.	7,15	-2,97	-0,20
02:23:38:623	exp.	7,10	-2,83	-0,50
02:23:38:637	exp.	7,07	-2,68	-0,70
02:23:38:643	exp.	7,06	-2,52	-0,90
02:23:38:653	exp.	7,04	-2,33	-1,10
02:23:38:663	exp.	7,05	-2,12	-1,20
02:23:38:673	exp.	7,08	-1,90	-1,40
02:23:38:683	exp.	7,13	-1,69	-1,50
02:23:38:693	exp.	7,17	-1,51	-1,70
02:23:38:703	exp.	7,20	-1,36	-1,90
02:23:38:713	exp.	7,20	-1,24	-2,20
02:23:38:723	exp.	7,19	-1,16	-2,40
02:23:38:733	exp.	7,16	-1,12	-2,60
02:23:38:743	exp.	7,14	-1,10	-2,70
02:23:38:753	exp.	7,13	-1,10	-2,90
02:23:38:763	exp.	7,16	-1,09	-3,00
02:23:38:773	exp.	7,20	-1,07	-3,10
02:23:38:785	exp.	7,26	-1,04	-3,30
02:23:38:793	exp.	7,29	-1,03	-3,40
02:23:38:803	exp.	7,33	-1,03	-3,70
02:23:38:813	exp.	7,34	-1,03	-3,90
02:23:38:823	exp.	7,33	-1,04	-4,20
02:23:38:833	exp.	7,31	-1,05	-4,40
02:23:38:843	exp.	7,27	-1,07	-4,70
02:23:38:853	exp.	7,25	-1,11	-4,90
02:23:38:863	exp.	7,24	-1,18	-5,20
02:23:38:874	exp.	7,23	-1,27	-5,50
02:23:38:883	exp.	7,23	-1,37	-5,80
02:23:38:893	exp.	7,23	-1,48	-6,10
02:23:38:903	exp.	7,23	-1,55	-6,40
02:23:38:913	exp.	7,22	-1,62	-6,70
02:23:38:923	exp.	7,20	-1,66	-7,00
02:23:38:933	exp.	7,17	-1,70	-7,30
02:23:38:943	exp.	7,16	-1,72	-7,60
02:23:38:953	exp.	7,15	-1,75	-7,90
02:23:38:963	exp.	7,15	-1,76	-8,10
02:23:38:973	exp.	7,17	-1,77	-8,40
02:23:38:983	exp.	7,18	-1,76	-8,60
02:23:38:993	exp.	7,18	-1,75	-8,90
02:23:39:003	exp.	7,19	-1,73	-9,20
02:23:39:013	exp.	7,20	-1,70	-9,40
02:23:39:023	exp.	7,20	-1,66	-9,70
02:23:39:035	exp.	7,19	-1,63	-10,00
02:23:39:043	exp.	7,18	-1,60	-10,20
02:23:39:053	exp.	7,15	-1,58	-10,50
02:23:39:063	exp.	7,10	-1,58	-10,70
02:23:39:073	exp.	7,06	-1,58	-10,90
02:23:39:083	exp.	7,04	-1,57	-11,10
02:23:39:093	exp.	7,03	-1,53	-11,20
02:23:39:103	exp.	7,03	-1,47	-11,40
02:23:39:113	exp.	7,03	-1,39	-11,40
02:23:39:123	exp.	7,06	-1,27	-11,50
02:23:39:133	exp.	7,07	-1,15	-11,60
02:23:39:143	exp.	7,08	-1,03	-11,70
02:23:39:153	exp.	7,09	-0,91	-11,80
02:23:39:163	exp.	7,10	-0,80	-11,90
02:23:39:173	exp.	7,09	-0,72	-12,00
02:23:39:183	exp.	7,06	-0,65	-12,10
02:23:39:193	exp.	7,05	-0,61	-12,20
02:23:39:203	exp.	7,05	-0,56	-12,20
02:23:39:213	exp.	7,06	-0,53	-12,30
02:23:39:223	exp.	7,10	-0,50	-12,40
02:23:39:235	exp.	7,15	-0,49	-12,50
02:23:39:243	exp.	7,21	-0,49	-12,60
02:23:39:253	exp.	7,27	-0,50	-12,80
02:23:39:263	exp.	7,29	-0,55	-13,00
02:23:39:273	exp.	7,29	-0,60	-13,20
02:23:39:285	exp.	7,27	-0,67	-13,40
02:23:39:294	exp.	7,23	-0,74	-13,60
02:23:39:303	exp.	7,22	-0,83	-13,90
02:23:39:313	exp.	7,21	-0,93	-14,10
02:23:39:323	exp.	7,21	-1,03	-14,30
02:23:39:333	exp.	7,22	-1,13	-14,60
02:23:39:343	exp.	7,25	-1,24	-14,90
02:23:39:353	exp.	7,25	-1,33	-15,10
02:23:39:364	exp.	7,23	-1,41	-15,40
02:23:39:373	exp.	7,19	-1,47	-15,70
02:23:39:383	exp.	7,16	-1,51	-16,00
02:23:39:393	exp.	7,15	-1,54	-16,20
02:23:39:403	exp.	7,14	-1,55	-16,50
02:23:39:413	exp.	7,16	-1,55	-16,70
02:23:39:423	exp.	7,18	-1,55	-16,90
02:23:39:433	exp.	7,19	-1,56	-17,20
02:23:39:443	exp.	7,21	-1,57	-17,40
02:23:39:453	exp.	7,22	-1,57	-17,70
02:23:39:463	exp.	7,24	-1,56	-18,00
02:23:39:473	exp.	7,27	-1,54	-18,30
02:23:39:483	exp.	7,29	-1,52	-18,60
02:23:39:493	exp.	7,29	-1,52	-18,90
02:23:39:503	exp.	7,28	-1,55	-19,20
02:23:39:513	exp.	7,24	-1,61	-19,50
02:23:39:523	exp.	7,19	-1,68	-19,80
02:23:39:533	exp.	7,15	-1,74	-20,10
02:23:39:543	exp.	7,12	-1,76	-20,30
02:23:39:553	exp.	7,12	-1,76	-20,60
02:23:39:563	exp.	7,12	-1,75	-20,80
02:23:39:573	exp.	7,15	-1,72	-21,10
02:23:39:583	exp.	7,19	-1,69	-21,30
02:23:39:593	exp.	7,20	-1,66	-21,60
02:23:39:603	exp.	7,20	-1,62	-21,80
02:23:39:613	exp.	7,15	-1,58	-22,00
02:23:39:623	exp.	7,11	-1,54	-22,30
02:23:39:635	exp.	7,07	-1,50	-22,50
02:23:39:643	exp.	7,05	-1,45	-22,60
02:23:39:653	exp.	7,06	-1,40	-22,70
02:23:39:663	exp.	7,09	-1,33	-22,90
02:23:39:673	exp.	7,12	-1,27	-23,00
02:23:39:683	exp.	7,13	-1,20	-23,10
02:23:39:693	exp.	7,13	-1,13	-23,20
02:23:39:703	exp.	7,13	-1,06	-23,40
02:23:39:713	exp.	7,11	-0,98	-23,50
02:23:39:723	exp.	7,09	-0,89	-23,60
02:23:39:733	exp.	7,07	-0,82	-23,70
02:23:39:743	exp.	7,03	-0,74	-23,70
02:23:39:753	exp.	6,99	-0,68	-23,80
02:23:39:763	exp.	6,94	-0,64	-23,80
02:23:39:773	exp.	6,90	-0,60	-23,80
02:23:39:785	exp.	6,85	-0,55	-23,80
02:23:39:793	exp.	6,80	-0,46	-23,80
02:23:39:803	exp.	6,73	-0,36	-23,80
02:23:39:813	exp.	6,60	-0,25	-23,80
02:23:39:823	exp.	6,39	-0,13	-23,80
02:23:39:835	exp.	6,12	0,00	-23,80
02:23:39:846	insp.	5,77	0,17	0,40	Pression
02:23:39:854	insp.	5,44	0,40	1,00
02:23:39:863	insp.	5,05	0,74	1,70
02:23:39:874	insp.	5,21	1,14	2,70
02:23:39:883	insp.	7,61	1,55	4,20
02:23:39:893	insp.	10,77	2,15	6,00
02:23:39:903	insp.	12,21	2,82	8,90
02:23:39:913	insp.	12,24	3,79	13,20
02:23:39:923	insp.	12,43	5,56	19,10
02:23:39:933	insp.	13,29	8,47	26,30
02:23:39:943	insp.	14,10	12,47	34,50
02:23:39:953	insp.	14,44	17,27	43,80
02:23:39:963	insp.	14,77	22,59	53,90
02:23:39:973	insp.	15,56	28,38	64,00
02:23:39:983	insp.	16,20	34,12	74,20
02:23:39:993	insp.	16,44	39,57	84,70
02:23:40:003	insp.	16,79	45,09	95,50
02:23:40:013	insp.	17,21	50,53	106,30
02:23:40:023	insp.	17,53	55,27	117,20
02:23:40:035	insp.	17,70	58,84	128,10
02:23:40:043	insp.	17,89	61,28	139,10
02:23:40:053	insp.	18,09	62,93	150,10
02:23:40:063	insp.	18,20	63,94	161,00
02:23:40:073	insp.	18,20	64,35	171,90
02:23:40:083	insp.	18,28	64,75	182,80
02:23:40:093	insp.	18,46	65,24	193,60
02:23:40:103	insp.	18,56	65,55	204,20
02:23:40:113	insp.	18,57	65,55	214,80
02:23:40:123	insp.	18,58	65,38	225,30
02:23:40:133	insp.	18,61	65,15	235,60
02:23:40:143	insp.	18,67	64,84	245,90
02:23:40:153	insp.	18,67	64,37	256,00
02:23:40:163	insp.	18,63	63,83	266,00
02:23:40:173	insp.	18,60	63,32	276,00
02:23:40:183	insp.	18,61	62,76	285,80
02:23:40:193	insp.	18,58	62,12	295,50
02:23:40:203	insp.	18,56	61,46	305,10
02:23:40:213	insp.	18,56	60,83	314,70
02:23:40:223	insp.	18,55	60,22	324,10
02:23:40:234	insp.	18,55	59,61	333,50
02:23:40:243	insp.	18,54	59,00	342,80
02:23:40:253	insp.	18,53	58,42	352,00
02:23:40:263	insp.	18,56	57,85	361,10
02:23:40:273	insp.	18,59	57,29	370,20
02:23:40:285	insp.	18,65	56,76	379,10
02:23:40:293	insp.	18,69	56,24	388,00
02:23:40:303	insp.	18,69	55,76	396,80
02:23:40:313	insp.	18,73	55,24	405,50
02:23:40:323	insp.	18,83	54,74	414,10
02:23:40:333	insp.	18,90	54,25	422,70
02:23:40:343	insp.	18,97	53,76	431,10
02:23:40:353	insp.	19,08	53,27	439,40
02:23:40:363	insp.	19,21	52,76	447,50
02:23:40:373	insp.	19,34	52,21	455,50
02:23:40:383	insp.	19,48	51,61	463,40
02:23:40:393	insp.	19,63	50,97	471,00
02:23:40:403	insp.	19,78	50,27	478,50
02:23:40:413	insp.	19,92	49,53	485,80
02:23:40:423	insp.	20,00	48,70	492,90
02:23:40:433	insp.	20,09	47,80	499,70
02:23:40:443	insp.	20,19	46,84	506,30
02:23:40:453	insp.	20,14	45,80	512,70
02:23:40:463	insp.	19,87	44,68	518,80
02:23:40:473	insp.	19,74	43,51	524,70
02:23:40:483	insp.	19,85	42,27	530,30
02:23:40:493	insp.	19,97	40,96	535,50
02:23:40:503	insp.	19,96	39,52	540,50
02:23:40:513	insp.	19,90	38,00	545,20
02:23:40:523	insp.	19,89	36,44	549,80
02:23:40:533	insp.	19,89	34,88	554,10
02:23:40:543	insp.	19,86	33,32	558,30
02:23:40:553	insp.	19,83	31,80	562,30
02:23:40:563	insp.	19,85	30,38	566,20
02:23:40:573	insp.	19,88	29,02	569,90
02:23:40:584	exp.	19,85	27,68	573,50
02:23:40:593	exp.	19,73	26,38	576,90
02:23:40:603	exp.	17,35	25,24	580,10
02:23:40:613	exp.	16,85	24,29	582,90
02:23:40:623	exp.	14,74	23,59	584,40
02:23:40:637	exp.	12,12	22,55	584,80
02:23:40:643	exp.	10,45	20,99	583,60
02:23:40:654	exp.	9,62	18,55	580,40
02:23:40:663	exp.	9,09	14,83	575,30
02:23:40:673	exp.	8,57	9,69	568,50
02:23:40:683	exp.	8,40	3,41	561,00
02:23:40:693	exp.	8,60	-3,54	552,70
02:23:40:703	exp.	8,74	-10,78	544,10
02:23:40:713	exp.	8,89	-18,32	535,60
02:23:40:723	exp.	9,24	-25,80	527,30
02:23:40:733	exp.	9,51	-32,56	519,20
02:23:40:743	exp.	9,55	-38,55	511,40
02:23:40:753	exp.	9,55	-43,46	503,90
02:23:40:763	exp.	9,57	-46,85	496,60
02:23:40:773	exp.	9,53	-48,51	489,60
02:23:40:785	exp.	9,41	-48,77	482,80
02:23:40:793	exp.	9,28	-48,10	476,20
02:23:40:803	exp.	9,25	-46,95	469,70
02:23:40:813	exp.	9,21	-45,38	463,40
02:23:40:823	exp.	9,13	-43,93	457,10
02:23:40:839	exp.	9,09	-42,64	451,10
02:23:40:843	exp.	9,03	-41,40	445,20
02:23:40:853	exp.	8,95	-40,19	439,40
02:23:40:863	exp.	8,90	-39,09	433,70
02:23:40:873	exp.	8,86	-38,11	428,20
02:23:40:883	exp.	8,81	-37,19	422,70
02:23:40:893	exp.	8,79	-36,34	417,30
02:23:40:903	exp.	8,81	-35,60	411,90
02:23:40:913	exp.	8,80	-34,92	406,50
02:23:40:923	exp.	8,79	-34,28	401,20
02:23:40:933	exp.	8,77	-33,71	395,90
02:23:40:943	exp.	8,75	-33,22	390,70
02:23:40:953	exp.	8,71	-32,80	385,50
02:23:40:963	exp.	8,64	-32,42	380,40
02:23:40:973	exp.	8,58	-32,11	375,30
02:23:40:983	exp.	8,51	-31,83	370,30
02:23:40:993	exp.	8,48	-31,57	365,40
02:23:41:003	exp.	8,47	-31,30	360,60
02:23:41:013	exp.	8,45	-31,01	355,80
02:23:41:023	exp.	8,42	-30,68	351,10
02:23:41:036	exp.	8,41	-30,32	346,40
02:23:41:043	exp.	8,41	-29,92	341,80
02:23:41:053	exp.	8,38	-29,52	337,30
02:23:41:063	exp.	8,36	-29,10	332,80
02:23:41:073	exp.	8,32	-28,69	328,40
02:23:41:083	exp.	8,27	-28,30	324,10
02:23:41:093	exp.	8,24	-27,92	319,80
02:23:41:103	exp.	8,22	-27,55	315,60
02:23:41:113	exp.	8,20	-27,19	311,40
02:23:41:123	exp.	8,18	-26,81	307,30
02:23:41:133	exp.	8,18	-26,44	303,30
02:23:41:143	exp.	8,18	-26,07	299,30
02:23:41:153	exp.	8,16	-25,70	295,40
02:23:41:163	exp.	8,14	-25,34	291,50
02:23:41:173	exp.	8,11	-24,98	287,70
02:23:41:183	exp.	8,08	-24,61	284,00
02:23:41:193	exp.	8,05	-24,24	280,30
02:23:41:203	exp.	8,04	-23,86	276,70
02:23:41:213	exp.	8,02	-23,48	273,20
02:23:41:223	exp.	8,02	-23,11	269,70
02:23:41:234	exp.	8,01	-22,73	266,20
02:23:41:243	exp.	8,01	-22,39	262,80
02:23:41:253	exp.	8,01	-22,06	259,30
02:23:41:263	exp.	8,01	-21,74	255,90
02:23:41:273	exp.	8,01	-21,46	252,60
02:23:41:285	exp.	8,01	-21,20	249,30
02:23:41:294	exp.	8,00	-20,94	246,00
02:23:41:303	exp.	7,96	-20,69	242,80
02:23:41:313	exp.	7,92	-20,47	239,60
02:23:41:323	exp.	7,89	-20,26	236,40
02:23:41:333	exp.	7,86	-20,06	233,30
02:23:41:343	exp.	7,85	-19,86	230,20
02:23:41:353	exp.	7,85	-19,65	227,20
02:23:41:363	exp.	7,85	-19,41	224,20
02:23:41:373	exp.	7,87	-19,16	221,30
02:23:41:383	exp.	7,89	-18,91	218,30
02:23:41:393	exp.	7,90	-18,67	215,40
02:23:41:403	exp.	7,90	-18,44	212,50
02:23:41:413	exp.	7,89	-18,24	209,60
02:23:41:423	exp.	7,86	-18,05	206,70
02:23:41:433	exp.	7,82	-17,88	203,90
02:23:41:443	exp.	7,80	-17,71	201,20
02:23:41:453	exp.	7,80	-17,52	198,40
02:23:41:463	exp.	7,83	-17,35	195,70
02:23:41:473	exp.	7,85	-17,19	193,00
02:23:41:483	exp.	7,88	-17,03	190,20
02:23:41:493	exp.	7,90	-16,90	187,50
02:23:41:503	exp.	7,90	-16,77	184,80
02:23:41:513	exp.	7,90	-16,66	182,10
02:23:41:523	exp.	7,89	-16,55	179,30
02:23:41:533	exp.	7,88	-16,46	176,60
02:23:41:543	exp.	7,86	-16,39	173,90
02:23:41:553	exp.	7,85	-16,35	171,20
02:23:41:563	exp.	7,84	-16,32	168,50
02:23:41:573	exp.	7,85	-16,30	165,80
02:23:41:583	exp.	7,87	-16,28	163,20
02:23:41:593	exp.	7,87	-16,27	160,50
02:23:41:603	exp.	7,87	-16,24	157,80
02:23:41:613	exp.	7,85	-16,21	155,20
02:23:41:623	exp.	7,82	-16,16	152,60
02:23:41:633	exp.	7,78	-16,12	150,00
02:23:41:643	exp.	7,76	-16,05	147,40
02:23:41:653	exp.	7,76	-15,95	144,90
02:23:41:663	exp.	7,77	-15,85	142,40
02:23:41:673	exp.	7,77	-15,74	139,90
02:23:41:683	exp.	7,77	-15,62	137,50
02:23:41:693	exp.	7,77	-15,49	135,00
02:23:41:703	exp.	7,78	-15,35	132,50
02:23:41:713	exp.	7,78	-15,23	130,10
02:23:41:723	exp.	7,79	-15,10	127,60
02:23:41:733	exp.	7,79	-14,97	125,20
02:23:41:743	exp.	7,78	-14,87	122,80
02:23:41:753	exp.	7,76	-14,80	120,40
02:23:41:763	exp.	7,72	-14,75	118,00
02:23:41:773	exp.	7,69	-14,71	115,60
02:23:41:785	exp.	7,67	-14,66	113,30
02:23:41:794	exp.	7,65	-14,58	111,00
02:23:41:803	exp.	7,65	-14,47	108,80
02:23:41:813	exp.	7,64	-14,33	106,70
02:23:41:823	exp.	7,66	-14,17	104,50
02:23:41:836	exp.	7,69	-13,99	102,40
02:23:41:843	exp.	7,71	-13,79	100,30
02:23:41:853	exp.	7,69	-13,60	98,20
02:23:41:863	exp.	7,66	-13,40	96,10
02:23:41:873	exp.	7,61	-13,21	94,00
02:23:41:883	exp.	7,58	-13,02	92,00
02:23:41:893	exp.	7,56	-12,85	90,00
02:23:41:903	exp.	7,56	-12,69	88,00
02:23:41:913	exp.	7,59	-12,54	86,10
02:23:41:923	exp.	7,63	-12,41	84,10
02:23:41:933	exp.	7,65	-12,29	82,20
02:23:41:943	exp.	7,66	-12,18	80,30
02:23:41:953	exp.	7,66	-12,06	78,40
02:23:41:963	exp.	7,65	-11,93	76,50
02:23:41:973	exp.	7,62	-11,80	74,70
02:23:41:983	exp.	7,60	-11,67	72,80
02:23:41:993	exp.	7,58	-11,54	71,00
02:23:42:003	exp.	7,56	-11,43	69,20
02:23:42:013	exp.	7,55	-11,34	67,40
02:23:42:023	exp.	7,52	-11,25	65,60
02:23:42:035	exp.	7,50	-11,15	63,90
02:23:42:043	exp.	7,49	-11,04	62,20
02:23:42:053	exp.	7,49	-10,91	60,50
02:23:42:063	exp.	7,48	-10,78	58,90
02:23:42:073	exp.	7,47	-10,65	57,20
02:23:42:083	exp.	7,46	-10,52	55,60
02:23:42:093	exp.	7,46	-10,39	54,10
02:23:42:103	exp.	7,47	-10,25	52,50
02:23:42:113	exp.	7,50	-10,10	51,00
02:23:42:123	exp.	7,51	-9,94	49,50
02:23:42:133	exp.	7,52	-9,77	48,00
02:23:42:143	exp.	7,51	-9,61	46,50
02:23:42:153	exp.	7,49	-9,47	45,10
02:23:42:163	exp.	7,49	-9,33	43,60
02:23:42:173	exp.	7,50	-9,20	42,20
02:23:42:183	exp.	7,50	-9,07	40,80
02:23:42:193	exp.	7,49	-8,95	39,30
02:23:42:203	exp.	7,45	-8,86	37,90
02:23:42:213	exp.	7,41	-8,79	36,50
02:23:42:223	exp.	7,36	-8,72	35,20
02:23:42:235	exp.	7,33	-8,65	33,90
02:23:42:243	exp.	7,32	-8,56	32,60
02:23:42:253	exp.	7,33	-8,45	31,30
02:23:42:263	exp.	7,34	-8,32	30,10
02:23:42:273	exp.	7,37	-8,18	29,00
02:23:42:285	exp.	7,38	-8,04	27,80
02:23:42:294	exp.	7,38	-7,88	26,70
02:23:42:303	exp.	7,37	-7,69	25,60
02:23:42:313	exp.	7,33	-7,50	24,50
02:23:42:323	exp.	7,28	-7,30	23,50
02:23:42:333	exp.	7,24	-7,10	22,50
02:23:42:343	exp.	7,23	-6,90	21,60
02:23:42:353	exp.	7,23	-6,70	20,70
02:23:42:363	exp.	7,24	-6,49	19,80
02:23:42:373	exp.	7,27	-6,28	19,00
02:23:42:383	exp.	7,28	-6,08	18,10
02:23:42:393	exp.	7,28	-5,89	17,30
02:23:42:403	exp.	7,28	-5,71	16,50
02:23:42:413	exp.	7,28	-5,55	15,70
02:23:42:423	exp.	7,26	-5,39	14,90
02:23:42:435	exp.	7,25	-5,23	14,10
02:23:42:443	exp.	7,22	-5,09	13,40
02:23:42:453	exp.	7,20	-4,97	12,70
02:23:42:463	exp.	7,18	-4,87	12,00
02:23:42:473	exp.	7,16	-4,77	11,30
02:23:42:483	exp.	7,16	-4,66	10,70
02:23:42:493	exp.	7,16	-4,54	10,10
02:23:42:503	exp.	7,14	-4,39	9,60
02:23:42:513	exp.	7,13	-4,23	9,00
02:23:42:523	exp.	7,11	-4,06	8,60
02:23:42:533	exp.	7,09	-3,89	8,10
02:23:42:543	exp.	7,08	-3,71	7,70
02:23:42:553	exp.	7,08	-3,53	7,30
02:23:42:563	exp.	7,08	-3,33	7,00
02:23:42:573	exp.	7,06	-3,12	6,60
02:23:42:583	exp.	7,07	-2,91	6,40
02:23:42:593	exp.	7,09	-2,69	6,10
02:23:42:603	exp.	7,11	-2,50	5,80
02:23:42:613	exp.	7,15	-2,32	5,50
02:23:42:623	exp.	7,19	-2,15	5,30
02:23:42:633	exp.	7,20	-2,00	5,00
02:23:42:643	exp.	7,19	-1,88	4,80
02:23:42:653	exp.	7,16	-1,78	4,50
02:23:42:663	exp.	7,12	-1,70	4,30
02:23:42:673	exp.	7,08	-1,63	4,20
02:23:42:683	exp.	7,05	-1,55	4,10
02:23:42:693	exp.	7,02	-1,45	4,00
02:23:42:703	exp.	7,01	-1,34	3,90
02:23:42:713	exp.	7,01	-1,21	3,90
02:23:42:723	exp.	7,04	-1,07	3,80
02:23:42:733	exp.	7,09	-0,93	3,70
02:23:42:743	exp.	7,14	-0,80	3,60
02:23:42:753	exp.	7,16	-0,70	3,50
02:23:42:763	exp.	7,16	-0,61	3,40
02:23:42:773	exp.	7,13	-0,56	3,20
02:23:42:785	exp.	7,09	-0,55	3,10
02:23:42:794	exp.	7,06	-0,55	3,00
02:23:42:803	exp.	7,06	-0,56	3,00
02:23:42:813	exp.	7,08	-0,56	2,90
02:23:42:823	exp.	7,13	-0,55	2,90
02:23:42:839	exp.	7,17	-0,55	2,80
02:23:42:843	exp.	7,20	-0,55	2,70
02:23:42:853	exp.	7,21	-0,56	2,50
02:23:42:863	exp.	7,21	-0,57	2,40
02:23:42:873	exp.	7,20	-0,58	2,20
02:23:42:883	exp.	7,17	-0,59	2,10
02:23:42:893	exp.	7,14	-0,60	2,00
02:23:42:903	exp.	7,12	-0,62	1,90
02:23:42:913	exp.	7,09	-0,64	1,80
02:23:42:923	exp.	7,08	-0,67	1,80
02:23:42:933	exp.	7,08	-0,69	1,70
02:23:42:943	exp.	7,07	-0,68	1,70
02:23:42:953	exp.	7,07	-0,64	1,60
02:23:42:963	exp.	7,06	-0,58	1,60
02:23:42:973	exp.	7,03	-0,52	1,50
02:23:42:983	exp.	7,00	-0,46	1,50
02:23:42:993	exp.	6,99	-0,40	1,40
02:23:43:003	exp.	6,98	-0,35	1,40
02:23:43:013	exp.	6,98	-0,32	1,40
02:23:43:023	exp.	6,99	-0,29	1,40
02:23:43:033	exp.	7,01	-0,26	1,30
02:23:43:043	exp.	7,03	-0,23	1,30
02:23:43:053	exp.	7,05	-0,23	1,30
02:23:43:063	exp.	7,07	-0,22	1,20
02:23:43:073	exp.	7,09	-0,20	1,20
02:23:43:083	exp.	7,10	-0,19	1,10
02:23:43:093	exp.	7,11	-0,19	1,00
02:23:43:103	exp.	7,09	-0,21	1,00
02:23:43:113	exp.	7,05	-0,23	0,90
02:23:43:123	exp.	7,00	-0,26	0,90
02:23:43:133	exp.	6,95	-0,29	0,90
02:23:43:143	exp.	6,91	-0,29	0,90
02:23:43:153	exp.	6,88	-0,26	0,90
02:23:43:163	exp.	6,89	-0,19	0,90
02:23:43:173	exp.	6,92	-0,11	0,90
02:23:43:183	exp.	6,94	-0,02	0,90
02:23:43:193	exp.	6,96	0,05	0,90
02:23:43:203	exp.	6,95	0,10	0,90
02:23:43:213	exp.	6,92	0,14	0,90
02:23:43:223	exp.	6,86	0,17	0,90
02:23:43:233	exp.	6,81	0,20	0,90
02:23:43:243	exp.	6,76	0,22	0,90
02:23:43:253	exp.	6,74	0,25	0,90
02:23:43:263	exp.	6,74	0,29	0,90
02:23:43:273	exp.	6,77	0,33	0,90
02:23:43:285	exp.	6,78	0,37	0,90
02:23:43:294	exp.	6,78	0,41	0,90
02:23:43:303	exp.	6,74	0,45	0,90
02:23:43:313	exp.	6,64	0,49	0,90
02:23:43:323	exp.	6,49	0,53	0,90
02:23:43:333	exp.	6,25	0,59	0,90
02:23:43:345	insp.	5,94	0,67	0,40	Pression
02:23:43:353	insp.	5,63	0,79	1,00
02:23:43:363	insp.	5,27	0,99	1,60
02:23:43:373	insp.	5,44	1,22	2,50
02:23:43:383	insp.	7,81	1,51	3,90
02:23:43:393	insp.	10,64	2,03	5,70
02:23:43:403	insp.	11,77	2,62	8,50
02:23:43:413	insp.	11,78	3,56	12,80
02:23:43:423	insp.	12,08	5,32	18,50
02:23:43:437	insp.	12,97	8,17	25,50
02:23:43:443	insp.	13,82	12,07	33,50
02:23:43:453	insp.	14,20	16,75	42,60
02:23:43:463	insp.	14,67	21,97	52,40
02:23:43:473	insp.	15,52	27,64	62,30
02:23:43:483	insp.	16,12	33,23	72,30
02:23:43:493	insp.	16,36	38,57	82,70
02:23:43:503	insp.	16,75	44,05	93,30
02:23:43:513	insp.	17,22	49,43	104,00
02:23:43:523	insp.	17,53	54,11	114,80
02:23:43:533	insp.	17,67	57,69	125,60
02:23:43:543	insp.	17,82	60,19	136,60
02:23:43:553	insp.	18,05	61,93	147,50
02:23:43:563	insp.	18,15	63,03	158,40
02:23:43:573	insp.	18,15	63,56	169,20
02:23:43:583	insp.	18,21	64,12	180,10
02:23:43:593	insp.	18,34	64,72	190,90
02:23:43:603	insp.	18,43	65,09	201,50
02:23:43:613	insp.	18,48	65,17	212,10
02:23:43:623	insp.	18,56	65,08	222,60
02:23:43:633	insp.	18,61	64,93	232,90
02:23:43:643	insp.	18,65	64,68	243,20
02:23:43:653	insp.	18,66	64,26	253,30
02:23:43:663	insp.	18,60	63,76	263,30
02:23:43:673	insp.	18,56	63,28	273,30
02:23:43:683	insp.	18,56	62,76	283,20
02:23:43:693	insp.	18,59	62,17	292,90
02:23:43:703	insp.	18,66	61,56	302,50
02:23:43:713	insp.	18,69	60,95	312,10
02:23:43:723	insp.	18,72	60,34	321,50
02:23:43:733	insp.	18,76	59,70	330,80
02:23:43:743	insp.	18,80	59,06	340,00
02:23:43:753	insp.	18,78	58,43	349,20
02:23:43:763	insp.	18,73	57,82	358,20
02:23:43:773	insp.	18,74	57,21	367,10
02:23:43:785	insp.	18,73	56,61	376,00
02:23:43:794	insp.	18,70	56,00	384,70
02:23:43:803	insp.	18,71	55,39	393,40
02:23:43:813	insp.	18,73	54,80	402,00
02:23:43:823	insp.	18,78	54,22	410,50
02:23:43:835	insp.	18,82	53,66	418,90
02:23:43:843	insp.	18,89	53,11	427,20
02:23:43:853	insp.	18,99	52,57	435,40
02:23:43:863	insp.	19,11	52,04	443,40
02:23:43:873	insp.	19,24	51,47	451,30
02:23:43:883	insp.	19,37	50,87	459,10
02:23:43:893	insp.	19,50	50,25	466,70
02:23:43:903	insp.	19,65	49,58	474,10
02:23:43:913	insp.	19,81	48,88	481,30
02:23:43:923	insp.	19,96	48,10	488,40
02:23:43:933	insp.	20,09	47,26	495,20
02:23:43:943	insp.	20,16	46,36	501,80
02:23:43:953	insp.	20,07	45,39	508,10
02:23:43:963	insp.	19,90	44,33	514,20
02:23:43:973	insp.	19,91	43,19	520,10
02:23:43:983	insp.	20,04	42,00	525,60
02:23:43:993	insp.	20,09	40,72	530,90
02:23:44:003	insp.	20,05	39,32	535,90
02:23:44:013	insp.	20,00	37,85	540,70
02:23:44:023	insp.	20,00	36,33	545,20
02:23:44:033	insp.	19,98	34,82	549,60
02:23:44:043	insp.	19,91	33,30	553,80
02:23:44:053	insp.	19,88	31,84	557,90
02:23:44:063	insp.	19,89	30,46	561,80
02:23:44:073	insp.	19,91	29,11	565,50
02:23:44:085	exp.	19,89	27,79	569,00
02:23:44:093	exp.	19,62	26,53	572,40
02:23:44:103	exp.	17,28	25,39	575,60
02:23:44:113	exp.	16,69	24,45	578,20
02:23:44:123	exp.	14,32	23,65	579,50
02:23:44:133	exp.	11,76	22,46	579,80
02:23:44:143	exp.	10,22	20,74	578,30
02:23:44:154	exp.	9,49	18,10	574,90
02:23:44:163	exp.	9,00	14,19	569,50
02:23:44:173	exp.	8,57	8,90	562,70
02:23:44:183	exp.	8,51	2,53	555,10
02:23:44:193	exp.	8,69	-4,46	546,70
02:23:44:203	exp.	8,79	-11,72	538,10
02:23:44:213	exp.	8,96	-19,28	529,70
02:23:44:223	exp.	9,32	-26,64	521,40
02:23:44:233	exp.	9,56	-33,26	513,30
02:23:44:243	exp.	9,58	-39,11	505,50
02:23:44:253	exp.	9,58	-43,85	498,00
02:23:44:263	exp.	9,62	-47,04	490,70
02:23:44:273	exp.	9,57	-48,57	483,50
02:23:44:285	exp.	9,40	-48,79	476,60
02:23:44:293	exp.	9,26	-48,17	469,90
02:23:44:303	exp.	9,23	-47,06	463,30
02:23:44:313	exp.	9,16	-45,61	456,80
02:23:44:323	exp.	9,06	-44,29	450,60
02:23:44:333	exp.	9,01	-43,10	444,50
02:23:44:343	exp.	8,97	-41,87	438,60
02:23:44:353	exp.	8,93	-40,63	432,90
02:23:44:363	exp.	8,90	-39,50	427,30
02:23:44:373	exp.	8,89	-38,44	421,80
02:23:44:383	exp.	8,89	-37,40	416,40
02:23:44:393	exp.	8,89	-36,46	411,00
02:23:44:403	exp.	8,90	-35,64	405,60
02:23:44:413	exp.	8,86	-34,88	400,20
02:23:44:423	exp.	8,79	-34,16	394,90
02:23:44:433	exp.	8,72	-33,53	389,60
02:23:44:443	exp.	8,68	-33,04	384,40
02:23:44:453	exp.	8,65	-32,64	379,20
02:23:44:463	exp.	8,61	-32,29	374,10
02:23:44:473	exp.	8,57	-32,02	369,10
02:23:44:483	exp.	8,53	-31,78	364,10
02:23:44:493	exp.	8,52	-31,53	359,20
02:23:44:503	exp.	8,50	-31,25	354,40
02:23:44:513	exp.	8,46	-30,93	349,60
02:23:44:523	exp.	8,44	-30,57	344,90
02:23:44:533	exp.	8,44	-30,18	340,30
02:23:44:543	exp.	8,44	-29,78	335,70
02:23:44:553	exp.	8,41	-29,38	331,20
02:23:44:563	exp.	8,37	-28,99	326,70
02:23:44:573	exp.	8,31	-28,61	322,30
02:23:44:583	exp.	8,26	-28,25	318,00
02:23:44:593	exp.	8,23	-27,88	313,70
02:23:44:603	exp.	8,21	-27,50	309,50
02:23:44:613	exp.	8,20	-27,11	305,40
02:23:44:623	exp.	8,20	-26,74	301,30
02:23:44:633	exp.	8,21	-26,36	297,30
02:23:44:643	exp.	8,22	-26,00	293,30
02:23:44:653	exp.	8,22	-25,63	289,40
02:23:44:663	exp.	8,22	-25,25	285,60
02:23:44:673	exp.	8,20	-24,88	281,80
02:23:44:683	exp.	8,16	-24,50	278,00
02:23:44:693	exp.	8,13	-24,13	274,30
02:23:44:703	exp.	8,10	-23,78	270,60
02:23:44:713	exp.	8,09	-23,45	267,00
02:23:44:723	exp.	8,06	-23,14	263,40
02:23:44:733	exp.	8,04	-22,85	259,90
02:23:44:743	exp.	8,02	-22,58	256,30
02:23:44:753	exp.	8,02	-22,33	252,90
02:23:44:763	exp.	7,99	-22,06	249,50
02:23:44:773	exp.	7,96	-21,80	246,10
02:23:44:785	exp.	7,94	-21,54	242,80
02:23:44:793	exp.	7,92	-21,28	239,50
02:23:44:803	exp.	7,91	-21,01	236,30
02:23:44:813	exp.	7,91	-20,74	233,20
02:23:44:823	exp.	7,91	-20,45	230,10
02:23:44:837	exp.	7,91	-20,16	227,00
02:23:44:843	exp.	7,92	-19,86	223,90
02:23:44:853	exp.	7,92	-19,57	220,80
02:23:44:863	exp.	7,93	-19,31	217,80
02:23:44:873	exp.	7,95	-19,07	214,80
02:23:44:883	exp.	7,94	-18,86	211,70
02:23:44:893	exp.	7,93	-18,68	208,80
02:23:44:903	exp.	7,90	-18,53	205,80
02:23:44:913	exp.	7,87	-18,38	202,90
02:23:44:923	exp.	7,84	-18,25	200,00
02:23:44:933	exp.	7,81	-18,11	197,20
02:23:44:943	exp.	7,80	-17,96	194,40
02:23:44:953	exp.	7,80	-17,81	191,60
02:23:44:963	exp.	7,81	-17,64	188,90
02:23:44:973	exp.	7,83	-17,47	186,10
02:23:44:983	exp.	7,85	-17,27	183,40
02:23:44:993	exp.	7,88	-17,08	180,70
02:23:45:003	exp.	7,88	-16,90	178,00
02:23:45:013	exp.	7,87	-16,73	175,30
02:23:45:023	exp.	7,84	-16,60	172,60
02:23:45:035	exp.	7,82	-16,48	169,90
02:23:45:043	exp.	7,80	-16,38	167,30
02:23:45:053	exp.	7,80	-16,29	164,70
02:23:45:063	exp.	7,83	-16,19	162,00
02:23:45:073	exp.	7,86	-16,10	159,40
02:23:45:083	exp.	7,89	-16,04	156,80
02:23:45:093	exp.	7,90	-15,98	154,20
02:23:45:103	exp.	7,90	-15,94	151,60
02:23:45:113	exp.	7,90	-15,88	148,90
02:23:45:123	exp.	7,87	-15,82	146,30
02:23:45:133	exp.	7,84	-15,77	143,70
02:23:45:143	exp.	7,81	-15,72	141,10
02:23:45:153	exp.	7,79	-15,69	138,50
02:23:45:163	exp.	7,76	-15,68	135,90
02:23:45:173	exp.	7,75	-15,68	133,40
02:23:45:183	exp.	7,75	-15,67	130,80
02:23:45:193	exp.	7,75	-15,65	128,30
02:23:45:203	exp.	7,75	-15,61	125,70
02:23:45:213	exp.	7,74	-15,56	123,30
02:23:45:223	exp.	7,71	-15,48	120,80
02:23:45:237	exp.	7,67	-15,38	118,40
02:23:45:243	exp.	7,66	-15,27	116,10
02:23:45:253	exp.	7,65	-15,13	113,80
02:23:45:263	exp.	7,64	-14,95	111,50
02:23:45:273	exp.	7,64	-14,77	109,30
02:23:45:285	exp.	7,65	-14,56	107,10
02:23:45:294	exp.	7,65	-14,35	104,90
02:23:45:303	exp.	7,64	-14,14	102,70
02:23:45:313	exp.	7,64	-13,93	100,60
02:23:45:323	exp.	7,65	-13,71	98,40
02:23:45:333	exp.	7,65	-13,51	96,40
02:23:45:343	exp.	7,62	-13,32	94,30
02:23:45:353	exp.	7,58	-13,15	92,20
02:23:45:363	exp.	7,55	-13,00	90,20
02:23:45:373	exp.	7,52	-12,85	88,30
02:23:45:383	exp.	7,50	-12,70	86,30
02:23:45:393	exp.	7,48	-12,54	84,50
02:23:45:403	exp.	7,46	-12,36	82,60
02:23:45:413	exp.	7,46	-12,16	80,90
02:23:45:423	exp.	7,47	-11,93	79,20
02:23:45:435	exp.	7,50	-11,70	77,50
02:23:45:443	exp.	7,51	-11,45	75,80
02:23:45:453	exp.	7,50	-11,20	74,20
02:23:45:463	exp.	7,46	-10,95	72,60
02:23:45:473	exp.	7,43	-10,70	71,00
02:23:45:483	exp.	7,39	-10,46	69,40
02:23:45:493	exp.	7,37	-10,23	67,90
02:23:45:503	exp.	7,38	-10,00	66,40
02:23:45:513	exp.	7,41	-9,79	65,00
02:23:45:523	exp.	7,44	-9,60	63,50
02:23:45:533	exp.	7,45	-9,44	62,10
02:23:45:543	exp.	7,45	-9,29	60,70
02:23:45:553	exp.	7,45	-9,15	59,30
02:23:45:563	exp.	7,44	-9,01	57,90
02:23:45:573	exp.	7,42	-8,86	56,60
02:23:45:583	exp.	7,41	-8,70	55,30
02:23:45:593	exp.	7,41	-8,54	54,00
02:23:45:603	exp.	7,38	-8,41	52,70
02:23:45:613	exp.	7,36	-8,30	51,40
02:23:45:623	exp.	7,35	-8,20	50,20
02:23:45:637	exp.	7,35	-8,09	49,00
02:23:45:643	exp.	7,34	-7,96	47,80
02:23:45:653	exp.	7,34	-7,83	46,60
02:23:45:663	exp.	7,34	-7,70	45,50
02:23:45:673	exp.	7,33	-7,56	44,40
02:23:45:683	exp.	7,32	-7,42	43,30
02:23:45:693	exp.	7,31	-7,29	42,20
02:23:45:703	exp.	7,32	-7,14	41,20
02:23:45:713	exp.	7,34	-6,99	40,10
02:23:45:723	exp.	7,36	-6,83	39,10
02:23:45:733	exp.	7,38	-6,67	38,10
02:23:45:743	exp.	7,39	-6,54	37,10
02:23:45:753	exp.	7,40	-6,43	36,10
02:23:45:763	exp.	7,43	-6,34	35,00
02:23:45:773	exp.	7,45	-6,25	34,00
02:23:45:785	exp.	7,48	-6,19	33,00
02:23:45:793	exp.	7,48	-6,16	31,90
02:23:45:803	exp.	7,46	-6,14	30,90
02:23:45:813	exp.	7,43	-6,15	29,80
02:23:45:823	exp.	7,39	-6,17	28,80
02:23:45:839	exp.	7,36	-6,19	27,80
02:23:45:843	exp.	7,35	-6,20	26,70
02:23:45:853	exp.	7,35	-6,20	25,70
02:23:45:863	exp.	7,36	-6,20	24,70
02:23:45:873	exp.	7,38	-6,20	23,70
02:23:45:883	exp.	7,40	-6,20	22,60
02:23:45:893	exp.	7,40	-6,20	21,60
02:23:45:903	exp.	7,40	-6,21	20,50
02:23:45:913	exp.	7,36	-6,22	19,50
02:23:45:923	exp.	7,31	-6,21	18,50
02:23:45:933	exp.	7,26	-6,20	17,50
02:23:45:943	exp.	7,24	-6,19	16,60
02:23:45:953	exp.	7,26	-6,14	15,70
02:23:45:963	exp.	7,30	-6,08	14,80
02:23:45:973	exp.	7,35	-6,01	13,80
02:23:45:983	exp.	7,38	-5,94	12,90
02:23:45:993	exp.	7,38	-5,87	12,00
02:23:46:003	exp.	7,37	-5,80	11,10
02:23:46:013	exp.	7,34	-5,73	10,20
02:23:46:023	exp.	7,32	-5,65	9,30
02:23:46:034	exp.	7,29	-5,55	8,50
02:23:46:043	exp.	7,26	-5,45	7,70
02:23:46:053	exp.	7,25	-5,37	6,90
02:23:46:063	exp.	7,24	-5,31	6,10
02:23:46:073	exp.	7,22	-5,25	5,30
02:23:46:083	exp.	7,21	-5,17	4,60
02:23:46:093	exp.	7,20	-5,07	3,90
02:23:46:103	exp.	7,20	-4,94	3,30
02:23:46:113	exp.	7,19	-4,78	2,70
02:23:46:123	exp.	7,16	-4,61	2,10
02:23:46:133	exp.	7,13	-4,44	1,60
02:23:46:143	exp.	7,12	-4,26	1,10
02:23:46:153	exp.	7,11	-4,07	0,60
02:23:46:163	exp.	7,11	-3,87	0,20
02:23:46:173	exp.	7,13	-3,65	-0,20
02:23:46:183	exp.	7,16	-3,42	-0,60
02:23:46:193	exp.	7,18	-3,20	-1,00
02:23:46:203	exp.	7,20	-2,99	-1,30
02:23:46:213	exp.	7,22	-2,81	-1,70
02:23:46:223	exp.	7,25	-2,65	-2,00
02:23:46:234	exp.	7,26	-2,51	-2,40
02:23:46:243	exp.	7,25	-2,40	-2,70
02:23:46:253	exp.	7,20	-2,30	-3,00
02:23:46:263	exp.	7,14	-2,21	-3,20
02:23:46:273	exp.	7,08	-2,13	-3,40
02:23:46:285	exp.	7,05	-2,03	-3,60
02:23:46:294	exp.	7,02	-1,90	-3,70
02:23:46:303	exp.	7,02	-1,73	-3,80
02:23:46:313	exp.	7,05	-1,55	-3,90
02:23:46:323	exp.	7,08	-1,37	-4,00
02:23:46:333	exp.	7,12	-1,21	-4,10
02:23:46:343	exp.	7,12	-1,07	-4,20
02:23:46:353	exp.	7,12	-0,95	-4,40
02:23:46:363	exp.	7,11	-0,86	-4,50
02:23:46:373	exp.	7,08	-0,79	-4,60
02:23:46:383	exp.	7,04	-0,74	-4,70
02:23:46:393	exp.	7,01	-0,71	-4,80
02:23:46:403	exp.	7,00	-0,69	-4,80
02:23:46:413	exp.	7,01	-0,67	-4,90
02:23:46:423	exp.	7,04	-0,63	-4,90
02:23:46:438	exp.	7,05	-0,58	-5,00
02:23:46:443	exp.	7,07	-0,53	-5,00
02:23:46:453	exp.	7,08	-0,49	-5,10
02:23:46:463	exp.	7,07	-0,44	-5,20
02:23:46:473	exp.	7,05	-0,40	-5,30
02:23:46:484	exp.	7,02	-0,37	-5,30
02:23:46:493	exp.	6,99	-0,35	-5,40
02:23:46:503	exp.	6,95	-0,34	-5,40
02:23:46:513	exp.	6,91	-0,34	-5,40
02:23:46:523	exp.	6,87	-0,34	-5,40
02:23:46:533	exp.	6,84	-0,31	-5,40
02:23:46:543	exp.	6,82	-0,26	-5,40
02:23:46:553	exp.	6,80	-0,19	-5,40
02:23:46:563	exp.	6,76	-0,10	-5,40
02:23:46:573	exp.	6,72	0,01	-5,40
02:23:46:583	exp.	6,66	0,13	-5,40
02:23:46:593	exp.	6,61	0,24	-5,40
02:23:46:603	exp.	6,53	0,35	-5,40
02:23:46:613	exp.	6,44	0,47	-5,40
02:23:46:623	maintien de la pause exp.	6,28	0,59	-5,40	Pression
02:23:46:636	maintien de la pause exp.	6,09	0,71	-5,40
02:23:46:644	maintien de la pause exp.	5,82	0,86	-5,40
02:23:46:653	maintien de la pause exp.	5,43	1,06	-5,40
02:23:46:663	maintien de la pause exp.	5,02	1,33	-5,40
02:23:46:673	maintien de la pause exp.	4,70	1,68	-5,40
02:23:46:683	maintien de la pause exp.	4,44	2,09	-5,40
02:23:46:693	maintien de la pause exp.	4,21	2,50	-5,40
02:23:46:703	maintien de la pause exp.	3,97	2,85	-5,40
02:23:46:713	maintien de la pause exp.	3,71	3,11	-5,40
02:23:46:723	maintien de la pause exp.	3,41	3,29	-5,40
02:23:46:733	maintien de la pause exp.	3,09	3,39	-5,40
02:23:46:743	maintien de la pause exp.	2,78	3,44	-5,40
02:23:46:753	maintien de la pause exp.	2,50	3,47	-5,40
02:23:46:763	maintien de la pause exp.	2,27	3,47	-5,40
02:23:46:773	maintien de la pause exp.	2,07	3,40	-5,40
02:23:46:785	maintien de la pause exp.	1,92	3,28	-5,40
02:23:46:794	maintien de la pause exp.	1,78	3,11	-5,40
02:23:46:803	maintien de la pause exp.	1,61	2,93	-5,40
02:23:46:813	maintien de la pause exp.	1,45	2,78	-5,40
02:23:46:823	maintien de la pause exp.	1,28	2,68	-5,40
02:23:46:835	maintien de la pause exp.	1,14	2,60	-5,40
02:23:46:843	maintien de la pause exp.	1,04	2,55	-5,40
02:23:46:853	maintien de la pause exp.	0,98	2,47	-5,40
02:23:46:864	maintien de la pause exp.	0,96	2,35	-5,40
02:23:46:873	maintien de la pause exp.	0,94	2,18	-5,40
02:23:46:883	maintien de la pause exp.	0,93	1,97	-5,40
02:23:46:893	maintien de la pause exp.	0,91	1,75	-5,40
02:23:46:903	maintien de la pause exp.	0,87	1,54	-5,40
02:23:46:913	maintien de la pause exp.	0,82	1,36	-5,40
02:23:46:923	maintien de la pause exp.	0,76	1,21	-5,40
02:23:46:933	maintien de la pause exp.	0,70	1,09	-5,40
02:23:46:943	maintien de la pause exp.	0,66	0,98	-5,40
02:23:46:953	maintien de la pause exp.	0,62	0,87	-5,40
02:23:46:963	maintien de la pause exp.	0,59	0,77	-5,40
02:23:46:973	maintien de la pause exp.	0,58	0,68	-5,40
02:23:46:983	maintien de la pause exp.	0,58	0,64	-5,40
02:23:46:993	maintien de la pause exp.	0,57	0,62	-5,40
02:23:47:003	maintien de la pause exp.	0,57	0,62	-5,40
02:23:47:013	maintien de la pause exp.	0,54	0,62	-5,40
02:23:47:023	maintien de la pause exp.	0,52	0,62	-5,40
02:23:47:033	maintien de la pause exp.	0,49	0,59	-5,40
02:23:47:043	maintien de la pause exp.	0,46	0,56	-5,40
02:23:47:053	maintien de la pause exp.	0,43	0,52	-5,40
02:23:47:063	maintien de la pause exp.	0,41	0,48	-5,40
02:23:47:073	maintien de la pause exp.	0,39	0,44	-5,40
02:23:47:083	maintien de la pause exp.	0,35	0,42	-5,40
02:23:47:093	maintien de la pause exp.	0,30	0,41	-5,40
02:23:47:103	maintien de la pause exp.	0,24	0,40	-5,40
02:23:47:113	maintien de la pause exp.	0,18	0,41	-5,40
02:23:47:123	maintien de la pause exp.	0,12	0,44	-5,40
02:23:47:133	maintien de la pause exp.	0,03	0,48	-5,40
02:23:47:143	maintien de la pause exp.	-0,06	0,52	-5,40
02:23:47:153	maintien de la pause exp.	-0,18	0,57	-5,40
02:23:47:163	maintien de la pause exp.	-0,28	0,62	-5,40
02:23:47:173	maintien de la pause exp.	-0,36	0,68	-5,40
02:23:47:183	maintien de la pause exp.	-0,40	0,75	-5,40
02:23:47:193	maintien de la pause exp.	-0,41	0,83	-5,40
02:23:47:203	maintien de la pause exp.	-0,40	0,91	-5,40
02:23:47:213	maintien de la pause exp.	-0,32	0,97	-5,40
02:23:47:223	maintien de la pause exp.	-0,20	0,98	-5,40
02:23:47:234	maintien de la pause exp.	-0,04	0,95	-5,40
02:23:47:243	maintien de la pause exp.	0,17	0,86	-5,60
02:23:47:253	maintien de la pause exp.	0,44	0,72	-5,80
02:23:47:263	maintien de la pause exp.	0,78	0,52	-6,10
02:23:47:273	maintien de la pause exp.	1,18	0,26	-6,50
02:23:47:285	maintien de la pause exp.	1,66	-0,07	-7,00
02:23:47:294	maintien de la pause exp.	2,20	-0,46	-7,60
02:23:47:303	maintien de la pause exp.	2,79	-0,91	-8,40
02:23:47:313	maintien de la pause exp.	3,37	-1,42	-9,20
02:23:47:323	maintien de la pause exp.	3,90	-1,98	-10,10
02:23:47:333	maintien de la pause exp.	4,35	-2,57	-11,00
02:23:47:343	maintien de la pause exp.	4,71	-3,15	-11,90
02:23:47:353	maintien de la pause exp.	5,00	-3,68	-12,70
02:23:47:363	maintien de la pause exp.	5,22	-4,12	-13,30
02:23:47:373	maintien de la pause exp.	5,40	-4,43	-13,90
02:23:47:383	maintien de la pause exp.	5,55	-4,58	-14,30
02:23:47:393	maintien de la pause exp.	5,68	-4,60	-14,70
02:23:47:403	maintien de la pause exp.	5,79	-4,48	-14,90
02:23:47:413	maintien de la pause exp.	5,89	-4,24	-15,20
02:23:47:423	maintien de la pause exp.	5,97	-3,89	-15,40
02:23:47:435	maintien de la pause exp.	6,04	-3,45	-15,60
02:23:47:443	maintien de la pause exp.	6,10	-2,97	-15,70
02:23:47:453	maintien de la pause exp.	6,14	-2,48	-15,90
02:23:47:463	maintien de la pause exp.	6,17	-2,03	-16,00
02:23:47:473	maintien de la pause exp.	6,17	-1,65	-16,10
02:23:47:483	maintien de la pause exp.	6,17	-1,36	-16,20
02:23:47:493	maintien de la pause exp.	6,17	-1,13	-16,20
02:23:47:503	maintien de la pause exp.	6,16	-0,96	-16,20
02:23:47:513	maintien de la pause exp.	6,16	-0,82	-16,20
02:23:47:523	maintien de la pause exp.	6,17	-0,68	-16,30
02:23:47:533	maintien de la pause exp.	6,20	-0,56	-16,30
02:23:47:543	maintien de la pause exp.	6,23	-0,44	-16,30
02:23:47:553	maintien de la pause exp.	6,28	-0,35	-16,40
02:23:47:563	maintien de la pause exp.	6,33	-0,29	-16,40
02:23:47:573	maintien de la pause exp.	6,36	-0,24	-16,50
02:23:47:583	maintien de la pause exp.	6,38	-0,22	-16,60
02:23:47:593	maintien de la pause exp.	6,38	-0,23	-16,60
02:23:47:603	maintien de la pause exp.	6,35	-0,25	-16,70
02:23:47:613	maintien de la pause exp.	6,30	-0,28	-16,70
02:23:47:623	maintien de la pause exp.	6,25	-0,29	-16,70
02:23:47:638	maintien de la pause exp.	6,22	-0,29	-16,70
02:23:47:643	maintien de la pause exp.	6,20	-0,26	-16,70
02:23:47:653	maintien de la pause exp.	6,20	-0,21	-16,70
02:23:47:663	maintien de la pause exp.	6,24	-0,14	-16,70
02:23:47:673	maintien de la pause exp.	6,29	-0,08	-16,70
02:23:47:683	maintien de la pause exp.	6,36	-0,01	-16,70
02:23:47:693	maintien de la pause exp.	6,40	0,02	-16,80
02:23:47:703	maintien de la pause exp.	6,39	0,04	-16,90
02:23:47:713	maintien de la pause exp.	6,34	0,01	-16,90
02:23:47:723	maintien de la pause exp.	6,27	-0,02	-16,90
02:23:47:733	maintien de la pause exp.	6,21	-0,07	-16,90
02:23:47:743	maintien de la pause exp.	6,18	-0,08	-16,90
02:23:47:753	maintien de la pause exp.	6,20	-0,08	-16,90
02:23:47:763	maintien de la pause exp.	6,26	-0,05	-16,90
02:23:47:773	maintien de la pause exp.	6,34	-0,02	-16,90
02:23:47:785	maintien de la pause exp.	6,42	-0,01	-17,00
02:23:47:793	maintien de la pause exp.	6,48	-0,01	-17,10
02:23:47:803	maintien de la pause exp.	6,50	-0,02	-17,20
02:23:47:814	insp.	6,50	-0,05	-17,30
02:23:47:823	insp.	6,46	-0,07	-17,30
02:23:47:837	insp.	6,46	-0,10	0,00
02:23:47:843	insp.	6,38	-0,13	0,00
02:23:47:853	insp.	6,81	-0,19	0,20
02:23:47:863	insp.	7,70	-0,22	0,40
02:23:47:873	insp.	9,96	-0,35	1,20
02:23:47:883	insp.	12,08	-0,23	2,50
02:23:47:893	insp.	12,71	0,07	4,80
02:23:47:903	insp.	12,58	0,85	8,50
02:23:47:913	insp.	12,89	2,53	13,50
02:23:47:923	insp.	13,70	5,25	19,60
02:23:47:933	insp.	14,42	8,87	26,40
02:23:47:943	insp.	14,92	13,18	34,20
02:23:47:953	insp.	15,45	17,82	42,30
02:23:47:963	insp.	16,17	22,77	50,50
02:23:47:973	insp.	16,63	27,75	58,90
02:23:47:983	insp.	16,89	32,53	67,60
02:23:47:993	insp.	17,28	37,38	76,50
02:23:48:003	insp.	17,68	42,02	85,50
02:23:48:013	insp.	17,95	45,86	94,60
02:23:48:023	insp.	18,13	48,69	103,70
02:23:48:034	insp.	18,35	50,63	112,90
02:23:48:043	insp.	18,54	51,88	122,00
02:23:48:053	insp.	18,58	52,75	131,00
02:23:48:063	insp.	18,53	53,20	140,10
02:23:48:073	insp.	18,59	53,71	149,10
02:23:48:083	insp.	18,71	54,23	158,00
02:23:48:093	insp.	18,75	54,49	166,80
02:23:48:103	insp.	18,75	54,47	175,60
02:23:48:113	insp.	18,83	54,32	184,30
02:23:48:123	insp.	18,90	54,10	192,80
02:23:48:133	insp.	18,94	53,75	201,20
02:23:48:143	insp.	18,91	53,28	209,50
02:23:48:153	insp.	18,90	52,78	217,70
02:23:48:163	insp.	18,92	52,31	225,80
02:23:48:173	insp.	18,94	51,77	233,80
02:23:48:183	insp.	18,94	51,15	241,70
02:23:48:193	insp.	18,95	50,53	249,50
02:23:48:203	insp.	19,00	49,91	257,20
02:23:48:213	insp.	19,05	49,27	264,70
02:23:48:223	insp.	19,08	48,61	272,20
02:23:48:233	insp.	19,09	47,96	279,50
02:23:48:243	insp.	19,11	47,34	286,80
02:23:48:253	insp.	19,11	46,71	293,90
02:23:48:263	insp.	19,11	46,05	300,90
02:23:48:273	insp.	19,14	45,40	307,80
02:23:48:285	insp.	19,15	44,77	314,60
02:23:48:294	insp.	19,15	44,11	321,30
02:23:48:303	insp.	19,16	43,44	327,90
02:23:48:313	insp.	19,15	42,78	334,40
02:23:48:323	insp.	19,13	42,13	340,80
02:23:48:333	insp.	19,13	41,48	347,10
02:23:48:343	insp.	19,13	40,84	353,30
02:23:48:353	insp.	19,13	40,21	359,40
02:23:48:363	insp.	19,13	39,59	365,40
02:23:48:373	insp.	19,13	38,97	371,30
02:23:48:383	insp.	19,16	38,35	377,10
02:23:48:393	insp.	19,18	37,75	382,80
02:23:48:403	insp.	19,19	37,15	388,40
02:23:48:413	insp.	19,22	36,55	393,90
02:23:48:423	insp.	19,26	35,98	399,30
02:23:48:436	insp.	19,28	35,39	404,60
02:23:48:443	insp.	19,33	34,81	409,80
02:23:48:453	insp.	19,37	34,23	414,90
02:23:48:463	insp.	19,42	33,64	419,90
02:23:48:473	insp.	19,44	33,04	424,80
02:23:48:483	insp.	19,44	32,43	429,50
02:23:48:493	insp.	19,41	31,80	434,20
02:23:48:503	insp.	19,41	31,18	438,80
02:23:48:513	insp.	19,41	30,55	443,20
02:23:48:523	insp.	19,40	29,91	447,60
02:23:48:533	insp.	19,39	29,28	451,80
02:23:48:543	insp.	19,39	28,64	456,00
02:23:48:553	insp.	19,40	28,01	460,00
02:23:48:563	insp.	19,43	27,37	464,00
02:23:48:573	insp.	19,47	26,73	467,80
02:23:48:583	insp.	19,51	26,11	471,50
02:23:48:593	insp.	19,53	25,49	475,10
02:23:48:603	insp.	19,51	24,86	478,60
02:23:48:613	insp.	19,46	24,22	482,00
02:23:48:623	insp.	19,42	23,57	485,30
02:23:48:637	insp.	19,40	22,93	488,50
02:23:48:643	insp.	19,39	22,31	491,70
02:23:48:653	insp.	19,40	21,70	494,70
02:23:48:664	exp.	19,42	21,11	497,70
02:23:48:673	exp.	19,41	20,51	500,50
02:23:48:683	exp.	17,64	19,93	503,20
02:23:48:693	exp.	17,04	19,34	505,70
02:23:48:703	exp.	15,52	19,06	507,10
02:23:48:713	exp.	12,84	18,49	507,50
02:23:48:723	exp.	10,85	17,43	506,50
02:23:48:735	exp.	9,76	15,61	503,70
02:23:48:743	exp.	9,12	12,67	499,00
02:23:48:753	exp.	8,54	8,35	492,50
02:23:48:763	exp.	8,29	2,78	485,30
02:23:48:773	exp.	8,46	-3,64	477,30
02:23:48:785	exp.	8,64	-10,33	468,80
02:23:48:794	exp.	8,80	-17,35	460,30
02:23:48:803	exp.	9,17	-24,54	452,10
02:23:48:813	exp.	9,52	-31,14	444,00
02:23:48:823	exp.	9,60	-37,07	436,20
02:23:48:839	exp.	9,60	-42,07	428,70
02:23:48:843	exp.	9,60	-45,71	421,50
02:23:48:853	exp.	9,58	-47,70	414,40
02:23:48:863	exp.	9,44	-48,23	407,60
02:23:48:873	exp.	9,28	-47,74	401,00
02:23:48:883	exp.	9,24	-46,80	394,40
02:23:48:893	exp.	9,22	-45,37	387,90
02:23:48:903	exp.	9,16	-43,99	381,50
02:23:48:913	exp.	9,12	-42,80	375,30
02:23:48:923	exp.	9,11	-41,68	369,20
02:23:48:933	exp.	9,08	-40,58	363,20
02:23:48:943	exp.	9,01	-39,62	357,30
02:23:48:953	exp.	8,96	-38,80	351,60
02:23:48:963	exp.	8,90	-38,01	346,00
02:23:48:973	exp.	8,87	-37,24	340,50
02:23:48:983	exp.	8,83	-36,56	335,00
02:23:48:993	exp.	8,79	-35,92	329,60
02:23:49:003	exp.	8,77	-35,26	324,20
02:23:49:013	exp.	8,76	-34,63	318,90
02:23:49:023	exp.	8,76	-34,04	313,60
02:23:49:035	exp.	8,75	-33,52	308,30
02:23:49:043	exp.	8,70	-33,03	303,10
02:23:49:053	exp.	8,64	-32,62	297,90
02:23:49:063	exp.	8,59	-32,29	292,80
02:23:49:073	exp.	8,54	-32,02	287,80
02:23:49:083	exp.	8,49	-31,76	282,80
02:23:49:093	exp.	8,43	-31,49	278,00
02:23:49:103	exp.	8,41	-31,19	273,20
02:23:49:113	exp.	8,42	-30,86	268,40
02:23:49:123	exp.	8,43	-30,49	263,80
02:23:49:133	exp.	8,44	-30,10	259,20
02:23:49:143	exp.	8,44	-29,69	254,70
02:23:49:153	exp.	8,42	-29,27	250,20
02:23:49:163	exp.	8,38	-28,85	245,80
02:23:49:173	exp.	8,34	-28,42	241,50
02:23:49:183	exp.	8,29	-28,00	237,20
02:23:49:193	exp.	8,25	-27,57	233,00
02:23:49:203	exp.	8,22	-27,15	228,80
02:23:49:213	exp.	8,19	-26,76	224,70
02:23:49:223	exp.	8,18	-26,39	220,70
02:23:49:235	exp.	8,18	-26,02	216,70
02:23:49:243	exp.	8,17	-25,66	212,80
02:23:49:253	exp.	8,16	-25,31	208,90
02:23:49:263	exp.	8,13	-24,97	205,00
02:23:49:273	exp.	8,11	-24,62	201,30
02:23:49:285	exp.	8,09	-24,28	197,50
02:23:49:294	exp.	8,07	-23,95	193,90
02:23:49:303	exp.	8,04	-23,63	190,30
02:23:49:313	exp.	8,03	-23,30	186,70
02:23:49:323	exp.	8,03	-22,97	183,20
02:23:49:333	exp.	8,02	-22,64	179,70
02:23:49:343	exp.	8,01	-22,33	176,30
02:23:49:353	exp.	8,00	-22,03	172,90
02:23:49:363	exp.	7,99	-21,73	169,50
02:23:49:373	exp.	7,98	-21,43	166,20
02:23:49:383	exp.	7,95	-21,16	162,90
02:23:49:393	exp.	7,92	-20,89	159,70
02:23:49:403	exp.	7,89	-20,63	156,50
02:23:49:413	exp.	7,87	-20,39	153,40
02:23:49:423	exp.	7,85	-20,15	150,30
02:23:49:436	exp.	7,81	-19,91	147,20
02:23:49:443	exp.	7,80	-19,66	144,20
02:23:49:453	exp.	7,79	-19,39	141,30
02:23:49:463	exp.	7,81	-19,10	138,40
02:23:49:473	exp.	7,85	-18,83	135,50
02:23:49:483	exp.	7,88	-18,55	132,60
02:23:49:493	exp.	7,88	-18,28	129,80
02:23:49:503	exp.	7,87	-18,04	126,90
02:23:49:513	exp.	7,82	-17,82	124,20
02:23:49:523	exp.	7,75	-17,62	121,40
02:23:49:533	exp.	7,72	-17,42	118,70
02:23:49:543	exp.	7,72	-17,20	116,10
02:23:49:553	exp.	7,74	-16,99	113,40
02:23:49:563	exp.	7,75	-16,78	110,80
02:23:49:573	exp.	7,76	-16,58	108,30
02:23:49:583	exp.	7,76	-16,41	105,70
02:23:49:593	exp.	7,76	-16,25	103,10
02:23:49:603	exp.	7,72	-16,09	100,60
02:23:49:613	exp.	7,69	-15,91	98,10
02:23:49:623	exp.	7,66	-15,72	95,70
02:23:49:636	exp.	7,65	-15,53	93,20
02:23:49:643	exp.	7,61	-15,35	90,90
02:23:49:653	exp.	7,59	-15,19	88,60
02:23:49:663	exp.	7,56	-15,04	86,30
02:23:49:673	exp.	7,52	-14,86	84,10
02:23:49:683	exp.	7,50	-14,65	81,90
02:23:49:693	exp.	7,48	-14,41	79,80
02:23:49:703	exp.	7,47	-14,13	77,80
02:23:49:713	exp.	7,45	-13,84	75,80
02:23:49:723	exp.	7,42	-13,55	73,90
02:23:49:733	exp.	7,39	-13,24	72,00
02:23:49:743	exp.	7,39	-12,92	70,30
02:23:49:753	exp.	7,40	-12,58	68,50
02:23:49:763	exp.	7,40	-12,22	66,90
02:23:49:773	exp.	7,40	-11,84	65,30
02:23:49:785	exp.	7,40	-11,46	63,70
02:23:49:793	exp.	7,40	-11,09	62,20
02:23:49:803	exp.	7,41	-10,74	60,70
02:23:49:813	exp.	7,42	-10,40	59,30
02:23:49:823	exp.	7,42	-10,06	57,90
02:23:49:837	exp.	7,41	-9,73	56,50
02:23:49:843	exp.	7,37	-9,42	55,20
02:23:49:853	exp.	7,34	-9,14	53,90
02:23:49:863	exp.	7,29	-8,89	52,60
02:23:49:873	exp.	7,27	-8,66	51,40
02:23:49:883	exp.	7,27	-8,44	50,30
02:23:49:893	exp.	7,27	-8,20	49,10
02:23:49:903	exp.	7,28	-7,96	48,00
02:23:49:913	exp.	7,29	-7,73	46,90
02:23:49:923	exp.	7,32	-7,51	45,90
02:23:49:933	exp.	7,33	-7,30	44,80
02:23:49:943	exp.	7,33	-7,09	43,80
02:23:49:953	exp.	7,31	-6,90	42,80
02:23:49:963	exp.	7,26	-6,71	41,90
02:23:49:973	exp.	7,22	-6,53	40,90
02:23:49:983	exp.	7,19	-6,37	40,10
02:23:49:993	exp.	7,19	-6,20	39,20
02:23:50:003	exp.	7,21	-6,03	38,40
02:23:50:013	exp.	7,25	-5,85	37,60
02:23:50:023	exp.	7,28	-5,67	36,90
02:23:50:036	exp.	7,30	-5,49	36,10
02:23:50:043	exp.	7,30	-5,31	35,40
02:23:50:053	exp.	7,29	-5,13	34,70
02:23:50:063	exp.	7,27	-4,95	34,10
02:23:50:073	exp.	7,25	-4,76	33,40
02:23:50:083	exp.	7,24	-4,57	32,80
02:23:50:093	exp.	7,22	-4,40	32,20
02:23:50:103	exp.	7,19	-4,25	31,60
02:23:50:113	exp.	7,17	-4,12	31,10
02:23:50:123	exp.	7,14	-4,00	30,50
02:23:50:133	exp.	7,13	-3,89	30,00
02:23:50:143	exp.	7,11	-3,76	29,50
02:23:50:153	exp.	7,10	-3,64	29,00
02:23:50:163	exp.	7,07	-3,50	28,60
02:23:50:173	exp.	7,04	-3,38	28,20
02:23:50:183	exp.	7,01	-3,24	27,80
02:23:50:193	exp.	7,00	-3,10	27,50
02:23:50:203	exp.	6,99	-2,93	27,30
02:23:50:213	exp.	6,98	-2,74	27,00
02:23:50:223	exp.	6,97	-2,53	26,80
02:23:50:235	exp.	6,97	-2,31	26,70
02:23:50:243	exp.	6,96	-2,09	26,50
02:23:50:253	exp.	6,96	-1,87	26,40
02:23:50:263	exp.	6,96	-1,66	26,30
02:23:50:273	exp.	6,91	-1,46	26,20
02:23:50:285	exp.	6,79	-1,28	26,10
02:23:50:294	exp.	6,60	-1,12	26,10
02:23:50:304	exp.	6,34	-0,95	26,10
02:23:50:313	exp.	6,02	-0,76	26,10
02:23:50:325	insp.	5,66	-0,50	0,50	Pression
02:23:50:334	insp.	5,34	-0,15	1,10
02:23:50:343	insp.	5,03	0,32	1,90
02:23:50:353	insp.	5,70	0,82	2,90
02:23:50:363	insp.	8,70	1,36	4,40
02:23:50:373	insp.	11,31	2,05	6,30
02:23:50:383	insp.	12,10	2,77	9,40
02:23:50:393	insp.	12,03	3,90	14,10
02:23:50:403	insp.	12,46	5,93	20,10
02:23:50:413	insp.	13,47	9,09	27,30
02:23:50:423	insp.	14,16	13,24	35,60
02:23:50:438	insp.	14,48	18,05	45,00
02:23:50:443	insp.	15,08	23,36	54,90
02:23:50:453	insp.	15,93	29,02	64,70
02:23:50:463	insp.	16,39	34,49	74,70
02:23:50:473	insp.	16,64	39,79	85,10
02:23:50:483	insp.	17,07	45,26	95,60
02:23:50:493	insp.	17,48	50,54	106,20
02:23:50:503	insp.	17,68	54,93	116,80
02:23:50:513	insp.	17,84	58,12	127,60
02:23:50:523	insp.	18,03	60,29	138,30
02:23:50:533	insp.	18,22	61,75	149,00
02:23:50:543	insp.	18,24	62,55	159,70
02:23:50:553	insp.	18,24	62,90	170,40
02:23:50:563	insp.	18,37	63,37	181,00
02:23:50:573	insp.	18,54	63,86	191,40
02:23:50:583	insp.	18,55	64,07	201,80
02:23:50:593	insp.	18,58	63,99	212,10
02:23:50:603	insp.	18,65	63,82	222,30
02:23:50:613	insp.	18,75	63,59	232,40
02:23:50:623	insp.	18,76	63,23	242,30
02:23:50:637	insp.	18,72	62,71	252,10
02:23:50:643	insp.	18,68	62,17	261,90
02:23:50:653	insp.	18,65	61,66	271,50
02:23:50:663	insp.	18,60	61,05	281,00
02:23:50:673	insp.	18,62	60,39	290,50
02:23:50:683	insp.	18,66	59,75	299,80
02:23:50:693	insp.	18,71	59,14	309,10
02:23:50:703	insp.	18,71	58,49	318,20
02:23:50:713	insp.	18,68	57,83	327,20
02:23:50:723	insp.	18,66	57,19	336,20
02:23:50:733	insp.	18,65	56,60	345,00
02:23:50:743	insp.	18,63	56,01	353,90
02:23:50:753	insp.	18,65	55,43	362,60
02:23:50:763	insp.	18,70	54,90	371,20
02:23:50:773	insp.	18,72	54,37	379,80
02:23:50:785	insp.	18,73	53,83	388,30
02:23:50:794	insp.	18,81	53,30	396,70
02:23:50:803	insp.	18,90	52,79	404,90
02:23:50:813	insp.	19,00	52,31	413,10
02:23:50:823	insp.	19,11	51,82	421,20
02:23:50:835	insp.	19,21	51,31	429,10
02:23:50:843	insp.	19,30	50,77	436,90
02:23:50:853	insp.	19,44	50,18	444,50
02:23:50:864	insp.	19,56	49,54	451,90
02:23:50:873	insp.	19,69	48,85	459,20
02:23:50:883	insp.	19,80	48,13	466,30
02:23:50:893	insp.	19,97	47,36	473,20
02:23:50:903	insp.	20,15	46,51	479,90
02:23:50:913	insp.	20,27	45,59	486,30
02:23:50:923	insp.	20,19	44,59	492,50
02:23:50:933	insp.	19,92	43,51	498,40
02:23:50:943	insp.	19,82	42,34	504,00
02:23:50:953	insp.	20,00	41,11	509,30
02:23:50:963	insp.	20,12	39,76	514,20
02:23:50:973	insp.	20,08	38,29	518,90
02:23:50:983	insp.	20,04	36,70	523,30
02:23:50:993	insp.	20,04	35,04	527,50
02:23:51:003	insp.	20,04	33,36	531,50
02:23:51:013	insp.	19,95	31,68	535,30
02:23:51:023	insp.	19,91	30,05	539,00
02:23:51:033	insp.	19,91	28,54	542,50
02:23:51:044	exp.	19,86	27,08	545,90
02:23:51:053	exp.	18,72	25,67	549,00
02:23:51:063	exp.	17,51	24,35	551,90
02:23:51:073	exp.	16,31	23,37	553,90
02:23:51:083	exp.	13,62	22,37	554,70
02:23:51:093	exp.	11,35	20,95	554,20
02:23:51:103	exp.	10,07	18,89	551,90
02:23:51:113	exp.	9,37	15,85	547,70
02:23:51:123	exp.	8,81	11,49	541,60
02:23:51:133	exp.	8,44	5,80	534,60
02:23:51:143	exp.	8,51	-0,80	526,70
02:23:51:153	exp.	8,69	-7,76	518,20
02:23:51:163	exp.	8,81	-15,01	509,60
02:23:51:173	exp.	9,09	-22,48	501,30
02:23:51:183	exp.	9,45	-29,48	493,10
02:23:51:193	exp.	9,60	-35,72	485,10
02:23:51:203	exp.	9,59	-41,09	477,40
02:23:51:213	exp.	9,58	-45,22	469,90
02:23:51:223	exp.	9,56	-47,73	462,70
02:23:51:233	exp.	9,44	-48,70	455,70
02:23:51:243	exp.	9,28	-48,54	448,90
02:23:51:253	exp.	9,23	-47,75	442,30
02:23:51:263	exp.	9,23	-46,42	435,90
02:23:51:273	exp.	9,20	-44,93	429,60
02:23:51:285	exp.	9,15	-43,61	423,40
02:23:51:294	exp.	9,08	-42,37	417,50
02:23:51:303	exp.	9,01	-41,11	411,60
02:23:51:313	exp.	8,95	-39,91	405,90
02:23:51:323	exp.	8,93	-38,82	400,40
02:23:51:333	exp.	8,89	-37,76	395,00
02:23:51:343	exp.	8,86	-36,74	389,60
02:23:51:353	exp.	8,85	-35,84	384,30
02:23:51:363	exp.	8,86	-35,08	379,00
02:23:51:373	exp.	8,84	-34,36	373,70
02:23:51:383	exp.	8,80	-33,70	368,50
02:23:51:393	exp.	8,77	-33,11	363,30
02:23:51:403	exp.	8,74	-32,61	358,20
02:23:51:413	exp.	8,69	-32,17	353,00
02:23:51:423	exp.	8,65	-31,80	348,00
02:23:51:433	exp.	8,61	-31,52	343,00
02:23:51:443	exp.	8,58	-31,29	338,10
02:23:51:453	exp.	8,54	-31,07	333,20
02:23:51:463	exp.	8,52	-30,83	328,30
02:23:51:473	exp.	8,48	-30,58	323,60
02:23:51:483	exp.	8,46	-30,28	318,90
02:23:51:493	exp.	8,44	-29,97	314,20
02:23:51:503	exp.	8,41	-29,65	309,60
02:23:51:513	exp.	8,36	-29,30	305,10
02:23:51:523	exp.	8,31	-28,95	300,70
02:23:51:533	exp.	8,28	-28,58	296,30
02:23:51:543	exp.	8,26	-28,21	292,00
02:23:51:553	exp.	8,26	-27,82	287,80
02:23:51:563	exp.	8,24	-27,42	283,60
02:23:51:573	exp.	8,23	-27,02	279,50
02:23:51:583	exp.	8,22	-26,62	275,40
02:23:51:593	exp.	8,22	-26,23	271,40
02:23:51:603	exp.	8,20	-25,85	267,50
02:23:51:613	exp.	8,20	-25,47	263,50
02:23:51:623	exp.	8,19	-25,10	259,70
02:23:51:633	exp.	8,18	-24,76	255,90
02:23:51:643	exp.	8,13	-24,43	252,10
02:23:51:653	exp.	8,09	-24,11	248,40
02:23:51:663	exp.	8,04	-23,80	244,80
02:23:51:673	exp.	7,99	-23,47	241,20
02:23:51:683	exp.	7,96	-23,14	237,80
02:23:51:693	exp.	7,96	-22,80	234,30
02:23:51:703	exp.	7,96	-22,44	230,90
02:23:51:713	exp.	7,97	-22,09	227,50
02:23:51:723	exp.	7,99	-21,75	224,20
02:23:51:733	exp.	7,99	-21,41	220,90
02:23:51:743	exp.	7,98	-21,11	217,60
02:23:51:753	exp.	7,93	-20,81	214,40
02:23:51:763	exp.	7,89	-20,53	211,20
02:23:51:773	exp.	7,87	-20,26	208,10
02:23:51:785	exp.	7,86	-19,99	205,10
02:23:51:793	exp.	7,86	-19,73	202,00
02:23:51:803	exp.	7,87	-19,48	199,00
02:23:51:813	exp.	7,87	-19,24	196,10
02:23:51:823	exp.	7,87	-18,99	193,20
02:23:51:833	exp.	7,86	-18,75	190,20
02:23:51:843	exp.	7,85	-18,50	187,40
02:23:51:853	exp.	7,84	-18,26	184,50
02:23:51:863	exp.	7,84	-18,03	181,60
02:23:51:873	exp.	7,83	-17,82	178,80
02:23:51:883	exp.	7,83	-17,64	176,00
02:23:51:893	exp.	7,80	-17,48	173,20
02:23:51:903	exp.	7,77	-17,34	170,50
02:23:51:913	exp.	7,76	-17,20	167,80
02:23:51:923	exp.	7,75	-17,05	165,20
02:23:51:933	exp.	7,74	-16,88	162,50
02:23:51:943	exp.	7,72	-16,71	160,00
02:23:51:953	exp.	7,70	-16,54	157,40
02:23:51:963	exp.	7,68	-16,36	154,90
02:23:51:973	exp.	7,66	-16,17	152,40
02:23:51:983	exp.	7,65	-15,96	150,00
02:23:51:993	exp.	7,65	-15,72	147,60
02:23:52:003	exp.	7,67	-15,47	145,30
02:23:52:013	exp.	7,69	-15,24	142,90
02:23:52:023	exp.	7,71	-15,02	140,50
02:23:52:035	exp.	7,72	-14,84	138,20
02:23:52:043	exp.	7,73	-14,68	135,80
02:23:52:053	exp.	7,73	-14,52	133,50
02:23:52:063	exp.	7,74	-14,38	131,20
02:23:52:073	exp.	7,74	-14,25	128,90
02:23:52:083	exp.	7,74	-14,15	126,60
02:23:52:093	exp.	7,71	-14,08	124,30
02:23:52:103	exp.	7,68	-14,03	122,00
02:23:52:113	exp.	7,65	-13,98	119,80
02:23:52:123	exp.	7,61	-13,91	117,60
02:23:52:133	exp.	7,60	-13,82	115,40
02:23:52:143	exp.	7,61	-13,72	113,30
02:23:52:153	exp.	7,64	-13,60	111,10
02:23:52:163	exp.	7,67	-13,48	109,00
02:23:52:173	exp.	7,70	-13,37	106,90
02:23:52:183	exp.	7,71	-13,25	104,80
02:23:52:193	exp.	7,71	-13,12	102,70
02:23:52:203	exp.	7,68	-13,01	100,60
02:23:52:213	exp.	7,63	-12,91	98,60
02:23:52:223	exp.	7,61	-12,80	96,60
02:23:52:235	exp.	7,60	-12,69	94,60
02:23:52:243	exp.	7,61	-12,58	92,60
02:23:52:253	exp.	7,63	-12,47	90,60
02:23:52:263	exp.	7,65	-12,36	88,60
02:23:52:273	exp.	7,66	-12,26	86,60
02:23:52:285	exp.	7,68	-12,18	84,70
02:23:52:294	exp.	7,68	-12,10	82,70
02:23:52:303	exp.	7,68	-12,02	80,70
02:23:52:313	exp.	7,68	-11,96	78,70
02:23:52:323	exp.	7,66	-11,91	76,70
02:23:52:333	exp.	7,64	-11,89	74,70
02:23:52:343	exp.	7,61	-11,90	72,70
02:23:52:353	exp.	7,60	-11,92	70,80
02:23:52:363	exp.	7,59	-11,93	68,80
02:23:52:373	exp.	7,59	-11,91	66,90
02:23:52:383	exp.	7,61	-11,87	65,10
02:23:52:393	exp.	7,61	-11,81	63,20
02:23:52:403	exp.	7,59	-11,74	61,30
02:23:52:413	exp.	7,57	-11,66	59,50
02:23:52:423	exp.	7,56	-11,59	57,70
02:23:52:437	exp.	7,55	-11,48	55,90
02:23:52:443	exp.	7,55	-11,35	54,20
02:23:52:453	exp.	7,56	-11,20	52,50
02:23:52:463	exp.	7,56	-11,05	50,70
02:23:52:473	exp.	7,57	-10,91	49,00
02:23:52:483	exp.	7,57	-10,79	47,30
02:23:52:493	exp.	7,58	-10,68	45,60
02:23:52:503	exp.	7,58	-10,58	43,90
02:23:52:513	exp.	7,58	-10,48	42,30
02:23:52:523	exp.	7,58	-10,37	40,60
02:23:52:533	exp.	7,57	-10,28	39,00
02:23:52:543	exp.	7,52	-10,21	37,30
02:23:52:553	exp.	7,48	-10,14	35,80
02:23:52:563	exp.	7,43	-10,08	34,20
02:23:52:573	exp.	7,39	-10,00	32,70
02:23:52:583	exp.	7,38	-9,90	31,20
02:23:52:593	exp.	7,39	-9,77	29,80
02:23:52:603	exp.	7,40	-9,61	28,40
02:23:52:613	exp.	7,42	-9,43	27,00
02:23:52:623	exp.	7,45	-9,24	25,70
02:23:52:637	exp.	7,46	-9,05	24,40
02:23:52:643	exp.	7,44	-8,85	23,10
02:23:52:653	exp.	7,39	-8,66	21,80
02:23:52:663	exp.	7,34	-8,47	20,60
02:23:52:673	exp.	7,30	-8,28	19,40
02:23:52:683	exp.	7,30	-8,09	18,20
02:23:52:693	exp.	7,33	-7,91	17,10
02:23:52:703	exp.	7,37	-7,72	15,90
02:23:52:713	exp.	7,40	-7,54	14,80
02:23:52:723	exp.	7,41	-7,39	13,70
02:23:52:733	exp.	7,40	-7,25	12,60
02:23:52:743	exp.	7,40	-7,12	11,50
02:23:52:753	exp.	7,39	-6,98	10,50
02:23:52:763	exp.	7,37	-6,85	9,40
02:23:52:773	exp.	7,35	-6,72	8,40
02:23:52:785	exp.	7,34	-6,61	7,40
02:23:52:793	exp.	7,32	-6,51	6,40
02:23:52:803	exp.	7,29	-6,44	5,40
02:23:52:813	exp.	7,27	-6,38	4,40
02:23:52:823	exp.	7,26	-6,32	3,40
02:23:52:838	exp.	7,26	-6,23	2,50
02:23:52:843	exp.	7,27	-6,12	1,60
02:23:52:853	exp.	7,28	-6,02	0,70
02:23:52:863	exp.	7,25	-5,93	-0,20
02:23:52:873	exp.	7,23	-5,83	-1,00
02:23:52:883	exp.	7,22	-5,73	-1,80
02:23:52:893	exp.	7,21	-5,61	-2,60
02:23:52:903	exp.	7,21	-5,46	-3,30
02:23:52:913	exp.	7,22	-5,29	-4,00
02:23:52:923	exp.	7,23	-5,10	-4,60
02:23:52:933	exp.	7,24	-4,92	-5,30
02:23:52:943	exp.	7,26	-4,75	-5,90
02:23:52:953	exp.	7,28	-4,57	-6,50
02:23:52:963	exp.	7,28	-4,39	-7,10
02:23:52:973	exp.	7,28	-4,21	-7,70
02:23:52:983	exp.	7,27	-4,06	-8,30
02:23:52:993	exp.	7,24	-3,92	-8,80
02:23:53:003	exp.	7,20	-3,80	-9,40
02:23:53:013	exp.	7,17	-3,71	-9,90
02:23:53:023	exp.	7,14	-3,62	-10,40
02:23:53:035	exp.	7,13	-3,53	-10,90
02:23:53:043	exp.	7,13	-3,43	-11,40
02:23:53:053	exp.	7,16	-3,34	-11,80
02:23:53:063	exp.	7,20	-3,23	-12,30
02:23:53:073	exp.	7,23	-3,13	-12,70
02:23:53:084	exp.	7,26	-3,04	-13,20
02:23:53:093	exp.	7,26	-2,96	-13,60
02:23:53:103	exp.	7,23	-2,89	-14,00
02:23:53:113	exp.	7,20	-2,81	-14,30
02:23:53:123	exp.	7,16	-2,73	-14,70
02:23:53:133	exp.	7,14	-2,63	-14,90
02:23:53:143	exp.	7,14	-2,51	-15,20
02:23:53:153	exp.	7,17	-2,36	-15,40
02:23:53:163	exp.	7,21	-2,20	-15,60
02:23:53:173	exp.	7,25	-2,05	-15,80
02:23:53:183	exp.	7,27	-1,91	-16,10
02:23:53:193	exp.	7,29	-1,79	-16,40
02:23:53:203	exp.	7,30	-1,69	-16,70
02:23:53:213	exp.	7,29	-1,60	-17,00
02:23:53:223	exp.	7,27	-1,55	-17,20
02:23:53:235	exp.	7,24	-1,52	-17,50
02:23:53:243	exp.	7,20	-1,51	-17,70
02:23:53:253	exp.	7,16	-1,53	-18,00
02:23:53:263	exp.	7,14	-1,56	-18,20
02:23:53:273	exp.	7,12	-1,58	-18,40
02:23:53:285	exp.	7,12	-1,56	-18,50
02:23:53:293	exp.	7,12	-1,52	-18,70
02:23:53:303	exp.	7,11	-1,45	-18,90
02:23:53:313	exp.	7,09	-1,37	-19,00
02:23:53:323	exp.	7,06	-1,28	-19,10
02:23:53:333	exp.	7,03	-1,18	-19,20
02:23:53:343	exp.	7,03	-1,07	-19,30
02:23:53:353	exp.	7,05	-0,95	-19,30
02:23:53:363	exp.	7,08	-0,84	-19,40
02:23:53:373	exp.	7,13	-0,74	-19,50
02:23:53:383	exp.	7,15	-0,67	-19,60
02:23:53:393	exp.	7,19	-0,62	-19,70
02:23:53:403	exp.	7,20	-0,60	-19,90
02:23:53:413	exp.	7,24	-0,59	-20,00
02:23:53:423	exp.	7,26	-0,59	-20,20
02:23:53:437	exp.	7,27	-0,61	-20,40
02:23:53:443	exp.	7,26	-0,65	-20,50
02:23:53:453	exp.	7,23	-0,73	-20,70
02:23:53:463	exp.	7,20	-0,81	-20,90
02:23:53:473	exp.	7,17	-0,89	-21,00
02:23:53:483	exp.	7,17	-0,94	-21,20
02:23:53:493	exp.	7,19	-0,95	-21,30
02:23:53:503	exp.	7,25	-0,95	-21,50
02:23:53:513	exp.	7,31	-0,95	-21,70
02:23:53:523	exp.	7,35	-0,96	-22,00
02:23:53:533	exp.	7,37	-1,00	-22,20
02:23:53:543	exp.	7,36	-1,06	-22,50
02:23:53:553	exp.	7,32	-1,15	-22,90
02:23:53:563	exp.	7,27	-1,24	-23,20
02:23:53:573	exp.	7,23	-1,33	-23,50
02:23:53:583	exp.	7,23	-1,43	-23,80
02:23:53:593	exp.	7,24	-1,53	-24,10
02:23:53:603	exp.	7,28	-1,63	-24,50
02:23:53:613	exp.	7,32	-1,73	-24,80
02:23:53:623	exp.	7,35	-1,83	-25,20
02:23:53:635	exp.	7,36	-1,93	-25,60
02:23:53:643	exp.	7,35	-2,01	-26,10
02:23:53:653	exp.	7,34	-2,09	-26,50
02:23:53:663	exp.	7,33	-2,15	-27,00
02:23:53:673	exp.	7,32	-2,23	-27,40
02:23:53:683	exp.	7,31	-2,31	-27,90
02:23:53:693	exp.	7,28	-2,41	-28,40
02:23:53:703	exp.	7,24	-2,51	-28,80
02:23:53:713	exp.	7,20	-2,61	-29,30
02:23:53:723	exp.	7,17	-2,68	-29,70
02:23:53:733	exp.	7,16	-2,72	-30,10
02:23:53:743	exp.	7,13	-2,71	-30,50
02:23:53:753	exp.	7,11	-2,68	-30,80
02:23:53:763	exp.	7,07	-2,63	-31,10
02:23:53:773	exp.	7,03	-2,57	-31,40
02:23:53:785	exp.	6,99	-2,48	-31,60
02:23:53:794	exp.	6,96	-2,36	-31,80
02:23:53:803	exp.	6,91	-2,20	-31,90
02:23:53:813	exp.	6,84	-2,00	-31,90
02:23:53:823	exp.	6,72	-1,76	-31,90
02:23:53:835	exp.	6,55	-1,50	-31,90
02:23:53:843	exp.	6,34	-1,22	-31,90
02:23:53:853	exp.	6,08	-0,90	-31,90
02:23:53:865	insp.	5,77	-0,53	0,50	Pression
02:23:53:874	insp.	5,48	-0,08	1,10
02:23:53:883	insp.	5,14	0,43	1,80
02:23:53:893	insp.	5,98	0,91	2,90
02:23:53:903	insp.	9,09	1,46	4,40
02:23:53:913	insp.	11,29	2,14	6,40
02:23:53:923	insp.	11,78	2,89	9,70
02:23:53:933	insp.	11,77	4,12	14,60
02:23:53:943	insp.	12,35	6,28	20,70
02:23:53:953	insp.	13,26	9,52	28,00
02:23:53:963	insp.	13,84	13,67	36,30
02:23:53:973	insp.	14,19	18,47	45,70
02:23:53:983	insp.	14,87	23,81	55,50
02:23:53:993	insp.	15,69	29,47	65,30
02:23:54:003	insp.	16,07	34,91	75,30
02:23:54:013	insp.	16,37	40,24	85,80
02:23:54:023	insp.	16,86	45,72	96,40
02:23:54:034	insp.	17,24	50,87	107,10
02:23:54:043	insp.	17,46	55,11	117,80
02:23:54:053	insp.	17,63	58,25	128,80
02:23:54:063	insp.	17,87	60,48	139,70
02:23:54:073	insp.	18,09	62,05	150,60
02:23:54:083	insp.	18,17	62,95	161,40
02:23:54:093	insp.	18,20	63,49	172,30
02:23:54:103	insp.	18,33	64,15	183,00
02:23:54:113	insp.	18,50	64,72	193,70
02:23:54:123	insp.	18,50	64,98	204,30
02:23:54:133	insp.	18,52	64,98	214,80
02:23:54:143	insp.	18,58	64,90	225,20
02:23:54:153	insp.	18,62	64,72	235,50
02:23:54:163	insp.	18,66	64,39	245,70
02:23:54:173	insp.	18,64	63,92	255,80
02:23:54:183	insp.	18,64	63,43	265,70
02:23:54:193	insp.	18,70	62,94	275,60
02:23:54:203	insp.	18,72	62,36	285,30
02:23:54:213	insp.	18,72	61,72	295,00
02:23:54:223	insp.	18,72	61,08	304,50
02:23:54:233	insp.	18,71	60,44	313,90
02:23:54:243	insp.	18,73	59,80	323,20
02:23:54:253	insp.	18,76	59,14	332,50
02:23:54:263	insp.	18,76	58,49	341,60
02:23:54:273	insp.	18,73	57,85	350,60
02:23:54:285	insp.	18,71	57,20	359,50
02:23:54:294	insp.	18,74	56,57	368,40
02:23:54:303	insp.	18,80	55,95	377,10
02:23:54:313	insp.	18,82	55,35	385,70
02:23:54:323	insp.	18,81	54,75	394,30
02:23:54:333	insp.	18,77	54,16	402,70
02:23:54:343	insp.	18,76	53,56	411,10
02:23:54:353	insp.	18,75	52,97	419,40
02:23:54:363	insp.	18,73	52,39	427,60
02:23:54:373	insp.	18,73	51,84	435,70
02:23:54:383	insp.	18,77	51,32	443,80
02:23:54:393	insp.	18,83	50,81	451,70
02:23:54:403	insp.	18,90	50,29	459,60
02:23:54:413	insp.	18,99	49,77	467,40
02:23:54:423	insp.	19,09	49,25	475,00
02:23:54:435	insp.	19,20	48,73	482,50
02:23:54:443	insp.	19,30	48,19	489,90
02:23:54:453	insp.	19,41	47,62	497,20
02:23:54:463	insp.	19,51	47,05	504,30
02:23:54:473	insp.	19,66	46,41	511,20
02:23:54:483	insp.	19,84	45,73	517,90
02:23:54:493	insp.	20,01	44,99	524,50
02:23:54:503	insp.	20,17	44,19	530,80
02:23:54:513	insp.	20,27	43,32	536,90
02:23:54:523	insp.	20,24	42,38	542,80
02:23:54:533	insp.	19,97	41,35	548,40
02:23:54:543	insp.	19,86	40,24	553,70
02:23:54:553	insp.	20,01	39,07	558,70
02:23:54:563	insp.	20,17	37,79	563,30
02:23:54:573	insp.	20,17	36,37	567,70
02:23:54:583	insp.	20,10	34,80	571,80
02:23:54:593	insp.	20,09	33,16	575,70
02:23:54:603	insp.	20,09	31,50	579,30
02:23:54:614	exp.	20,03	29,84	582,80
02:23:54:623	exp.	19,68	28,21	586,20
02:23:54:633	exp.	17,12	26,68	589,50
02:23:54:643	exp.	16,69	25,42	591,90
02:23:54:653	exp.	14,29	24,20	593,30
02:23:54:663	exp.	11,75	22,68	593,40
02:23:54:673	exp.	10,28	20,68	591,80
02:23:54:684	exp.	9,56	17,87	588,20
02:23:54:693	exp.	9,05	13,85	582,60
02:23:54:703	exp.	8,62	8,45	575,60
02:23:54:713	exp.	8,58	1,96	567,80
02:23:54:723	exp.	8,74	-5,05	559,30
02:23:54:733	exp.	8,83	-12,41	550,60
02:23:54:743	exp.	9,02	-20,10	542,10
02:23:54:753	exp.	9,39	-27,49	533,70
02:23:54:763	exp.	9,60	-34,16	525,60
02:23:54:773	exp.	9,61	-40,01	517,60
02:23:54:785	exp.	9,62	-44,74	510,00
02:23:54:793	exp.	9,63	-47,89	502,50
02:23:54:803	exp.	9,56	-49,34	495,20
02:23:54:813	exp.	9,37	-49,49	488,10
02:23:54:823	exp.	9,27	-48,91	481,30
02:23:54:833	exp.	9,27	-47,75	474,60
02:23:54:843	exp.	9,21	-46,30	468,00
02:23:54:853	exp.	9,15	-45,00	461,60
02:23:54:863	exp.	9,13	-43,83	455,40
02:23:54:873	exp.	9,10	-42,65	449,40
02:23:54:883	exp.	9,04	-41,47	443,50
02:23:54:893	exp.	8,99	-40,36	437,70
02:23:54:903	exp.	8,95	-39,32	432,10
02:23:54:913	exp.	8,89	-38,27	426,60
02:23:54:923	exp.	8,85	-37,28	421,10
02:23:54:933	exp.	8,82	-36,41	415,70
02:23:54:943	exp.	8,79	-35,60	410,40
02:23:54:953	exp.	8,76	-34,82	405,00
02:23:54:963	exp.	8,75	-34,14	399,70
02:23:54:973	exp.	8,75	-33,56	394,40
02:23:54:983	exp.	8,73	-33,06	389,20
02:23:54:993	exp.	8,71	-32,64	384,00
02:23:55:003	exp.	8,68	-32,31	378,80
02:23:55:013	exp.	8,65	-32,06	373,70
02:23:55:023	exp.	8,62	-31,82	368,70
02:23:55:033	exp.	8,58	-31,59	363,70
02:23:55:043	exp.	8,51	-31,36	358,80
02:23:55:053	exp.	8,48	-31,10	353,90
02:23:55:063	exp.	8,45	-30,82	349,10
02:23:55:073	exp.	8,43	-30,53	344,40
02:23:55:083	exp.	8,41	-30,21	339,70
02:23:55:093	exp.	8,37	-29,87	335,10
02:23:55:103	exp.	8,32	-29,53	330,60
02:23:55:113	exp.	8,29	-29,17	326,10
02:23:55:123	exp.	8,25	-28,81	321,70
02:23:55:133	exp.	8,24	-28,42	317,40
02:23:55:143	exp.	8,24	-28,01	313,20
02:23:55:153	exp.	8,25	-27,60	309,00
02:23:55:163	exp.	8,24	-27,18	304,90
02:23:55:173	exp.	8,23	-26,76	300,80
02:23:55:183	exp.	8,22	-26,35	296,80
02:23:55:193	exp.	8,21	-25,94	292,90
02:23:55:203	exp.	8,21	-25,53	289,00
02:23:55:213	exp.	8,19	-25,12	285,10
02:23:55:223	exp.	8,18	-24,72	281,30
02:23:55:234	exp.	8,14	-24,35	277,60
02:23:55:243	exp.	8,11	-24,02	273,80
02:23:55:253	exp.	8,07	-23,72	270,20
02:23:55:263	exp.	8,02	-23,43	266,60
02:23:55:273	exp.	7,97	-23,14	263,00
02:23:55:285	exp.	7,94	-22,84	259,50
02:23:55:293	exp.	7,92	-22,52	256,10
02:23:55:303	exp.	7,92	-22,21	252,70
02:23:55:313	exp.	7,95	-21,90	249,40
02:23:55:323	exp.	7,97	-21,59	246,10
02:23:55:333	exp.	7,98	-21,29	242,80
02:23:55:343	exp.	7,97	-21,00	239,60
02:23:55:353	exp.	7,93	-20,71	236,40
02:23:55:363	exp.	7,89	-20,41	233,30
02:23:55:373	exp.	7,85	-20,12	230,20
02:23:55:383	exp.	7,82	-19,82	227,20
02:23:55:393	exp.	7,83	-19,54	224,20
02:23:55:403	exp.	7,86	-19,25	221,30
02:23:55:413	exp.	7,87	-18,97	218,40
02:23:55:423	exp.	7,89	-18,71	215,50
02:23:55:437	exp.	7,89	-18,45	212,60
02:23:55:443	exp.	7,88	-18,20	209,80
02:23:55:453	exp.	7,86	-17,96	207,00
02:23:55:463	exp.	7,84	-17,73	204,20
02:23:55:473	exp.	7,84	-17,51	201,40
02:23:55:483	exp.	7,81	-17,32	198,70
02:23:55:493	exp.	7,79	-17,15	196,00
02:23:55:503	exp.	7,78	-17,02	193,30
02:23:55:513	exp.	7,78	-16,88	190,60
02:23:55:523	exp.	7,78	-16,75	188,00
02:23:55:533	exp.	7,77	-16,59	185,40
02:23:55:543	exp.	7,76	-16,42	182,90
02:23:55:553	exp.	7,75	-16,24	180,40
02:23:55:563	exp.	7,74	-16,05	177,90
02:23:55:573	exp.	7,71	-15,88	175,40
02:23:55:583	exp.	7,69	-15,71	173,00
02:23:55:593	exp.	7,70	-15,52	170,60
02:23:55:603	exp.	7,72	-15,32	168,20
02:23:55:613	exp.	7,74	-15,12	165,90
02:23:55:623	exp.	7,75	-14,92	163,60
02:23:55:635	exp.	7,76	-14,75	161,20
02:23:55:643	exp.	7,77	-14,59	158,90
02:23:55:653	exp.	7,79	-14,44	156,60
02:23:55:663	exp.	7,81	-14,29	154,30
02:23:55:673	exp.	7,80	-14,16	152,00
02:23:55:683	exp.	7,79	-14,05	149,70
02:23:55:693	exp.	7,77	-13,97	147,40
02:23:55:703	exp.	7,75	-13,92	145,10
02:23:55:713	exp.	7,74	-13,89	142,80
02:23:55:723	exp.	7,73	-13,86	140,60
02:23:55:733	exp.	7,73	-13,82	138,30
02:23:55:743	exp.	7,74	-13,78	136,00
02:23:55:753	exp.	7,77	-13,75	133,80
02:23:55:763	exp.	7,81	-13,70	131,60
02:23:55:773	exp.	7,86	-13,66	129,30
02:23:55:785	exp.	7,88	-13,63	127,00
02:23:55:794	exp.	7,89	-13,60	124,70
02:23:55:803	exp.	7,89	-13,58	122,40
02:23:55:813	exp.	7,87	-13,59	120,00
02:23:55:823	exp.	7,85	-13,63	117,60
02:23:55:835	exp.	7,84	-13,70	115,20
02:23:55:843	exp.	7,85	-13,80	112,70
02:23:55:853	exp.	7,87	-13,91	110,20
02:23:55:863	exp.	7,89	-14,05	107,70
02:23:55:873	exp.	7,90	-14,20	105,20
02:23:55:883	exp.	7,90	-14,37	102,70
02:23:55:893	exp.	7,90	-14,54	100,10
02:23:55:903	exp.	7,87	-14,71	97,50
02:23:55:913	exp.	7,85	-14,86	95,00
02:23:55:923	exp.	7,81	-14,99	92,40
02:23:55:933	exp.	7,79	-15,10	89,80
02:23:55:943	exp.	7,77	-15,20	87,20
02:23:55:953	exp.	7,75	-15,29	84,70
02:23:55:963	exp.	7,75	-15,35	82,20
02:23:55:973	exp.	7,75	-15,38	79,70
02:23:55:983	exp.	7,75	-15,38	77,20
02:23:55:993	exp.	7,74	-15,35	74,80
02:23:56:003	exp.	7,72	-15,28	72,30
02:23:56:013	exp.	7,69	-15,19	69,90
02:23:56:023	exp.	7,65	-15,09	67,60
02:23:56:033	exp.	7,62	-14,97	65,30
02:23:56:043	exp.	7,61	-14,82	63,00
02:23:56:053	exp.	7,62	-14,64	60,80
02:23:56:063	exp.	7,63	-14,45	58,60
02:23:56:073	exp.	7,64	-14,26	56,40
02:23:56:083	exp.	7,64	-14,06	54,30
02:23:56:093	exp.	7,64	-13,86	52,10
02:23:56:103	exp.	7,64	-13,67	50,00
02:23:56:113	exp.	7,64	-13,46	48,00
02:23:56:123	exp.	7,64	-13,27	45,90
02:23:56:133	exp.	7,63	-13,07	43,90
02:23:56:143	exp.	7,59	-12,91	41,90
02:23:56:153	exp.	7,54	-12,77	39,90
02:23:56:163	exp.	7,49	-12,62	38,00
02:23:56:173	exp.	7,46	-12,47	36,10
02:23:56:183	exp.	7,43	-12,30	34,30
02:23:56:193	exp.	7,43	-12,11	32,50
02:23:56:203	exp.	7,45	-11,91	30,80
02:23:56:213	exp.	7,47	-11,68	29,10
02:23:56:223	exp.	7,50	-11,45	27,40
02:23:56:235	exp.	7,49	-11,22	25,80
02:23:56:243	exp.	7,46	-10,97	24,20
02:23:56:253	exp.	7,41	-10,73	22,60
02:23:56:263	exp.	7,37	-10,49	21,10
02:23:56:273	exp.	7,34	-10,26	19,60
02:23:56:285	exp.	7,34	-10,03	18,20
02:23:56:293	exp.	7,38	-9,79	16,80
02:23:56:303	exp.	7,40	-9,55	15,40
02:23:56:313	exp.	7,42	-9,32	14,10
02:23:56:323	exp.	7,42	-9,10	12,70
02:23:56:333	exp.	7,42	-8,90	11,40
02:23:56:343	exp.	7,40	-8,71	10,20
02:23:56:353	exp.	7,37	-8,51	8,90
02:23:56:363	exp.	7,35	-8,30	7,70
02:23:56:373	exp.	7,34	-8,11	6,50
02:23:56:383	exp.	7,31	-7,93	5,30
02:23:56:393	exp.	7,27	-7,78	4,20
02:23:56:403	exp.	7,24	-7,65	3,10
02:23:56:413	exp.	7,20	-7,51	2,00
02:23:56:423	exp.	7,18	-7,35	1,00
02:23:56:437	exp.	7,16	-7,16	0,10
02:23:56:443	exp.	7,16	-6,94	-0,80
02:23:56:453	exp.	7,14	-6,70	-1,70
02:23:56:463	exp.	7,11	-6,47	-2,50
02:23:56:473	exp.	7,08	-6,23	-3,20
02:23:56:483	exp.	7,05	-5,98	-3,80
02:23:56:493	exp.	7,04	-5,68	-4,40
02:23:56:503	exp.	7,04	-5,34	-4,90
02:23:56:513	exp.	7,04	-4,98	-5,40
02:23:56:523	exp.	7,04	-4,61	-5,80
02:23:56:533	exp.	7,03	-4,25	-6,20
02:23:56:543	exp.	7,03	-3,91	-6,50
02:23:56:553	exp.	7,04	-3,59	-6,80
02:23:56:563	exp.	7,05	-3,26	-7,10
02:23:56:573	exp.	7,06	-2,93	-7,40
02:23:56:583	exp.	7,05	-2,62	-7,60
02:23:56:593	exp.	7,02	-2,35	-7,90
02:23:56:603	exp.	6,99	-2,13	-8,00
02:23:56:613	exp.	6,96	-1,94	-8,20
02:23:56:623	exp.	6,92	-1,76	-8,30
02:23:56:637	exp.	6,91	-1,59	-8,40
02:23:56:643	exp.	6,90	-1,40	-8,40
02:23:56:653	exp.	6,90	-1,21	-8,40
02:23:56:663	exp.	6,92	-1,02	-8,50
02:23:56:673	exp.	6,96	-0,85	-8,50
02:23:56:683	exp.	6,99	-0,70	-8,60
02:23:56:693	exp.	7,01	-0,57	-8,60
02:23:56:703	exp.	7,00	-0,47	-8,70
02:23:56:713	exp.	6,98	-0,41	-8,80
02:23:56:723	exp.	6,95	-0,35	-8,80
02:23:56:733	exp.	6,93	-0,32	-8,80
02:23:56:743	exp.	6,94	-0,28	-8,80
02:23:56:753	exp.	6,96	-0,24	-8,80
02:23:56:763	exp.	7,01	-0,20	-8,80
02:23:56:773	exp.	7,06	-0,18	-8,80
02:23:56:785	exp.	7,08	-0,17	-8,90
02:23:56:794	exp.	7,10	-0,17	-9,00
02:23:56:803	exp.	7,11	-0,17	-9,00
02:23:56:813	exp.	7,11	-0,17	-9,10
02:23:56:823	exp.	7,10	-0,19	-9,20
02:23:56:836	exp.	7,07	-0,20	-9,30
02:23:56:843	exp.	7,05	-0,24	-9,30
02:23:56:853	exp.	7,03	-0,29	-9,30
02:23:56:863	exp.	7,01	-0,33	-9,40
02:23:56:873	exp.	6,99	-0,37	-9,40
02:23:56:883	exp.	6,97	-0,37	-9,40
02:23:56:893	exp.	6,96	-0,34	-9,40
02:23:56:903	exp.	6,96	-0,28	-9,40
02:23:56:913	exp.	6,93	-0,22	-9,40
02:23:56:923	exp.	6,91	-0,16	-9,40
02:23:56:933	exp.	6,89	-0,10	-9,40
02:23:56:943	exp.	6,88	-0,04	-9,40
02:23:56:953	exp.	6,88	0,01	-9,40
02:23:56:963	exp.	6,88	0,05	-9,40
02:23:56:973	exp.	6,89	0,09	-9,40
02:23:56:983	exp.	6,90	0,11	-9,40
02:23:56:993	exp.	6,92	0,13	-9,40
02:23:57:003	exp.	6,93	0,13	-9,40
02:23:57:013	exp.	6,94	0,14	-9,40
02:23:57:023	exp.	6,94	0,14	-9,40
02:23:57:036	exp.	6,92	0,14	-9,40
02:23:57:043	exp.	6,89	0,13	-9,40
02:23:57:053	exp.	6,84	0,11	-9,40
02:23:57:063	exp.	6,78	0,11	-9,40
02:23:57:073	exp.	6,73	0,12	-9,40
02:23:57:083	exp.	6,70	0,15	-9,40
02:23:57:093	exp.	6,67	0,21	-9,40
02:23:57:103	exp.	6,63	0,29	-9,40
02:23:57:113	exp.	6,60	0,39	-9,40
02:23:57:123	exp.	6,51	0,49	-9,40
02:23:57:133	exp.	6,35	0,58	-9,40
02:23:57:143	exp.	6,10	0,67	-9,40
02:23:57:155	insp.	5,78	0,80	0,50	Pression
02:23:57:163	insp.	5,47	0,98	1,00
02:23:57:173	insp.	5,19	1,24	1,80
02:23:57:183	insp.	6,28	1,51	2,80
02:23:57:193	insp.	9,54	1,89	4,30
02:23:57:203	insp.	11,68	2,41	6,40
02:23:57:213	insp.	12,08	3,01	9,70
02:23:57:223	insp.	12,14	4,13	14,60
02:23:57:234	insp.	12,84	6,23	20,70
02:23:57:243	insp.	13,71	9,46	27,90
02:23:57:253	insp.	14,12	13,62	36,20
02:23:57:263	insp.	14,43	18,44	45,60
02:23:57:273	insp.	15,16	23,80	55,30
02:23:57:285	insp.	15,92	29,41	64,90
02:23:57:294	insp.	16,17	34,74	74,90
02:23:57:303	insp.	16,39	40,00	85,20
