[REC]
Date	12/06/24 07:39:36
Fichier	1718177976147.txt
Ventilateur	21946 
Système	4.4 
Version	4.4.0.78be7bed 
Statut du contrôle avant utilisation	Succès
Dernière exécution du contrôle avant utilisation	27/05/24 05:50:43
Date format	dd/MM/yy
Language setting	fr_FR
Decimal separator	COMMA
==========
Date de l'enregistrement	12/06/24 07:39:21
Mode de ventilation	Aide inspiratoire/VS PEP
Catégorie patient	Adulte
Automode	non
Apnée	non
VNI	non
Capteur à la pièce en Y	non
Compensation de fuite	non
Compensation du circuit	oui
Niv. AI sur PEP	8	cmH2O
PC d'apnée sur PEP	12	cmH2O
PEP	8,0	cmH2O
FR vent. apnée	15	resp/min
Conc. O2	30	%
Pentetps insp. (s)	0,00	Sec.
Trigger en débit	1,8	l/min
Fin d'insuff.	20	%
Ti Vent. Ap.	0,90	Sec.

[DATA]
Durée	Phase respiratoire	Pva (cmH2O)	DÉBIT (l/min)	V (ml)	Trigger
07:39:06:113	exp.	8,86	-23,91	129,60
07:39:06:123	exp.	8,77	-23,47	126,30
07:39:06:133	exp.	8,77	-22,99	123,00
07:39:06:143	exp.	8,81	-22,45	119,90
07:39:06:153	exp.	8,85	-21,86	116,80
07:39:06:163	exp.	8,91	-21,25	113,80
07:39:06:173	exp.	8,93	-20,65	110,80
07:39:06:183	exp.	8,91	-20,12	107,90
07:39:06:193	exp.	8,86	-19,63	105,00
07:39:06:203	exp.	8,86	-19,16	102,20
07:39:06:213	exp.	8,86	-18,70	99,30
07:39:06:223	exp.	8,83	-18,26	96,50
07:39:06:233	exp.	8,80	-17,89	93,80
07:39:06:243	exp.	8,78	-17,59	91,10
07:39:06:253	exp.	8,75	-17,35	88,40
07:39:06:263	exp.	8,71	-17,17	85,70
07:39:06:273	exp.	8,68	-16,99	83,10
07:39:06:285	exp.	8,66	-16,77	80,60
07:39:06:293	exp.	8,64	-16,52	78,10
07:39:06:303	exp.	8,61	-16,27	75,60
07:39:06:313	exp.	8,57	-16,04	73,20
07:39:06:323	exp.	8,53	-15,83	70,90
07:39:06:333	exp.	8,48	-15,59	68,60
07:39:06:343	exp.	8,46	-15,32	66,40
07:39:06:353	exp.	8,47	-15,01	64,30
07:39:06:363	exp.	8,50	-14,65	62,30
07:39:06:373	exp.	8,53	-14,27	60,30
07:39:06:383	exp.	8,53	-13,89	58,30
07:39:06:393	exp.	8,53	-13,52	56,50
07:39:06:403	exp.	8,53	-13,15	54,60
07:39:06:413	exp.	8,53	-12,77	52,80
07:39:06:423	exp.	8,52	-12,40	51,10
07:39:06:435	exp.	8,52	-12,02	49,30
07:39:06:443	exp.	8,54	-11,66	47,60
07:39:06:453	exp.	8,54	-11,35	45,90
07:39:06:463	exp.	8,53	-11,09	44,20
07:39:06:473	exp.	8,53	-10,88	42,60
07:39:06:483	exp.	8,52	-10,69	40,90
07:39:06:493	exp.	8,52	-10,51	39,30
07:39:06:503	exp.	8,49	-10,35	37,70
07:39:06:513	exp.	8,48	-10,21	36,10
07:39:06:523	exp.	8,46	-10,06	34,60
07:39:06:533	exp.	8,49	-9,93	33,10
07:39:06:543	exp.	8,54	-9,80	31,50
07:39:06:553	exp.	8,54	-9,68	30,00
07:39:06:563	exp.	8,47	-9,58	28,50
07:39:06:573	exp.	8,38	-9,50	27,00
07:39:06:583	exp.	8,30	-9,43	25,50
07:39:06:593	exp.	8,29	-9,35	24,10
07:39:06:603	exp.	8,35	-9,23	22,70
07:39:06:613	exp.	8,45	-9,07	21,40
07:39:06:623	exp.	8,52	-8,90	20,10
07:39:06:633	exp.	8,53	-8,75	18,70
07:39:06:643	exp.	8,53	-8,64	17,40
07:39:06:653	exp.	8,52	-8,54	16,10
07:39:06:663	exp.	8,52	-8,44	14,70
07:39:06:673	exp.	8,52	-8,30	13,40
07:39:06:683	exp.	8,53	-8,17	12,00
07:39:06:693	exp.	8,53	-8,05	10,70
07:39:06:703	exp.	8,50	-7,99	9,30
07:39:06:713	exp.	8,46	-8,01	7,90
07:39:06:723	exp.	8,42	-8,08	6,50
07:39:06:733	exp.	8,36	-8,14	5,10
07:39:06:743	exp.	8,30	-8,17	3,80
07:39:06:753	exp.	8,20	-8,18	2,60
07:39:06:763	exp.	8,07	-8,18	1,40
07:39:06:773	exp.	7,91	-8,14	0,40
07:39:06:785	exp.	7,78	-8,05	-0,50
07:39:06:793	exp.	7,66	-7,86	-1,20
07:39:06:803	exp.	7,55	-7,54	-1,60
07:39:06:813	exp.	7,42	-7,05	-1,90
07:39:06:823	exp.	7,24	-6,41	-1,90
07:39:06:839	insp.	7,02	-5,63	-1,90	Débit
07:39:06:845	insp.	6,84	-4,73	0,40
07:39:06:853	insp.	6,65	-3,71	0,80
07:39:06:863	insp.	6,91	-2,66	1,50
07:39:06:874	insp.	8,33	-1,59	2,50
07:39:06:883	insp.	9,40	-0,51	4,00
07:39:06:893	insp.	9,37	0,53	6,40
07:39:06:903	insp.	9,47	1,86	9,90
07:39:06:913	insp.	10,19	3,80	14,30
07:39:06:923	insp.	10,88	6,41	19,60
07:39:06:933	insp.	11,30	9,59	25,80
07:39:06:943	insp.	11,71	13,22	32,80
07:39:06:953	insp.	12,22	17,18	40,10
07:39:06:963	insp.	12,69	21,34	47,70
07:39:06:973	insp.	13,01	25,48	55,70
07:39:06:983	insp.	13,30	29,77	64,10
07:39:06:993	insp.	13,67	34,32	72,70
07:39:07:003	insp.	14,04	38,66	81,50
07:39:07:013	insp.	14,29	42,33	90,50
07:39:07:023	insp.	14,42	45,29	99,70
07:39:07:033	insp.	14,58	47,65	108,90
07:39:07:043	insp.	14,75	49,50	118,30
07:39:07:053	insp.	14,91	50,94	127,70
07:39:07:063	insp.	15,04	52,19	137,10
07:39:07:073	insp.	15,20	53,44	146,60
07:39:07:083	insp.	15,36	54,48	156,00
07:39:07:093	insp.	15,48	55,17	165,40
07:39:07:103	insp.	15,54	55,64	174,80
07:39:07:113	insp.	15,61	56,00	184,00
07:39:07:123	insp.	15,72	56,23	193,30
07:39:07:133	insp.	15,77	56,32	202,40
07:39:07:143	insp.	15,81	56,28	211,50
07:39:07:153	insp.	15,83	56,16	220,40
07:39:07:163	insp.	15,87	55,93	229,30
07:39:07:173	insp.	15,89	55,60	238,10
07:39:07:183	insp.	15,92	55,19	246,80
07:39:07:193	insp.	15,95	54,74	255,40
07:39:07:203	insp.	15,99	54,26	263,80
07:39:07:213	insp.	16,03	53,76	272,20
07:39:07:223	insp.	16,09	53,21	280,40
07:39:07:234	insp.	16,16	52,64	288,50
07:39:07:243	insp.	16,25	52,03	296,50
07:39:07:253	insp.	16,37	51,40	304,30
07:39:07:263	insp.	16,51	50,74	312,00
07:39:07:273	insp.	16,66	50,04	319,50
07:39:07:285	insp.	16,80	49,30	326,80
07:39:07:293	insp.	16,95	48,50	333,90
07:39:07:303	insp.	17,10	47,65	340,70
07:39:07:313	insp.	17,20	46,72	347,40
07:39:07:323	insp.	17,27	45,74	353,70
07:39:07:333	insp.	17,19	44,69	359,80
07:39:07:343	insp.	17,22	43,54	365,50
07:39:07:353	insp.	17,51	42,30	370,90
07:39:07:363	insp.	17,67	40,91	375,80
07:39:07:373	insp.	17,50	39,34	380,20
07:39:07:383	insp.	17,28	37,60	384,30
07:39:07:393	insp.	17,44	35,72	387,90
07:39:07:403	insp.	17,78	33,71	390,80
07:39:07:414	exp.	17,73	31,51	393,40
07:39:07:423	exp.	17,25	29,06	395,60
07:39:07:435	exp.	16,71	26,53	397,30
07:39:07:443	exp.	17,16	24,04	398,20
07:39:07:453	exp.	16,18	21,43	398,00
07:39:07:463	exp.	14,14	18,55	396,70
07:39:07:473	exp.	12,31	15,31	394,20
07:39:07:484	exp.	10,88	11,51	390,00
07:39:07:493	exp.	9,98	6,91	384,30
07:39:07:503	exp.	9,63	1,46	377,50
07:39:07:513	exp.	9,53	-4,54	369,80
07:39:07:523	exp.	9,51	-10,79	361,60
07:39:07:533	exp.	9,76	-17,26	353,00
07:39:07:543	exp.	10,15	-23,89	344,40
07:39:07:553	exp.	10,55	-30,26	335,90
07:39:07:563	exp.	10,77	-35,99	327,70
07:39:07:573	exp.	10,85	-40,88	319,80
07:39:07:583	exp.	10,75	-44,74	312,00
07:39:07:593	exp.	10,51	-47,38	304,60
07:39:07:603	exp.	10,26	-48,82	297,40
07:39:07:613	exp.	10,14	-49,19	290,40
07:39:07:623	exp.	10,23	-48,78	283,60
07:39:07:633	exp.	10,35	-47,78	276,90
07:39:07:643	exp.	10,33	-46,46	270,30
07:39:07:653	exp.	10,19	-45,05	263,90
07:39:07:663	exp.	10,04	-43,76	257,60
07:39:07:673	exp.	9,86	-42,58	251,60
07:39:07:683	exp.	9,71	-41,48	245,70
07:39:07:693	exp.	9,62	-40,37	240,10
07:39:07:703	exp.	9,57	-39,17	234,70
07:39:07:713	exp.	9,51	-38,02	229,40
07:39:07:723	exp.	9,51	-36,99	224,20
07:39:07:733	exp.	9,56	-36,04	219,00
07:39:07:743	exp.	9,60	-35,14	213,90
07:39:07:753	exp.	9,61	-34,25	208,90
07:39:07:763	exp.	9,61	-33,34	204,00
07:39:07:773	exp.	9,53	-32,47	199,10
07:39:07:785	exp.	9,43	-31,67	194,40
07:39:07:793	exp.	9,37	-30,97	189,80
07:39:07:803	exp.	9,34	-30,41	185,30
07:39:07:813	exp.	9,34	-29,89	180,80
07:39:07:823	exp.	9,36	-29,38	176,40
07:39:07:836	exp.	9,36	-28,88	172,10
07:39:07:843	exp.	9,31	-28,37	167,80
07:39:07:853	exp.	9,26	-27,89	163,60
07:39:07:863	exp.	9,21	-27,43	159,40
07:39:07:873	exp.	9,17	-26,96	155,30
07:39:07:883	exp.	9,12	-26,49	151,30
07:39:07:893	exp.	9,07	-26,05	147,30
07:39:07:903	exp.	9,02	-25,66	143,40
07:39:07:913	exp.	9,03	-25,30	139,60
07:39:07:923	exp.	9,05	-24,94	135,90
07:39:07:933	exp.	9,02	-24,57	132,20
07:39:07:943	exp.	8,93	-24,18	128,70
07:39:07:953	exp.	8,84	-23,75	125,20
07:39:07:963	exp.	8,78	-23,28	121,90
07:39:07:973	exp.	8,79	-22,79	118,70
07:39:07:983	exp.	8,84	-22,27	115,50
07:39:07:993	exp.	8,90	-21,73	112,40
07:39:08:003	exp.	8,93	-21,17	109,30
07:39:08:013	exp.	8,93	-20,65	106,30
07:39:08:023	exp.	8,89	-20,19	103,30
07:39:08:033	exp.	8,86	-19,75	100,30
07:39:08:043	exp.	8,83	-19,33	97,40
07:39:08:053	exp.	8,81	-18,91	94,60
07:39:08:063	exp.	8,81	-18,51	91,80
07:39:08:073	exp.	8,79	-18,16	89,00
07:39:08:083	exp.	8,78	-17,87	86,30
07:39:08:093	exp.	8,73	-17,63	83,60
07:39:08:103	exp.	8,69	-17,42	81,00
07:39:08:113	exp.	8,68	-17,17	78,40
07:39:08:123	exp.	8,68	-16,88	75,90
07:39:08:133	exp.	8,65	-16,55	73,50
07:39:08:143	exp.	8,60	-16,24	71,20
07:39:08:153	exp.	8,56	-15,92	68,90
07:39:08:163	exp.	8,51	-15,61	66,60
07:39:08:173	exp.	8,49	-15,29	64,40
07:39:08:183	exp.	8,49	-14,95	62,30
07:39:08:193	exp.	8,53	-14,57	60,30
07:39:08:203	exp.	8,55	-14,18	58,30
07:39:08:213	exp.	8,55	-13,79	56,30
07:39:08:223	exp.	8,54	-13,43	54,40
07:39:08:233	exp.	8,50	-13,06	52,60
07:39:08:243	exp.	8,49	-12,71	50,80
07:39:08:253	exp.	8,49	-12,37	49,00
07:39:08:263	exp.	8,50	-12,04	47,20
07:39:08:273	exp.	8,51	-11,74	45,50
07:39:08:285	exp.	8,49	-11,47	43,70
07:39:08:294	exp.	8,49	-11,24	42,00
07:39:08:304	exp.	8,50	-11,03	40,40
07:39:08:313	exp.	8,50	-10,84	38,70
07:39:08:323	exp.	8,50	-10,66	37,10
07:39:08:333	exp.	8,48	-10,49	35,50
07:39:08:343	exp.	8,45	-10,34	33,90
07:39:08:353	exp.	8,45	-10,19	32,40
07:39:08:363	exp.	8,47	-10,04	30,80
07:39:08:373	exp.	8,52	-9,90	29,30
07:39:08:383	exp.	8,52	-9,75	27,80
07:39:08:393	exp.	8,49	-9,61	26,30
07:39:08:403	exp.	8,39	-9,51	24,80
07:39:08:413	exp.	8,30	-9,41	23,40
07:39:08:423	exp.	8,27	-9,31	22,00
07:39:08:435	exp.	8,33	-9,17	20,60
07:39:08:443	exp.	8,44	-8,99	19,30
07:39:08:453	exp.	8,52	-8,80	18,00
07:39:08:463	exp.	8,55	-8,63	16,70
07:39:08:473	exp.	8,54	-8,51	15,30
07:39:08:483	exp.	8,54	-8,43	14,00
07:39:08:493	exp.	8,55	-8,34	12,60
07:39:08:503	exp.	8,57	-8,23	11,20
07:39:08:513	exp.	8,59	-8,11	9,90
07:39:08:523	exp.	8,59	-8,02	8,40
07:39:08:533	exp.	8,56	-8,01	7,00
07:39:08:543	exp.	8,53	-8,09	5,50
07:39:08:553	exp.	8,51	-8,22	4,00
07:39:08:563	exp.	8,48	-8,36	2,50
07:39:08:573	exp.	8,47	-8,47	1,10
07:39:08:583	exp.	8,47	-8,53	-0,40
07:39:08:593	exp.	8,44	-8,59	-1,80
07:39:08:603	exp.	8,40	-8,65	-3,30
07:39:08:613	exp.	8,35	-8,72	-4,70
07:39:08:623	exp.	8,31	-8,78	-6,00
07:39:08:633	exp.	8,29	-8,78	-7,30
07:39:08:643	exp.	8,30	-8,72	-8,60
07:39:08:653	exp.	8,31	-8,60	-9,80
07:39:08:663	exp.	8,32	-8,42	-11,00
07:39:08:673	exp.	8,28	-8,23	-12,10
07:39:08:683	exp.	8,21	-8,03	-13,10
07:39:08:693	exp.	8,08	-7,82	-14,10
07:39:08:703	exp.	7,95	-7,58	-14,90
07:39:08:713	exp.	7,85	-7,27	-15,60
07:39:08:723	exp.	7,77	-6,88	-16,20
07:39:08:733	exp.	7,64	-6,44	-16,60
07:39:08:743	exp.	7,49	-5,93	-16,80
07:39:08:753	exp.	7,32	-5,35	-16,80
07:39:08:763	exp.	7,09	-4,70	-16,70
07:39:08:775	insp.	6,86	-3,97	0,30	Débit
07:39:08:785	insp.	6,68	-3,12	0,80
07:39:08:794	insp.	6,51	-2,20	1,40
07:39:08:804	insp.	7,36	-1,30	2,20
07:39:08:813	insp.	9,20	-0,37	3,50
07:39:08:823	insp.	9,84	0,53	5,40
07:39:08:835	insp.	9,63	1,52	8,50
07:39:08:843	insp.	10,01	3,05	12,80
07:39:08:853	insp.	10,82	5,36	17,90
07:39:08:863	insp.	11,30	8,39	24,00
07:39:08:874	insp.	11,58	11,99	31,10
07:39:08:883	insp.	12,03	16,04	38,80
07:39:08:893	insp.	12,59	20,39	46,60
07:39:08:903	insp.	13,06	24,84	54,70
07:39:08:913	insp.	13,39	29,24	63,30
07:39:08:923	insp.	13,73	33,86	72,10
07:39:08:933	insp.	14,11	38,56	81,10
07:39:08:943	insp.	14,43	42,71	90,20
07:39:08:953	insp.	14,63	46,03	99,40
07:39:08:963	insp.	14,80	48,63	108,80
07:39:08:973	insp.	15,02	50,62	118,20
07:39:08:983	insp.	15,18	52,08	127,60
07:39:08:993	insp.	15,24	53,13	137,10
07:39:09:003	insp.	15,29	54,08	146,50
07:39:09:013	insp.	15,38	55,01	156,00
07:39:09:023	insp.	15,44	55,65	165,40
07:39:09:033	insp.	15,49	56,02	174,70
07:39:09:043	insp.	15,50	56,28	184,00
07:39:09:053	insp.	15,56	56,45	193,30
07:39:09:063	insp.	15,59	56,49	202,50
07:39:09:073	insp.	15,60	56,39	211,60
07:39:09:083	insp.	15,63	56,22	220,60
07:39:09:093	insp.	15,69	56,00	229,60
07:39:09:103	insp.	15,73	55,75	238,50
07:39:09:113	insp.	15,80	55,42	247,30
07:39:09:123	insp.	15,83	55,05	256,00
07:39:09:133	insp.	15,89	54,64	264,60
07:39:09:143	insp.	15,99	54,20	273,10
07:39:09:153	insp.	16,03	53,71	281,50
07:39:09:163	insp.	16,11	53,20	289,70
07:39:09:173	insp.	16,16	52,68	297,90
07:39:09:183	insp.	16,29	52,12	305,90
07:39:09:193	insp.	16,39	51,53	313,70
07:39:09:203	insp.	16,53	50,89	321,50
07:39:09:213	insp.	16,70	50,22	329,00
07:39:09:223	insp.	16,82	49,49	336,30
07:39:09:233	insp.	16,94	48,70	343,40
07:39:09:243	insp.	17,08	47,85	350,30
07:39:09:253	insp.	17,19	46,94	357,00
07:39:09:263	insp.	17,27	45,95	363,40
07:39:09:273	insp.	17,23	44,90	369,50
07:39:09:285	insp.	17,24	43,77	375,30
07:39:09:293	insp.	17,49	42,55	380,80
07:39:09:303	insp.	17,66	41,18	385,70
07:39:09:313	insp.	17,43	39,64	390,30
07:39:09:323	insp.	17,14	37,92	394,50
07:39:09:333	insp.	17,28	36,10	398,20
07:39:09:343	insp.	17,68	34,15	401,30
07:39:09:355	exp.	17,81	32,00	403,90
07:39:09:364	exp.	17,50	29,64	406,20
07:39:09:373	exp.	16,60	27,13	408,10
07:39:09:383	exp.	17,23	24,64	409,00
07:39:09:393	exp.	16,33	22,05	408,90
07:39:09:403	exp.	14,31	19,18	407,60
07:39:09:413	exp.	12,49	15,94	405,10
07:39:09:423	exp.	11,12	12,14	400,90
07:39:09:435	exp.	10,22	7,46	395,00
07:39:09:443	exp.	9,80	1,86	388,00
07:39:09:453	exp.	9,83	-4,37	380,00
07:39:09:463	exp.	10,04	-10,87	371,30
07:39:09:473	exp.	10,12	-17,60	362,30
07:39:09:483	exp.	10,15	-24,58	353,30
07:39:09:493	exp.	10,26	-31,32	344,50
07:39:09:503	exp.	10,29	-37,39	336,00
07:39:09:513	exp.	10,29	-42,56	328,00
07:39:09:523	exp.	10,35	-46,60	320,40
07:39:09:533	exp.	10,35	-49,20	313,20
07:39:09:543	exp.	10,22	-50,39	306,30
07:39:09:553	exp.	10,17	-50,43	299,80
07:39:09:563	exp.	10,18	-49,64	293,60
07:39:09:573	exp.	10,13	-48,11	287,60
07:39:09:583	exp.	10,01	-46,09	281,80
07:39:09:593	exp.	9,94	-43,88	276,10
07:39:09:603	exp.	9,90	-41,75	270,60
07:39:09:613	exp.	9,84	-39,80	265,10
07:39:09:623	exp.	9,81	-38,14	259,70
07:39:09:633	exp.	9,84	-36,75	254,30
07:39:09:643	exp.	9,84	-35,57	248,90
07:39:09:653	exp.	9,77	-34,60	243,60
07:39:09:663	exp.	9,68	-33,86	238,30
07:39:09:673	exp.	9,60	-33,28	233,10
07:39:09:683	exp.	9,53	-32,81	227,90
07:39:09:693	exp.	9,53	-32,42	222,90
07:39:09:703	exp.	9,53	-32,08	217,90
07:39:09:713	exp.	9,46	-31,76	213,00
07:39:09:723	exp.	9,39	-31,42	208,20
07:39:09:733	exp.	9,37	-31,09	203,50
07:39:09:743	exp.	9,38	-30,74	198,80
07:39:09:753	exp.	9,38	-30,32	194,30
07:39:09:763	exp.	9,33	-29,85	189,80
07:39:09:773	exp.	9,20	-29,35	185,50
07:39:09:785	exp.	9,08	-28,83	181,30
07:39:09:793	exp.	8,98	-28,31	177,20
07:39:09:803	exp.	8,98	-27,78	173,20
07:39:09:813	exp.	9,07	-27,19	169,30
07:39:09:823	exp.	9,12	-26,55	165,50
07:39:09:833	exp.	9,12	-25,91	161,70
07:39:09:843	exp.	9,11	-25,31	158,00
07:39:09:853	exp.	9,09	-24,74	154,40
07:39:09:863	exp.	9,09	-24,17	150,80
07:39:09:873	exp.	9,09	-23,63	147,30
07:39:09:883	exp.	9,07	-23,11	143,80
07:39:09:893	exp.	9,07	-22,60	140,40
07:39:09:903	exp.	9,03	-22,14	137,00
07:39:09:913	exp.	8,97	-21,79	133,60
07:39:09:923	exp.	8,92	-21,52	130,20
07:39:09:933	exp.	8,90	-21,27	126,90
07:39:09:943	exp.	8,89	-21,01	123,70
07:39:09:953	exp.	8,85	-20,74	120,50
07:39:09:963	exp.	8,81	-20,49	117,30
07:39:09:973	exp.	8,78	-20,23	114,30
07:39:09:983	exp.	8,73	-19,99	111,30
07:39:09:993	exp.	8,66	-19,73	108,40
07:39:10:003	exp.	8,61	-19,46	105,50
07:39:10:013	exp.	8,60	-19,11	102,80
07:39:10:023	exp.	8,62	-18,71	100,20
07:39:10:033	exp.	8,64	-18,28	97,60
07:39:10:043	exp.	8,66	-17,84	95,00
07:39:10:053	exp.	8,66	-17,41	92,60
07:39:10:063	exp.	8,66	-16,96	90,10
07:39:10:073	exp.	8,66	-16,53	87,80
07:39:10:083	exp.	8,66	-16,09	85,50
07:39:10:093	exp.	8,66	-15,65	83,20
07:39:10:103	exp.	8,66	-15,23	81,00
07:39:10:113	exp.	8,65	-14,84	78,80
07:39:10:123	exp.	8,65	-14,50	76,70
07:39:10:133	exp.	8,65	-14,19	74,60
07:39:10:143	exp.	8,65	-13,91	72,50
07:39:10:153	exp.	8,65	-13,63	70,40
07:39:10:163	exp.	8,65	-13,37	68,40
07:39:10:173	exp.	8,64	-13,12	66,40
07:39:10:184	exp.	8,60	-12,91	64,30
07:39:10:193	exp.	8,59	-12,73	62,40
07:39:10:203	exp.	8,60	-12,56	60,40
07:39:10:213	exp.	8,62	-12,43	58,40
07:39:10:223	exp.	8,62	-12,30	56,50
07:39:10:233	exp.	8,54	-12,19	54,50
07:39:10:243	exp.	8,46	-12,09	52,70
07:39:10:253	exp.	8,40	-11,99	50,80
07:39:10:263	exp.	8,39	-11,87	49,00
07:39:10:273	exp.	8,44	-11,73	47,30
07:39:10:285	exp.	8,53	-11,54	45,60
07:39:10:294	exp.	8,57	-11,33	43,90
07:39:10:304	exp.	8,59	-11,13	42,20
07:39:10:313	exp.	8,59	-10,96	40,60
07:39:10:323	exp.	8,58	-10,79	38,90
07:39:10:333	exp.	8,59	-10,63	37,20
07:39:10:343	exp.	8,60	-10,45	35,60
07:39:10:353	exp.	8,61	-10,27	33,90
07:39:10:363	exp.	8,59	-10,13	32,20
07:39:10:373	exp.	8,56	-10,06	30,50
07:39:10:383	exp.	8,52	-10,06	28,80
07:39:10:393	exp.	8,48	-10,09	27,10
07:39:10:403	exp.	8,45	-10,11	25,50
07:39:10:413	exp.	8,45	-10,10	23,90
07:39:10:423	exp.	8,44	-10,04	22,30
07:39:10:433	exp.	8,38	-9,97	20,80
07:39:10:443	exp.	8,31	-9,91	19,40
07:39:10:453	exp.	8,25	-9,83	17,90
07:39:10:463	exp.	8,17	-9,73	16,60
07:39:10:473	exp.	8,09	-9,57	15,40
07:39:10:483	exp.	7,99	-9,32	14,30
07:39:10:493	exp.	7,90	-9,01	13,30
07:39:10:503	exp.	7,83	-8,62	12,50
07:39:10:513	exp.	7,75	-8,17	11,90
07:39:10:523	exp.	7,62	-7,64	11,50
07:39:10:533	exp.	7,46	-7,01	11,30
07:39:10:543	exp.	7,28	-6,28	11,30
07:39:10:554	insp.	7,08	-5,43	11,30	Débit
07:39:10:565	insp.	6,91	-4,48	0,30
07:39:10:573	insp.	6,73	-3,45	0,80
07:39:10:584	insp.	6,93	-2,43	1,40
07:39:10:593	insp.	8,33	-1,43	2,40
07:39:10:603	insp.	9,52	-0,44	3,80
07:39:10:613	insp.	9,56	0,52	6,20
07:39:10:623	insp.	9,60	1,76	9,70
07:39:10:633	insp.	10,27	3,65	14,10
07:39:10:643	insp.	10,98	6,26	19,50
07:39:10:653	insp.	11,39	9,46	25,70
07:39:10:663	insp.	11,79	13,13	32,80
07:39:10:673	insp.	12,32	17,17	40,30
07:39:10:683	insp.	12,79	21,41	47,90
07:39:10:693	insp.	13,08	25,63	56,00
07:39:10:703	insp.	13,30	29,96	64,50
07:39:10:713	insp.	13,66	34,58	73,20
07:39:10:723	insp.	14,04	39,01	82,00
07:39:10:733	insp.	14,30	42,76	91,10
07:39:10:743	insp.	14,55	45,77	100,30
07:39:10:753	insp.	14,80	48,17	109,60
07:39:10:763	insp.	15,02	50,01	118,90
07:39:10:773	insp.	15,20	51,38	128,20
07:39:10:785	insp.	15,32	52,51	137,60
07:39:10:793	insp.	15,42	53,63	146,90
07:39:10:803	insp.	15,50	54,57	156,20
07:39:10:813	insp.	15,55	55,15	165,50
07:39:10:823	insp.	15,60	55,50	174,70
07:39:10:835	insp.	15,68	55,75	183,90
07:39:10:843	insp.	15,71	55,86	193,00
07:39:10:853	insp.	15,71	55,81	202,00
07:39:10:863	insp.	15,72	55,67	211,00
07:39:10:873	insp.	15,72	55,46	219,80
07:39:10:883	insp.	15,74	55,19	228,60
07:39:10:893	insp.	15,75	54,85	237,30
07:39:10:903	insp.	15,76	54,47	245,90
07:39:10:913	insp.	15,79	54,05	254,40
07:39:10:923	insp.	15,85	53,61	262,80
07:39:10:933	insp.	15,92	53,14	271,20
07:39:10:943	insp.	16,02	52,64	279,40
07:39:10:953	insp.	16,13	52,13	287,50
07:39:10:963	insp.	16,25	51,59	295,40
07:39:10:973	insp.	16,36	51,03	303,30
07:39:10:983	insp.	16,47	50,44	310,90
07:39:10:993	insp.	16,62	49,81	318,40
07:39:11:003	insp.	16,77	49,13	325,80
07:39:11:013	insp.	16,94	48,40	332,90
07:39:11:023	insp.	17,08	47,60	339,80
07:39:11:033	insp.	17,22	46,74	346,40
07:39:11:043	insp.	17,29	45,79	352,80
07:39:11:053	insp.	17,21	44,77	358,90
07:39:11:063	insp.	17,21	43,65	364,70
07:39:11:073	insp.	17,41	42,43	370,00
07:39:11:083	insp.	17,65	41,08	375,00
07:39:11:093	insp.	17,55	39,52	379,40
07:39:11:103	insp.	17,27	37,77	383,50
07:39:11:113	insp.	17,32	35,86	387,10
07:39:11:123	insp.	17,72	33,84	390,10
07:39:11:135	exp.	17,84	31,63	392,60
07:39:11:143	exp.	17,38	29,19	394,80
07:39:11:153	exp.	16,72	26,60	396,60
07:39:11:163	exp.	16,89	24,10	397,50
07:39:11:173	exp.	15,59	21,51	397,40
07:39:11:183	exp.	13,69	18,68	396,20
07:39:11:193	exp.	12,19	15,51	393,50
07:39:11:203	exp.	11,09	11,78	389,20
07:39:11:213	exp.	10,36	7,13	383,10
07:39:11:223	exp.	9,95	1,47	375,90
07:39:11:234	exp.	9,61	-4,91	367,90
07:39:11:243	exp.	9,53	-11,51	359,40
07:39:11:253	exp.	9,87	-18,16	350,60
07:39:11:263	exp.	10,33	-24,88	341,80
07:39:11:273	exp.	10,58	-31,32	333,10
07:39:11:285	exp.	10,57	-37,19	324,70
07:39:11:293	exp.	10,52	-42,31	316,70
07:39:11:303	exp.	10,55	-46,37	308,80
07:39:11:313	exp.	10,53	-49,09	301,20
07:39:11:323	exp.	10,31	-50,39	294,00
07:39:11:333	exp.	10,14	-50,44	287,00
07:39:11:343	exp.	10,13	-49,70	280,40
07:39:11:353	exp.	10,07	-48,49	273,80
07:39:11:363	exp.	9,97	-47,05	267,50
07:39:11:373	exp.	9,86	-45,49	261,60
07:39:11:384	exp.	9,80	-43,81	255,80
07:39:11:393	exp.	9,85	-42,07	250,20
07:39:11:403	exp.	9,85	-40,46	244,60
07:39:11:413	exp.	9,75	-39,00	239,20
07:39:11:423	exp.	9,69	-37,63	233,90
07:39:11:434	exp.	9,67	-36,44	228,60
07:39:11:443	exp.	9,64	-35,44	223,30
07:39:11:453	exp.	9,59	-34,53	218,20
07:39:11:463	exp.	9,57	-33,65	213,10
07:39:11:473	exp.	9,56	-32,83	208,20
07:39:11:484	exp.	9,54	-32,18	203,20
07:39:11:493	exp.	9,50	-31,71	198,40
07:39:11:503	exp.	9,45	-31,25	193,70
07:39:11:513	exp.	9,44	-30,79	189,00
07:39:11:523	exp.	9,39	-30,34	184,40
07:39:11:533	exp.	9,33	-29,90	179,90
07:39:11:543	exp.	9,31	-29,41	175,50
07:39:11:553	exp.	9,29	-28,90	171,20
07:39:11:563	exp.	9,22	-28,41	166,90
07:39:11:573	exp.	9,17	-27,97	162,70
07:39:11:583	exp.	9,18	-27,53	158,50
07:39:11:593	exp.	9,19	-27,06	154,40
07:39:11:603	exp.	9,16	-26,60	150,40
07:39:11:613	exp.	9,10	-26,17	146,50
07:39:11:623	exp.	8,99	-25,76	142,60
07:39:11:633	exp.	8,92	-25,34	138,90
07:39:11:643	exp.	8,93	-24,91	135,20
07:39:11:653	exp.	8,99	-24,45	131,60
07:39:11:663	exp.	9,03	-23,96	128,20
07:39:11:673	exp.	9,04	-23,45	124,70
07:39:11:683	exp.	9,05	-22,96	121,40
07:39:11:693	exp.	9,03	-22,49	118,00
07:39:11:703	exp.	9,01	-22,05	114,80
07:39:11:713	exp.	8,99	-21,60	111,50
07:39:11:723	exp.	8,98	-21,14	108,30
07:39:11:733	exp.	8,96	-20,69	105,20
07:39:11:743	exp.	8,92	-20,30	102,00
07:39:11:753	exp.	8,86	-19,97	98,90
07:39:11:763	exp.	8,79	-19,72	95,90
07:39:11:773	exp.	8,75	-19,49	92,80
07:39:11:785	exp.	8,72	-19,28	89,90
07:39:11:793	exp.	8,73	-19,04	87,00
07:39:11:803	exp.	8,74	-18,76	84,20
07:39:11:813	exp.	8,69	-18,47	81,40
07:39:11:823	exp.	8,61	-18,20	78,80
07:39:11:835	exp.	8,57	-17,93	76,20
07:39:11:843	exp.	8,56	-17,63	73,70
07:39:11:853	exp.	8,56	-17,26	71,30
07:39:11:863	exp.	8,57	-16,84	69,00
07:39:11:873	exp.	8,57	-16,38	66,70
07:39:11:883	exp.	8,56	-15,89	64,60
07:39:11:893	exp.	8,54	-15,41	62,40
07:39:11:903	exp.	8,54	-14,96	60,30
07:39:11:913	exp.	8,53	-14,53	58,30
07:39:11:923	exp.	8,53	-14,08	56,30
07:39:11:933	exp.	8,55	-13,65	54,30
07:39:11:943	exp.	8,55	-13,25	52,40
07:39:11:953	exp.	8,55	-12,89	50,50
07:39:11:963	exp.	8,54	-12,58	48,60
07:39:11:973	exp.	8,53	-12,31	46,80
07:39:11:983	exp.	8,52	-12,07	44,90
07:39:11:993	exp.	8,52	-11,86	43,10
07:39:12:003	exp.	8,52	-11,64	41,40
07:39:12:013	exp.	8,51	-11,44	39,60
07:39:12:023	exp.	8,49	-11,27	37,90
07:39:12:033	exp.	8,50	-11,12	36,20
07:39:12:043	exp.	8,55	-10,96	34,50
07:39:12:053	exp.	8,55	-10,81	32,80
07:39:12:063	exp.	8,52	-10,66	31,20
07:39:12:073	exp.	8,43	-10,53	29,60
07:39:12:083	exp.	8,35	-10,40	28,00
07:39:12:093	exp.	8,30	-10,26	26,50
07:39:12:103	exp.	8,32	-10,10	25,10
07:39:12:113	exp.	8,42	-9,90	23,70
07:39:12:123	exp.	8,51	-9,66	22,30
07:39:12:133	exp.	8,56	-9,43	20,90
07:39:12:143	exp.	8,56	-9,23	19,50
07:39:12:153	exp.	8,55	-9,08	18,00
07:39:12:163	exp.	8,56	-8,93	16,60
07:39:12:173	exp.	8,59	-8,78	15,20
07:39:12:183	exp.	8,60	-8,65	13,70
07:39:12:193	exp.	8,60	-8,55	12,20
07:39:12:203	exp.	8,59	-8,50	10,70
07:39:12:213	exp.	8,56	-8,53	9,20
07:39:12:223	exp.	8,54	-8,63	7,70
07:39:12:234	exp.	8,50	-8,74	6,10
07:39:12:243	exp.	8,47	-8,83	4,60
07:39:12:253	exp.	8,45	-8,90	3,10
07:39:12:263	exp.	8,43	-8,95	1,60
07:39:12:273	exp.	8,40	-8,99	0,10
07:39:12:285	exp.	8,36	-9,04	-1,30
07:39:12:293	exp.	8,35	-9,06	-2,70
07:39:12:303	exp.	8,34	-9,04	-4,00
07:39:12:313	exp.	8,35	-8,97	-5,30
07:39:12:323	exp.	8,35	-8,84	-6,60
07:39:12:333	exp.	8,36	-8,68	-7,80
07:39:12:343	exp.	8,35	-8,49	-9,00
07:39:12:353	exp.	8,32	-8,30	-10,20
07:39:12:363	exp.	8,24	-8,11	-11,30
07:39:12:373	exp.	8,12	-7,90	-12,30
07:39:12:383	exp.	7,99	-7,67	-13,30
07:39:12:393	exp.	7,89	-7,40	-14,10
07:39:12:403	exp.	7,80	-7,09	-14,70
07:39:12:413	exp.	7,68	-6,73	-15,20
07:39:12:423	exp.	7,52	-6,31	-15,50
07:39:12:435	exp.	7,35	-5,80	-15,70
07:39:12:443	exp.	7,13	-5,19	-15,60
07:39:12:455	insp.	6,89	-4,48	0,30	Débit
07:39:12:463	insp.	6,71	-3,63	0,70
07:39:12:473	insp.	6,51	-2,68	1,30
07:39:12:483	insp.	7,15	-1,74	2,10
07:39:12:493	insp.	9,07	-0,78	3,30
07:39:12:503	insp.	9,98	0,17	5,00
07:39:12:513	insp.	9,72	1,16	8,00
07:39:12:523	insp.	9,95	2,62	12,10
07:39:12:533	insp.	10,75	4,87	17,10
07:39:12:543	insp.	11,29	7,85	23,10
07:39:12:553	insp.	11,58	11,44	30,10
07:39:12:563	insp.	12,04	15,47	37,80
07:39:12:573	insp.	12,66	19,82	45,60
07:39:12:583	insp.	13,13	24,29	53,60
07:39:12:593	insp.	13,42	28,66	62,00
07:39:12:603	insp.	13,73	33,21	70,80
07:39:12:613	insp.	14,13	37,93	79,70
07:39:12:623	insp.	14,46	42,19	88,70
07:39:12:633	insp.	14,65	45,59	97,90
07:39:12:643	insp.	14,83	48,25	107,20
07:39:12:653	insp.	15,03	50,26	116,60
07:39:12:663	insp.	15,16	51,72	125,90
07:39:12:673	insp.	15,25	52,73	135,30
07:39:12:683	insp.	15,27	53,63	144,70
07:39:12:693	insp.	15,37	54,57	154,10
07:39:12:703	insp.	15,44	55,26	163,40
07:39:12:713	insp.	15,47	55,64	172,70
07:39:12:723	insp.	15,47	55,89	182,00
07:39:12:733	insp.	15,49	56,06	191,20
07:39:12:743	insp.	15,50	56,11	200,40
07:39:12:753	insp.	15,52	56,03	209,50
07:39:12:763	insp.	15,58	55,88	218,50
07:39:12:773	insp.	15,65	55,73	227,50
07:39:12:785	insp.	15,73	55,51	236,30
07:39:12:794	insp.	15,83	55,22	245,10
07:39:12:803	insp.	15,89	54,88	253,80
07:39:12:813	insp.	15,94	54,49	262,40
07:39:12:823	insp.	16,03	54,07	270,90
07:39:12:836	insp.	16,10	53,62	279,20
07:39:12:843	insp.	16,19	53,12	287,40
07:39:12:853	insp.	16,31	52,60	295,50
07:39:12:863	insp.	16,44	52,03	303,50
07:39:12:873	insp.	16,56	51,41	311,20
07:39:12:883	insp.	16,72	50,72	318,80
07:39:12:893	insp.	16,87	49,97	326,20
07:39:12:903	insp.	17,02	49,18	333,40
07:39:12:913	insp.	17,14	48,32	340,30
07:39:12:923	insp.	17,21	47,39	347,00
07:39:12:933	insp.	17,16	46,39	353,40
07:39:12:943	insp.	17,16	45,29	359,50
07:39:12:953	insp.	17,40	44,10	365,30
07:39:12:963	insp.	17,61	42,78	370,60
07:39:12:973	insp.	17,52	41,29	375,50
07:39:12:983	insp.	17,22	39,63	380,00
07:39:12:993	insp.	17,21	37,83	384,00
07:39:13:003	insp.	17,50	35,92	387,50
07:39:13:013	insp.	17,68	33,83	390,60
07:39:13:024	exp.	17,50	31,55	393,20
07:39:13:034	exp.	17,24	29,12	395,50
07:39:13:043	exp.	16,79	26,63	397,20
07:39:13:053	exp.	17,34	24,04	398,20
07:39:13:063	exp.	16,57	21,53	398,10
07:39:13:073	exp.	14,49	18,75	397,10
07:39:13:083	exp.	12,65	15,64	394,70
07:39:13:093	exp.	11,18	11,96	390,60
07:39:13:103	exp.	10,09	7,43	385,10
07:39:13:113	exp.	9,70	2,13	378,30
07:39:13:123	exp.	9,70	-3,75	370,60
07:39:13:133	exp.	9,79	-10,12	362,10
07:39:13:143	exp.	9,81	-16,71	353,40
07:39:13:153	exp.	9,95	-23,48	344,60
07:39:13:163	exp.	10,23	-30,08	336,00
07:39:13:173	exp.	10,46	-35,99	327,70
07:39:13:183	exp.	10,56	-41,11	319,80
07:39:13:193	exp.	10,55	-45,13	312,20
07:39:13:203	exp.	10,45	-47,79	305,00
07:39:13:213	exp.	10,35	-49,18	298,10
07:39:13:223	exp.	10,25	-49,49	291,50
07:39:13:233	exp.	10,15	-48,83	285,20
07:39:13:243	exp.	10,00	-47,55	279,00
07:39:13:253	exp.	9,87	-45,72	273,10
07:39:13:263	exp.	9,88	-43,79	267,30
07:39:13:273	exp.	9,89	-41,91	261,70
07:39:13:285	exp.	9,82	-40,14	256,10
07:39:13:294	exp.	9,74	-38,60	250,70
07:39:13:303	exp.	9,70	-37,28	245,40
07:39:13:313	exp.	9,74	-36,13	240,00
07:39:13:323	exp.	9,73	-35,10	234,70
07:39:13:333	exp.	9,59	-34,27	229,60
07:39:13:343	exp.	9,52	-33,56	224,50
07:39:13:353	exp.	9,54	-32,90	219,50
07:39:13:363	exp.	9,56	-32,34	214,50
07:39:13:373	exp.	9,56	-31,88	209,60
07:39:13:383	exp.	9,55	-31,43	204,80
07:39:13:393	exp.	9,54	-30,99	200,10
07:39:13:403	exp.	9,44	-30,58	195,40
07:39:13:413	exp.	9,32	-30,20	190,90
07:39:13:423	exp.	9,27	-29,78	186,40
07:39:13:435	exp.	9,25	-29,27	182,10
07:39:13:443	exp.	9,21	-28,75	177,80
07:39:13:453	exp.	9,11	-28,27	173,60
07:39:13:463	exp.	9,01	-27,78	169,60
07:39:13:473	exp.	8,99	-27,26	165,60
07:39:13:483	exp.	9,02	-26,72	161,80
07:39:13:493	exp.	9,12	-26,16	158,00
07:39:13:503	exp.	9,19	-25,55	154,20
07:39:13:513	exp.	9,16	-24,92	150,60
07:39:13:523	exp.	9,10	-24,36	147,00
07:39:13:533	exp.	9,05	-23,87	143,40
07:39:13:543	exp.	9,05	-23,41	139,90
07:39:13:553	exp.	9,06	-22,94	136,50
07:39:13:563	exp.	9,06	-22,46	133,10
07:39:13:573	exp.	9,05	-22,02	129,70
07:39:13:583	exp.	9,01	-21,64	126,30
07:39:13:593	exp.	8,98	-21,35	123,00
07:39:13:603	exp.	8,91	-21,12	119,70
07:39:13:613	exp.	8,84	-20,90	116,40
07:39:13:623	exp.	8,81	-20,66	113,30
07:39:13:633	exp.	8,81	-20,38	110,20
07:39:13:643	exp.	8,78	-20,08	107,20
07:39:13:653	exp.	8,73	-19,81	104,20
07:39:13:663	exp.	8,70	-19,53	101,40
07:39:13:673	exp.	8,66	-19,24	98,60
07:39:13:683	exp.	8,61	-18,91	95,90
07:39:13:693	exp.	8,60	-18,50	93,30
07:39:13:703	exp.	8,65	-18,05	90,80
07:39:13:713	exp.	8,69	-17,56	88,30
07:39:13:723	exp.	8,67	-17,08	85,80
07:39:13:733	exp.	8,63	-16,66	83,40
07:39:13:743	exp.	8,63	-16,25	81,10
07:39:13:753	exp.	8,64	-15,83	78,80
07:39:13:763	exp.	8,64	-15,43	76,60
07:39:13:773	exp.	8,62	-15,02	74,50
07:39:13:785	exp.	8,61	-14,62	72,40
07:39:13:793	exp.	8,61	-14,24	70,30
07:39:13:803	exp.	8,62	-13,90	68,30
07:39:13:813	exp.	8,62	-13,61	66,30
07:39:13:823	exp.	8,62	-13,31	64,30
07:39:13:833	exp.	8,62	-13,02	62,30
07:39:13:843	exp.	8,62	-12,75	60,40
07:39:13:853	exp.	8,60	-12,52	58,40
07:39:13:863	exp.	8,58	-12,32	56,50
07:39:13:873	exp.	8,59	-12,14	54,60
07:39:13:883	exp.	8,62	-11,99	52,70
07:39:13:893	exp.	8,64	-11,86	50,80
07:39:13:903	exp.	8,60	-11,75	48,90
07:39:13:913	exp.	8,51	-11,66	47,10
07:39:13:923	exp.	8,40	-11,57	45,40
07:39:13:933	exp.	8,36	-11,48	43,70
07:39:13:943	exp.	8,40	-11,35	42,00
07:39:13:953	exp.	8,49	-11,15	40,40
07:39:13:963	exp.	8,57	-10,90	38,80
07:39:13:973	exp.	8,61	-10,67	37,20
07:39:13:983	exp.	8,61	-10,46	35,60
07:39:13:993	exp.	8,61	-10,30	34,00
07:39:14:003	exp.	8,61	-10,16	32,30
07:39:14:013	exp.	8,62	-10,01	30,70
07:39:14:023	exp.	8,64	-9,86	29,00
07:39:14:033	exp.	8,65	-9,74	27,30
07:39:14:043	exp.	8,65	-9,69	25,60
07:39:14:053	exp.	8,60	-9,73	23,90
07:39:14:063	exp.	8,58	-9,83	22,20
07:39:14:073	exp.	8,55	-9,95	20,40
07:39:14:083	exp.	8,51	-10,06	18,70
07:39:14:093	exp.	8,51	-10,14	17,00
07:39:14:103	exp.	8,50	-10,19	15,30
07:39:14:113	exp.	8,46	-10,24	13,60
07:39:14:123	exp.	8,41	-10,29	12,00
07:39:14:133	exp.	8,37	-10,31	10,40
07:39:14:143	exp.	8,35	-10,29	8,90
07:39:14:153	exp.	8,36	-10,19	7,40
07:39:14:163	exp.	8,40	-10,04	6,00
07:39:14:173	exp.	8,40	-9,85	4,60
07:39:14:183	exp.	8,38	-9,64	3,20
07:39:14:193	exp.	8,28	-9,42	1,90
07:39:14:203	exp.	8,15	-9,19	0,80
07:39:14:213	exp.	8,02	-8,93	-0,30
07:39:14:223	exp.	7,92	-8,61	-1,30
07:39:14:233	exp.	7,86	-8,24	-2,10
07:39:14:243	exp.	7,81	-7,81	-2,80
07:39:14:253	exp.	7,68	-7,35	-3,30
07:39:14:263	exp.	7,52	-6,83	-3,60
07:39:14:273	exp.	7,34	-6,23	-3,70
07:39:14:285	exp.	7,13	-5,54	-3,70
07:39:14:295	insp.	6,89	-4,72	0,30	Débit
07:39:14:304	insp.	6,74	-3,78	0,70
07:39:14:313	insp.	6,54	-2,75	1,20
07:39:14:323	insp.	6,75	-1,75	2,00
07:39:14:333	insp.	8,37	-0,81	3,00
07:39:14:343	insp.	9,67	0,13	4,50
07:39:14:353	insp.	9,67	1,02	7,00
07:39:14:363	insp.	9,67	2,23	10,70
07:39:14:373	insp.	10,38	4,16	15,40
07:39:14:383	insp.	11,07	6,87	21,00
07:39:14:393	insp.	11,42	10,19	27,50
07:39:14:403	insp.	11,83	13,99	35,00
07:39:14:413	insp.	12,40	18,14	42,70
07:39:14:423	insp.	12,90	22,54	50,60
07:39:14:433	insp.	13,25	26,89	58,80
07:39:14:443	insp.	13,57	31,34	67,50
07:39:14:453	insp.	13,94	36,05	76,40
07:39:14:463	insp.	14,28	40,54	85,30
07:39:14:473	insp.	14,55	44,24	94,50
07:39:14:483	insp.	14,70	47,16	103,70
07:39:14:493	insp.	14,90	49,41	113,10
07:39:14:503	insp.	15,11	51,11	122,50
07:39:14:513	insp.	15,23	52,33	131,80
07:39:14:523	insp.	15,28	53,28	141,30
07:39:14:533	insp.	15,36	54,27	150,70
07:39:14:543	insp.	15,39	55,09	160,00
07:39:14:553	insp.	15,41	55,58	169,40
07:39:14:563	insp.	15,44	55,87	178,70
07:39:14:573	insp.	15,45	56,09	187,90
07:39:14:583	insp.	15,47	56,21	197,20
07:39:14:593	insp.	15,47	56,20	206,30
07:39:14:603	insp.	15,50	56,09	215,40
07:39:14:613	insp.	15,54	55,94	224,50
07:39:14:623	insp.	15,60	55,76	233,40
07:39:14:633	insp.	15,67	55,51	242,30
07:39:14:643	insp.	15,74	55,21	251,10
07:39:14:653	insp.	15,79	54,89	259,90
07:39:14:663	insp.	15,83	54,53	268,50
07:39:14:673	insp.	15,88	54,13	277,00
07:39:14:683	insp.	15,92	53,71	285,50
07:39:14:693	insp.	16,01	53,27	293,80
07:39:14:703	insp.	16,13	52,81	302,10
07:39:14:713	insp.	16,22	52,31	310,20
07:39:14:723	insp.	16,32	51,77	318,10
07:39:14:733	insp.	16,47	51,20	325,90
07:39:14:743	insp.	16,59	50,57	333,60
07:39:14:753	insp.	16,73	49,89	341,00
07:39:14:763	insp.	16,86	49,18	348,30
07:39:14:773	insp.	16,96	48,40	355,40
07:39:14:785	insp.	17,15	47,56	362,20
07:39:14:794	insp.	17,35	46,64	368,80
07:39:14:804	insp.	17,39	45,64	375,10
07:39:14:813	insp.	17,23	44,54	381,00
07:39:14:823	insp.	17,14	43,35	386,70
07:39:14:833	insp.	17,33	42,04	391,80
07:39:14:843	insp.	17,61	40,60	396,50
07:39:14:853	insp.	17,65	38,95	400,80
07:39:14:863	insp.	17,49	37,09	404,60
07:39:14:873	insp.	17,55	35,08	407,90
07:39:14:883	insp.	17,95	32,93	410,60
07:39:14:894	exp.	18,09	30,58	412,80
07:39:14:903	exp.	17,52	27,98	414,60
07:39:14:913	exp.	17,84	25,25	415,90
07:39:14:923	exp.	17,63	22,61	416,20
07:39:14:933	exp.	15,73	19,74	415,40
07:39:14:943	exp.	13,59	16,57	413,40
07:39:14:953	exp.	11,96	13,06	410,00
07:39:14:963	exp.	10,81	8,96	405,00
07:39:14:973	exp.	10,18	4,00	398,30
07:39:14:983	exp.	9,77	-1,92	390,50
07:39:14:993	exp.	9,58	-8,48	382,00
07:39:15:003	exp.	9,76	-15,15	373,00
07:39:15:013	exp.	10,00	-21,95	363,80
07:39:15:023	exp.	10,20	-28,80	354,80
07:39:15:033	exp.	10,36	-35,09	346,00
07:39:15:043	exp.	10,48	-40,63	337,70
07:39:15:053	exp.	10,48	-45,25	329,70
07:39:15:063	exp.	10,44	-48,77	322,10
07:39:15:073	exp.	10,45	-50,92	314,80
07:39:15:083	exp.	10,36	-51,59	307,90
07:39:15:093	exp.	10,20	-51,07	301,20
07:39:15:103	exp.	10,11	-49,91	294,80
07:39:15:113	exp.	10,11	-48,13	288,60
07:39:15:123	exp.	10,08	-46,10	282,50
07:39:15:133	exp.	9,96	-44,14	276,70
07:39:15:143	exp.	9,88	-42,31	270,90
07:39:15:153	exp.	9,86	-40,61	265,30
07:39:15:163	exp.	9,84	-39,07	259,80
07:39:15:173	exp.	9,80	-37,72	254,30
07:39:15:183	exp.	9,78	-36,56	248,90
07:39:15:193	exp.	9,78	-35,59	243,60
07:39:15:203	exp.	9,72	-34,73	238,30
07:39:15:213	exp.	9,62	-34,08	233,10
07:39:15:223	exp.	9,53	-33,52	227,90
07:39:15:233	exp.	9,51	-32,98	222,90
07:39:15:243	exp.	9,53	-32,46	217,90
07:39:15:253	exp.	9,49	-32,02	213,00
07:39:15:263	exp.	9,37	-31,60	208,20
07:39:15:273	exp.	9,29	-31,17	203,50
07:39:15:285	exp.	9,26	-30,73	198,90
07:39:15:294	exp.	9,25	-30,31	194,40
07:39:15:303	exp.	9,18	-29,84	190,10
07:39:15:313	exp.	9,12	-29,29	185,80
07:39:15:323	exp.	9,12	-28,68	181,70
07:39:15:333	exp.	9,18	-28,05	177,60
07:39:15:343	exp.	9,23	-27,44	173,60
07:39:15:353	exp.	9,24	-26,82	169,70
07:39:15:363	exp.	9,24	-26,21	165,90
07:39:15:373	exp.	9,23	-25,61	162,10
07:39:15:383	exp.	9,19	-25,06	158,30
07:39:15:393	exp.	9,15	-24,54	154,60
07:39:15:403	exp.	9,14	-24,06	150,90
07:39:15:413	exp.	9,11	-23,62	147,20
07:39:15:423	exp.	9,05	-23,24	143,60
07:39:15:433	exp.	9,01	-22,93	140,10
07:39:15:443	exp.	8,96	-22,66	136,50
07:39:15:453	exp.	8,92	-22,39	133,00
07:39:15:463	exp.	8,90	-22,15	129,60
07:39:15:473	exp.	8,90	-21,91	126,20
07:39:15:483	exp.	8,88	-21,65	122,90
07:39:15:493	exp.	8,83	-21,38	119,70
07:39:15:503	exp.	8,78	-21,10	116,60
07:39:15:513	exp.	8,75	-20,81	113,50
07:39:15:523	exp.	8,71	-20,48	110,50
07:39:15:533	exp.	8,70	-20,09	107,70
07:39:15:543	exp.	8,70	-19,68	104,90
07:39:15:553	exp.	8,70	-19,24	102,10
07:39:15:563	exp.	8,70	-18,79	99,40
07:39:15:573	exp.	8,70	-18,34	96,80
07:39:15:583	exp.	8,70	-17,88	94,30
07:39:15:593	exp.	8,69	-17,43	91,80
07:39:15:603	exp.	8,68	-16,97	89,30
07:39:15:613	exp.	8,67	-16,53	86,90
07:39:15:623	exp.	8,65	-16,12	84,50
07:39:15:633	exp.	8,64	-15,74	82,20
07:39:15:643	exp.	8,63	-15,40	79,90
07:39:15:653	exp.	8,62	-15,08	77,70
07:39:15:663	exp.	8,60	-14,78	75,40
07:39:15:673	exp.	8,57	-14,51	73,30
07:39:15:683	exp.	8,55	-14,25	71,10
07:39:15:693	exp.	8,54	-14,00	69,10
07:39:15:703	exp.	8,54	-13,75	67,00
07:39:15:713	exp.	8,57	-13,49	65,10
07:39:15:723	exp.	8,60	-13,22	63,10
07:39:15:733	exp.	8,61	-12,95	61,20
07:39:15:743	exp.	8,57	-12,71	59,20
07:39:15:753	exp.	8,48	-12,50	57,40
07:39:15:763	exp.	8,37	-12,31	55,50
07:39:15:773	exp.	8,33	-12,10	53,80
07:39:15:785	exp.	8,36	-11,84	52,10
07:39:15:794	exp.	8,46	-11,57	50,40
07:39:15:804	exp.	8,53	-11,28	48,80
07:39:15:813	exp.	8,57	-11,02	47,20
07:39:15:823	exp.	8,59	-10,79	45,60
07:39:15:835	exp.	8,61	-10,60	44,00
07:39:15:843	exp.	8,61	-10,40	42,40
07:39:15:853	exp.	8,63	-10,18	40,80
07:39:15:863	exp.	8,64	-9,96	39,20
07:39:15:873	exp.	8,64	-9,77	37,60
07:39:15:883	exp.	8,63	-9,65	36,00
07:39:15:893	exp.	8,59	-9,61	34,30
07:39:15:903	exp.	8,53	-9,64	32,60
07:39:15:913	exp.	8,50	-9,68	31,00
07:39:15:923	exp.	8,48	-9,74	29,30
07:39:15:933	exp.	8,47	-9,78	27,60
07:39:15:943	exp.	8,47	-9,82	26,00
07:39:15:953	exp.	8,44	-9,86	24,30
07:39:15:963	exp.	8,41	-9,91	22,70
07:39:15:973	exp.	8,39	-9,95	21,20
07:39:15:983	exp.	8,38	-9,94	19,70
07:39:15:993	exp.	8,40	-9,87	18,20
07:39:16:003	exp.	8,43	-9,75	16,80
07:39:16:013	exp.	8,45	-9,60	15,40
07:39:16:023	exp.	8,45	-9,44	14,00
07:39:16:033	exp.	8,45	-9,28	12,60
07:39:16:043	exp.	8,44	-9,10	11,30
07:39:16:053	exp.	8,43	-8,92	9,90
07:39:16:063	exp.	8,43	-8,72	8,60
07:39:16:073	exp.	8,43	-8,53	7,30
07:39:16:083	exp.	8,43	-8,36	6,10
07:39:16:093	exp.	8,43	-8,21	4,80
07:39:16:103	exp.	8,40	-8,09	3,50
07:39:16:113	exp.	8,38	-8,00	2,30
07:39:16:123	exp.	8,37	-7,91	1,00
07:39:16:133	exp.	8,34	-7,82	-0,20
07:39:16:143	exp.	8,24	-7,74	-1,30
07:39:16:153	exp.	8,10	-7,65	-2,40
07:39:16:163	exp.	7,97	-7,54	-3,30
07:39:16:173	exp.	7,89	-7,39	-4,10
07:39:16:183	exp.	7,85	-7,16	-4,80
07:39:16:193	exp.	7,76	-6,84	-5,30
07:39:16:203	exp.	7,57	-6,44	-5,70
07:39:16:213	exp.	7,31	-5,95	-5,80
07:39:16:223	exp.	7,00	-5,35	-5,70
07:39:16:236	insp.	6,71	-4,63	0,30	Débit
07:39:16:244	insp.	6,60	-3,74	0,80
07:39:16:253	insp.	6,56	-2,72	1,30
07:39:16:263	insp.	7,38	-1,70	2,20
07:39:16:273	insp.	9,17	-0,70	3,30
07:39:16:285	insp.	9,90	0,21	5,00
07:39:16:293	insp.	9,70	1,13	7,80
07:39:16:303	insp.	10,02	2,53	11,70
07:39:16:313	insp.	10,87	4,72	16,60
07:39:16:323	insp.	11,45	7,66	22,40
07:39:16:333	insp.	11,78	11,17	29,20
07:39:16:343	insp.	12,20	15,06	36,50
07:39:16:353	insp.	12,73	19,19	44,10
07:39:16:363	insp.	13,14	23,38	51,80
07:39:16:373	insp.	13,37	27,55	60,10
07:39:16:383	insp.	13,63	32,00	68,60
07:39:16:393	insp.	13,97	36,64	77,30
07:39:16:403	insp.	14,24	40,84	86,10
07:39:16:413	insp.	14,39	44,21	95,20
07:39:16:423	insp.	14,54	46,84	104,40
07:39:16:434	insp.	14,74	48,85	113,60
07:39:16:443	insp.	14,89	50,36	122,90
07:39:16:453	insp.	14,98	51,52	132,20
07:39:16:463	insp.	15,10	52,60	141,60
07:39:16:473	insp.	15,21	53,70	151,00
07:39:16:483	insp.	15,29	54,52	160,30
07:39:16:493	insp.	15,36	55,04	169,70
07:39:16:503	insp.	15,41	55,44	179,00
07:39:16:513	insp.	15,46	55,76	188,30
07:39:16:523	insp.	15,52	55,95	197,50
07:39:16:533	insp.	15,58	56,01	206,60
07:39:16:543	insp.	15,63	55,97	215,70
07:39:16:553	insp.	15,69	55,89	224,70
07:39:16:563	insp.	15,74	55,73	233,70
07:39:16:573	insp.	15,81	55,47	242,50
07:39:16:583	insp.	15,84	55,17	251,30
07:39:16:593	insp.	15,86	54,83	260,00
07:39:16:603	insp.	15,89	54,44	268,50
07:39:16:613	insp.	15,93	54,01	277,00
07:39:16:623	insp.	15,98	53,54	285,40
07:39:16:633	insp.	16,03	53,05	293,70
07:39:16:643	insp.	16,10	52,54	301,80
07:39:16:653	insp.	16,18	51,99	309,90
07:39:16:663	insp.	16,23	51,41	317,80
07:39:16:673	insp.	16,29	50,80	325,50
07:39:16:683	insp.	16,38	50,17	333,20
07:39:16:693	insp.	16,53	49,51	340,60
07:39:16:703	insp.	16,72	48,83	347,90
07:39:16:713	insp.	16,92	48,10	355,00
07:39:16:723	insp.	17,10	47,31	361,80
07:39:16:733	insp.	17,30	46,45	368,40
07:39:16:743	insp.	17,35	45,51	374,70
07:39:16:753	insp.	17,22	44,47	380,70
07:39:16:763	insp.	17,23	43,33	386,30
07:39:16:773	insp.	17,55	42,08	391,40
07:39:16:785	insp.	17,82	40,65	396,10
07:39:16:793	insp.	17,72	38,99	400,30
07:39:16:803	insp.	17,45	37,09	404,10
07:39:16:813	insp.	17,49	35,03	407,30
07:39:16:825	exp.	17,84	32,82	409,90
07:39:16:835	exp.	17,90	30,40	412,00
07:39:16:843	exp.	16,93	27,75	413,80
07:39:16:853	exp.	17,43	25,00	414,90
07:39:16:864	exp.	16,64	22,31	414,90
07:39:16:874	exp.	14,60	19,30	413,90
07:39:16:883	exp.	12,70	16,00	411,70
07:39:16:893	exp.	11,22	12,34	408,00
07:39:16:904	exp.	10,17	8,05	402,80
07:39:16:913	exp.	9,76	2,91	396,00
07:39:16:923	exp.	9,84	-3,06	388,30
07:39:16:933	exp.	9,98	-9,50	379,70
07:39:16:943	exp.	10,01	-16,09	370,80
07:39:16:953	exp.	10,04	-22,88	361,90
07:39:16:963	exp.	10,14	-29,59	353,10
07:39:16:973	exp.	10,39	-35,59	344,70
07:39:16:983	exp.	10,51	-40,80	336,60
07:39:16:993	exp.	10,47	-45,07	328,90
07:39:17:003	exp.	10,46	-48,10	321,60
07:39:17:013	exp.	10,47	-49,79	314,50
07:39:17:023	exp.	10,33	-50,27	307,50
07:39:17:033	exp.	10,15	-49,82	300,90
07:39:17:043	exp.	10,12	-48,70	294,60
07:39:17:053	exp.	10,07	-46,91	288,40
07:39:17:063	exp.	9,97	-44,99	282,40
07:39:17:073	exp.	9,93	-43,16	276,60
07:39:17:083	exp.	9,93	-41,45	270,90
07:39:17:093	exp.	9,91	-39,87	265,30
07:39:17:103	exp.	9,89	-38,53	259,80
07:39:17:113	exp.	9,84	-37,40	254,40
07:39:17:123	exp.	9,66	-36,37	249,00
07:39:17:133	exp.	9,52	-35,42	243,70
07:39:17:143	exp.	9,48	-34,58	238,60
07:39:17:153	exp.	9,44	-33,86	233,50
07:39:17:163	exp.	9,48	-33,16	228,50
07:39:17:173	exp.	9,57	-32,48	223,60
07:39:17:183	exp.	9,63	-31,91	218,80
07:39:17:193	exp.	9,63	-31,45	214,00
07:39:17:203	exp.	9,58	-31,02	209,20
07:39:17:213	exp.	9,49	-30,61	204,50
07:39:17:223	exp.	9,41	-30,16	199,90
07:39:17:233	exp.	9,36	-29,68	195,40
07:39:17:243	exp.	9,33	-29,20	191,00
07:39:17:253	exp.	9,31	-28,73	186,60
07:39:17:263	exp.	9,31	-28,31	182,20
07:39:17:273	exp.	9,28	-27,95	177,90
07:39:17:285	exp.	9,21	-27,62	173,60
07:39:17:294	exp.	9,17	-27,29	169,50
07:39:17:303	exp.	9,14	-26,93	165,40
07:39:17:313	exp.	9,09	-26,53	161,30
07:39:17:323	exp.	9,03	-26,12	157,40
07:39:17:333	exp.	9,00	-25,72	153,60
07:39:17:343	exp.	8,98	-25,30	149,90
07:39:17:353	exp.	8,95	-24,88	146,20
07:39:17:363	exp.	8,89	-24,46	142,70
07:39:17:373	exp.	8,86	-24,00	139,30
07:39:17:383	exp.	8,87	-23,48	136,00
07:39:17:393	exp.	8,92	-22,91	132,70
07:39:17:403	exp.	8,92	-22,34	129,50
07:39:17:413	exp.	8,92	-21,76	126,40
07:39:17:423	exp.	8,90	-21,19	123,40
07:39:17:435	exp.	8,88	-20,65	120,40
07:39:17:443	exp.	8,84	-20,16	117,40
07:39:17:453	exp.	8,80	-19,70	114,50
07:39:17:463	exp.	8,79	-19,23	111,70
07:39:17:473	exp.	8,79	-18,78	108,90
07:39:17:483	exp.	8,78	-18,37	106,20
07:39:17:493	exp.	8,75	-18,00	103,50
07:39:17:503	exp.	8,74	-17,66	100,80
07:39:17:513	exp.	8,72	-17,33	98,20
07:39:17:523	exp.	8,71	-17,05	95,60
07:39:17:533	exp.	8,68	-16,78	93,10
07:39:17:543	exp.	8,66	-16,49	90,60
07:39:17:553	exp.	8,66	-16,21	88,20
07:39:17:563	exp.	8,68	-15,93	85,80
07:39:17:573	exp.	8,67	-15,67	83,40
07:39:17:583	exp.	8,60	-15,43	81,10
07:39:17:593	exp.	8,51	-15,18	78,90
07:39:17:603	exp.	8,43	-14,93	76,70
07:39:17:613	exp.	8,41	-14,67	74,60
07:39:17:623	exp.	8,46	-14,36	72,60
07:39:17:633	exp.	8,54	-14,02	70,60
07:39:17:643	exp.	8,60	-13,65	68,70
07:39:17:653	exp.	8,63	-13,29	66,80
07:39:17:663	exp.	8,64	-12,95	65,00
07:39:17:673	exp.	8,64	-12,62	63,10
07:39:17:683	exp.	8,64	-12,31	61,30
07:39:17:693	exp.	8,63	-11,99	59,50
07:39:17:703	exp.	8,63	-11,69	57,70
07:39:17:713	exp.	8,63	-11,42	55,90
07:39:17:723	exp.	8,62	-11,22	54,10
07:39:17:733	exp.	8,58	-11,10	52,30
07:39:17:743	exp.	8,55	-11,03	50,50
07:39:17:753	exp.	8,53	-10,97	48,70
07:39:17:763	exp.	8,50	-10,92	46,90
07:39:17:773	exp.	8,51	-10,87	45,20
07:39:17:785	exp.	8,49	-10,81	43,40
07:39:17:793	exp.	8,45	-10,75	41,70
07:39:17:803	exp.	8,41	-10,72	40,10
07:39:17:813	exp.	8,39	-10,66	38,50
07:39:17:823	exp.	8,39	-10,57	36,90
07:39:17:833	exp.	8,41	-10,42	35,40
07:39:17:843	exp.	8,44	-10,22	33,90
07:39:17:853	exp.	8,45	-10,01	32,50
07:39:17:863	exp.	8,45	-9,80	31,00
07:39:17:873	exp.	8,46	-9,61	29,60
07:39:17:883	exp.	8,46	-9,43	28,20
07:39:17:893	exp.	8,46	-9,24	26,70
07:39:17:903	exp.	8,46	-9,06	25,30
07:39:17:913	exp.	8,49	-8,88	23,90
07:39:17:923	exp.	8,51	-8,74	22,50
07:39:17:933	exp.	8,51	-8,63	21,10
07:39:17:943	exp.	8,51	-8,56	19,70
07:39:17:953	exp.	8,51	-8,53	18,40
07:39:17:963	exp.	8,51	-8,49	17,00
07:39:17:973	exp.	8,51	-8,45	15,60
07:39:17:983	exp.	8,49	-8,42	14,20
07:39:17:993	exp.	8,46	-8,38	12,90
07:39:18:003	exp.	8,44	-8,35	11,50
07:39:18:013	exp.	8,46	-8,31	10,20
07:39:18:023	exp.	8,50	-8,26	8,90
07:39:18:033	exp.	8,51	-8,20	7,60
07:39:18:043	exp.	8,44	-8,15	6,30
07:39:18:053	exp.	8,30	-8,11	5,10
07:39:18:063	exp.	8,17	-8,07	3,90
07:39:18:073	exp.	8,09	-7,99	2,80
07:39:18:083	exp.	8,06	-7,86	1,80
07:39:18:093	exp.	8,05	-7,65	0,90
07:39:18:103	exp.	8,01	-7,38	0,20
07:39:18:113	exp.	7,94	-7,06	-0,40
07:39:18:123	exp.	7,84	-6,71	-0,90
07:39:18:133	exp.	7,73	-6,29	-1,30
07:39:18:143	exp.	7,61	-5,77	-1,50
07:39:18:153	exp.	7,49	-5,13	-1,50
07:39:18:163	exp.	7,36	-4,39	-1,40
07:39:18:175	insp.	7,20	-3,61	0,20	Débit
07:39:18:184	insp.	7,03	-2,80	0,60
07:39:18:193	insp.	6,81	-2,00	1,00
07:39:18:203	insp.	6,98	-1,25	1,70
07:39:18:213	insp.	8,21	-0,49	2,60
07:39:18:223	insp.	9,22	0,29	4,00
07:39:18:233	insp.	9,27	1,09	6,20
07:39:18:243	insp.	9,33	2,15	9,50
07:39:18:253	insp.	9,97	3,79	13,70
07:39:18:263	insp.	10,65	6,10	18,70
07:39:18:273	insp.	11,08	9,01	24,70
07:39:18:285	insp.	11,48	12,43	31,50
07:39:18:294	insp.	11,99	16,27	38,70
07:39:18:304	insp.	12,50	20,35	46,10
07:39:18:313	insp.	12,86	24,46	54,00
07:39:18:323	insp.	13,19	28,70	62,30
07:39:18:333	insp.	13,57	33,19	70,80
07:39:18:343	insp.	13,92	37,51	79,60
07:39:18:353	insp.	14,17	41,25	88,50
07:39:18:363	insp.	14,40	44,33	97,60
07:39:18:373	insp.	14,58	46,84	106,80
07:39:18:383	insp.	14,75	48,85	116,10
07:39:18:393	insp.	14,89	50,42	125,50
07:39:18:403	insp.	14,97	51,75	134,90
07:39:18:413	insp.	15,09	53,03	144,40
07:39:18:423	insp.	15,19	54,13	153,90
07:39:18:435	insp.	15,26	54,90	163,30
07:39:18:443	insp.	15,29	55,46	172,70
07:39:18:453	insp.	15,35	55,92	182,20
07:39:18:463	insp.	15,45	56,26	191,50
07:39:18:473	insp.	15,51	56,44	200,80
07:39:18:483	insp.	15,56	56,53	210,10
07:39:18:493	insp.	15,64	56,53	219,30
07:39:18:503	insp.	15,65	56,44	228,40
07:39:18:513	insp.	15,65	56,26	237,40
07:39:18:523	insp.	15,70	56,02	246,40
07:39:18:533	insp.	15,79	55,75	255,30
07:39:18:543	insp.	15,92	55,44	264,10
07:39:18:553	insp.	16,05	55,09	272,70
07:39:18:563	insp.	16,21	54,68	281,30
07:39:18:573	insp.	16,37	54,20	289,60
07:39:18:583	insp.	16,54	53,66	297,80
07:39:18:593	insp.	16,68	53,05	305,80
07:39:18:603	insp.	16,82	52,39	313,60
07:39:18:613	insp.	16,99	51,65	321,20
07:39:18:623	insp.	17,13	50,84	328,60
07:39:18:633	insp.	17,12	49,96	335,70
07:39:18:643	insp.	16,99	48,94	342,50
07:39:18:653	insp.	17,09	47,84	349,00
07:39:18:663	insp.	17,36	46,63	355,10
07:39:18:673	insp.	17,44	45,28	360,90
07:39:18:683	insp.	17,30	43,76	366,20
07:39:18:693	insp.	17,21	42,11	371,10
07:39:18:703	insp.	17,42	40,34	375,60
07:39:18:713	insp.	17,66	38,42	379,60
07:39:18:723	insp.	17,52	36,31	383,20
07:39:18:733	insp.	17,19	34,06	386,40
07:39:18:743	insp.	17,22	31,73	389,20
07:39:18:754	exp.	17,58	29,33	391,40
07:39:18:763	exp.	17,61	26,78	393,20
07:39:18:773	exp.	16,40	24,16	394,80
07:39:18:785	exp.	16,81	21,65	395,70
07:39:18:794	exp.	15,93	19,22	395,70
07:39:18:804	exp.	14,06	16,66	394,60
07:39:18:813	exp.	12,44	13,79	392,30
07:39:18:823	exp.	11,16	10,53	388,50
07:39:18:835	exp.	10,12	6,57	383,10
07:39:18:843	exp.	9,53	1,64	376,50
07:39:18:853	exp.	9,48	-4,12	368,90
07:39:18:863	exp.	9,80	-10,23	360,60
07:39:18:873	exp.	10,17	-16,49	351,80
07:39:18:883	exp.	10,40	-22,93	343,10
07:39:18:893	exp.	10,52	-29,29	334,50
07:39:18:903	exp.	10,51	-35,18	326,10
07:39:18:913	exp.	10,29	-40,39	318,00
07:39:18:923	exp.	10,17	-44,71	310,40
07:39:18:933	exp.	10,25	-47,69	303,20
07:39:18:943	exp.	10,33	-49,16	296,30
07:39:18:953	exp.	10,24	-49,38	289,60
07:39:18:963	exp.	10,10	-48,81	283,30
07:39:18:973	exp.	9,99	-47,64	277,10
07:39:18:983	exp.	9,88	-46,02	271,20
07:39:18:993	exp.	9,83	-44,17	265,50
07:39:19:003	exp.	9,81	-42,29	259,90
07:39:19:013	exp.	9,76	-40,37	254,50
07:39:19:023	exp.	9,76	-38,54	249,20
07:39:19:033	exp.	9,80	-37,05	243,80
07:39:19:043	exp.	9,79	-35,88	238,50
07:39:19:053	exp.	9,76	-34,91	233,20
07:39:19:063	exp.	9,71	-34,05	228,00
07:39:19:073	exp.	9,70	-33,31	222,90
07:39:19:083	exp.	9,70	-32,67	217,70
07:39:19:093	exp.	9,61	-32,14	212,70
07:39:19:103	exp.	9,57	-31,73	207,70
07:39:19:113	exp.	9,58	-31,42	202,80
07:39:19:123	exp.	9,53	-31,16	197,90
07:39:19:133	exp.	9,46	-30,92	193,10
07:39:19:143	exp.	9,40	-30,64	188,40
07:39:19:153	exp.	9,34	-30,31	183,80
07:39:19:163	exp.	9,29	-29,93	179,20
07:39:19:173	exp.	9,19	-29,54	174,70
07:39:19:184	exp.	9,11	-29,16	170,40
07:39:19:193	exp.	9,08	-28,71	166,10
07:39:19:203	exp.	9,07	-28,22	162,00
07:39:19:213	exp.	9,06	-27,72	158,00
07:39:19:223	exp.	9,07	-27,19	154,10
07:39:19:233	exp.	9,07	-26,60	150,30
07:39:19:243	exp.	9,07	-25,99	146,60
07:39:19:253	exp.	9,07	-25,37	143,00
07:39:19:263	exp.	9,05	-24,76	139,50
07:39:19:273	exp.	9,01	-24,13	136,00
07:39:19:285	exp.	8,97	-23,48	132,70
07:39:19:294	exp.	8,96	-22,87	129,40
07:39:19:303	exp.	8,96	-22,28	126,10
07:39:19:313	exp.	8,94	-21,74	122,90
07:39:19:323	exp.	8,88	-21,26	119,70
07:39:19:333	exp.	8,83	-20,83	116,60
07:39:19:343	exp.	8,81	-20,42	113,50
07:39:19:353	exp.	8,83	-20,04	110,40
07:39:19:363	exp.	8,86	-19,67	107,50
07:39:19:373	exp.	8,82	-19,34	104,50
07:39:19:383	exp.	8,77	-19,03	101,60
07:39:19:393	exp.	8,76	-18,75	98,80
07:39:19:403	exp.	8,77	-18,47	96,00
07:39:19:413	exp.	8,76	-18,19	93,30
07:39:19:423	exp.	8,66	-17,89	90,70
07:39:19:435	exp.	8,55	-17,59	88,10
07:39:19:443	exp.	8,50	-17,27	85,60
07:39:19:453	exp.	8,50	-16,94	83,20
07:39:19:463	exp.	8,55	-16,58	80,90
07:39:19:473	exp.	8,62	-16,18	78,70
07:39:19:484	exp.	8,69	-15,73	76,50
07:39:19:493	exp.	8,69	-15,29	74,30
07:39:19:503	exp.	8,69	-14,89	72,20
07:39:19:513	exp.	8,67	-14,50	70,10
07:39:19:523	exp.	8,67	-14,11	68,00
07:39:19:533	exp.	8,66	-13,73	66,00
07:39:19:543	exp.	8,66	-13,37	63,90
07:39:19:553	exp.	8,66	-13,06	61,90
07:39:19:563	exp.	8,64	-12,80	59,90
07:39:19:573	exp.	8,60	-12,64	57,80
07:39:19:583	exp.	8,57	-12,52	55,90
07:39:19:593	exp.	8,54	-12,42	53,90
07:39:19:603	exp.	8,53	-12,31	52,00
07:39:19:613	exp.	8,53	-12,17	50,10
07:39:19:623	exp.	8,52	-12,06	48,20
07:39:19:633	exp.	8,48	-11,95	46,40
07:39:19:643	exp.	8,43	-11,84	44,60
07:39:19:653	exp.	8,40	-11,73	42,80
07:39:19:663	exp.	8,42	-11,59	41,10
07:39:19:673	exp.	8,46	-11,39	39,40
07:39:19:683	exp.	8,49	-11,17	37,80
07:39:19:693	exp.	8,49	-10,94	36,20
07:39:19:703	exp.	8,48	-10,72	34,60
07:39:19:713	exp.	8,46	-10,51	33,10
07:39:19:723	exp.	8,46	-10,30	31,60
07:39:19:733	exp.	8,46	-10,08	30,10
07:39:19:743	exp.	8,48	-9,85	28,60
07:39:19:753	exp.	8,50	-9,62	27,20
07:39:19:763	exp.	8,50	-9,42	25,70
07:39:19:773	exp.	8,51	-9,26	24,30
07:39:19:785	exp.	8,51	-9,12	22,90
07:39:19:794	exp.	8,49	-9,00	21,40
07:39:19:804	exp.	8,48	-8,89	20,00
07:39:19:813	exp.	8,49	-8,79	18,60
07:39:19:823	exp.	8,48	-8,69	17,30
07:39:19:833	exp.	8,45	-8,61	15,90
07:39:19:843	exp.	8,44	-8,54	14,60
07:39:19:853	exp.	8,46	-8,48	13,20
07:39:19:863	exp.	8,51	-8,41	11,90
07:39:19:873	exp.	8,50	-8,33	10,60
07:39:19:883	exp.	8,42	-8,26	9,30
07:39:19:893	exp.	8,31	-8,21	8,00
07:39:19:903	exp.	8,21	-8,14	6,80
07:39:19:913	exp.	8,21	-8,05	5,70
07:39:19:923	exp.	8,25	-7,90	4,60
07:39:19:933	exp.	8,26	-7,71	3,60
07:39:19:943	exp.	8,20	-7,50	2,70
07:39:19:953	exp.	8,08	-7,29	1,80
07:39:19:963	exp.	7,99	-7,09	1,00
07:39:19:973	exp.	7,92	-6,83	0,30
07:39:19:983	exp.	7,84	-6,50	-0,30
07:39:19:993	exp.	7,72	-6,07	-0,60
07:39:20:003	exp.	7,57	-5,55	-0,80
07:39:20:013	exp.	7,39	-4,97	-0,90
07:39:20:023	exp.	7,19	-4,37	-0,80
07:39:20:035	insp.	6,97	-3,73	0,30	Débit
07:39:20:043	insp.	6,78	-2,99	0,70
07:39:20:053	insp.	6,57	-2,15	1,20
07:39:20:063	insp.	6,82	-1,28	2,00
07:39:20:073	insp.	8,33	-0,43	3,00
07:39:20:083	insp.	9,44	0,44	4,50
07:39:20:093	insp.	9,38	1,27	7,00
07:39:20:103	insp.	9,42	2,41	10,60
07:39:20:113	insp.	10,18	4,25	15,20
07:39:20:123	insp.	10,89	6,84	20,60
07:39:20:133	insp.	11,32	10,06	27,00
07:39:20:143	insp.	11,73	13,73	34,20
07:39:20:153	insp.	12,28	17,77	41,70
07:39:20:163	insp.	12,76	22,00	49,40
07:39:20:173	insp.	13,10	26,21	57,50
07:39:20:183	insp.	13,38	30,56	66,00
07:39:20:193	insp.	13,74	35,18	74,80
07:39:20:203	insp.	14,09	39,56	83,70
07:39:20:213	insp.	14,35	43,23	92,80
07:39:20:223	insp.	14,54	46,16	102,00
07:39:20:234	insp.	14,75	48,48	111,30
07:39:20:243	insp.	14,96	50,27	120,70
07:39:20:253	insp.	15,09	51,62	130,10
07:39:20:263	insp.	15,18	52,74	139,50
07:39:20:273	insp.	15,28	53,88	148,90
07:39:20:285	insp.	15,39	54,82	158,30
07:39:20:293	insp.	15,45	55,42	167,70
07:39:20:303	insp.	15,53	55,81	177,00
07:39:20:313	insp.	15,62	56,10	186,30
07:39:20:323	insp.	15,65	56,26	195,50
07:39:20:333	insp.	15,65	56,26	204,60
07:39:20:343	insp.	15,68	56,15	213,70
07:39:20:353	insp.	15,67	55,99	222,70
07:39:20:363	insp.	15,68	55,76	231,60
07:39:20:373	insp.	15,78	55,48	240,40
07:39:20:383	insp.	15,92	55,15	249,10
07:39:20:393	insp.	16,04	54,77	257,70
07:39:20:403	insp.	16,17	54,34	266,20
07:39:20:413	insp.	16,31	53,84	274,50
07:39:20:423	insp.	16,43	53,29	282,60
07:39:20:435	insp.	16,62	52,70	290,60
07:39:20:443	insp.	16,77	52,06	298,40
07:39:20:453	insp.	16,91	51,34	306,00
07:39:20:463	insp.	17,04	50,56	313,40
07:39:20:473	insp.	17,14	49,69	320,50
07:39:20:483	insp.	17,14	48,71	327,40
07:39:20:493	insp.	17,10	47,65	334,00
07:39:20:503	insp.	17,21	46,50	340,20
07:39:20:513	insp.	17,43	45,28	346,10
07:39:20:523	insp.	17,44	43,93	351,70
07:39:20:533	insp.	17,23	42,42	356,80
07:39:20:543	insp.	17,17	40,78	361,60
07:39:20:553	insp.	17,42	39,04	365,90
07:39:20:563	insp.	17,59	37,15	369,70
07:39:20:573	insp.	17,41	35,08	373,20
07:39:20:583	insp.	17,12	32,88	376,30
07:39:20:593	insp.	17,25	30,62	379,00
07:39:20:604	exp.	17,57	28,29	381,10
07:39:20:613	exp.	17,44	25,83	382,90
07:39:20:623	exp.	16,86	23,30	384,40
07:39:20:633	exp.	16,87	20,93	385,30
07:39:20:643	exp.	15,49	18,63	385,00
07:39:20:653	exp.	13,58	16,07	383,80
07:39:20:663	exp.	12,01	13,21	381,20
07:39:20:673	exp.	10,73	9,88	377,20
07:39:20:683	exp.	9,97	5,78	371,50
07:39:20:693	exp.	9,75	0,76	364,60
07:39:20:703	exp.	9,72	-5,09	356,80
07:39:20:713	exp.	9,71	-11,29	348,40
07:39:20:723	exp.	9,82	-17,64	339,80
07:39:20:733	exp.	10,16	-24,14	331,30
07:39:20:743	exp.	10,44	-30,38	322,80
07:39:20:753	exp.	10,42	-36,05	314,80
07:39:20:763	exp.	10,35	-40,94	307,20
07:39:20:773	exp.	10,34	-44,75	300,10
07:39:20:785	exp.	10,36	-47,26	293,20
07:39:20:793	exp.	10,28	-48,39	286,60
07:39:20:803	exp.	10,10	-48,26	280,40
07:39:20:813	exp.	9,92	-47,26	274,50
07:39:20:823	exp.	9,83	-45,65	268,70
07:39:20:835	exp.	9,81	-43,73	263,00
07:39:20:843	exp.	9,77	-41,81	257,40
07:39:20:853	exp.	9,74	-39,92	252,00
07:39:20:863	exp.	9,79	-38,16	246,70
07:39:20:873	exp.	9,92	-36,65	241,30
07:39:20:883	exp.	9,88	-35,45	235,90
07:39:20:893	exp.	9,79	-34,51	230,60
07:39:20:903	exp.	9,77	-33,74	225,40
07:39:20:913	exp.	9,75	-33,13	220,20
07:39:20:923	exp.	9,70	-32,67	215,00
07:39:20:933	exp.	9,63	-32,27	209,90
07:39:20:943	exp.	9,53	-31,93	204,90
07:39:20:953	exp.	9,45	-31,62	199,90
07:39:20:963	exp.	9,39	-31,39	195,00
07:39:20:973	exp.	9,37	-31,16	190,20
07:39:20:983	exp.	9,36	-30,87	185,50
07:39:20:993	exp.	9,36	-30,48	180,80
07:39:21:003	exp.	9,28	-30,08	176,30
07:39:21:013	exp.	9,19	-29,69	171,90
07:39:21:023	exp.	9,12	-29,27	167,50
07:39:21:033	exp.	9,08	-28,81	163,30
07:39:21:043	exp.	9,04	-28,30	159,30
07:39:21:053	exp.	9,05	-27,73	155,40
07:39:21:063	exp.	9,07	-27,10	151,60
07:39:21:073	exp.	9,08	-26,42	147,80
07:39:21:083	exp.	9,08	-25,75	144,20
07:39:21:093	exp.	9,09	-25,10	140,60
07:39:21:103	exp.	9,09	-24,44	137,10
07:39:21:113	exp.	9,03	-23,80	133,60
07:39:21:123	exp.	8,99	-23,18	130,20
07:39:21:133	exp.	8,99	-22,60	126,90
07:39:21:143	exp.	8,97	-22,06	123,50
07:39:21:153	exp.	8,93	-21,59	120,30
07:39:21:163	exp.	8,84	-21,19	117,10
07:39:21:173	exp.	8,78	-20,84	113,90
07:39:21:183	exp.	8,79	-20,51	110,80
07:39:21:193	exp.	8,83	-20,17	107,80
07:39:21:203	exp.	8,82	-19,85	104,80
07:39:21:213	exp.	8,82	-19,54	101,80
07:39:21:223	exp.	8,80	-19,22	99,00
07:39:21:234	exp.	8,78	-18,92	96,10
07:39:21:243	exp.	8,77	-18,62	93,40
07:39:21:253	exp.	8,74	-18,30	90,70
07:39:21:263	exp.	8,69	-17,95	88,10
07:39:21:273	exp.	8,59	-17,57	85,50
07:39:21:285	exp.	8,49	-17,21	83,10
07:39:21:294	exp.	8,49	-16,86	80,70
07:39:21:303	exp.	8,55	-16,48	78,30
07:39:21:313	exp.	8,64	-16,07	76,10
07:39:21:323	exp.	8,71	-15,65	73,80
07:39:21:333	exp.	8,75	-15,23	71,60
07:39:21:343	exp.	8,78	-14,84	69,40
07:39:21:353	exp.	8,77	-14,49	67,20
07:39:21:363	exp.	8,73	-14,18	65,10
07:39:21:373	exp.	8,69	-13,91	62,90
07:39:21:383	exp.	8,68	-13,64	60,80
07:39:21:393	exp.	8,68	-13,39	58,60
07:39:21:403	exp.	8,68	-13,20	56,50
07:39:21:413	exp.	8,65	-13,09	54,30
07:39:21:423	exp.	8,60	-13,03	52,20
07:39:21:433	exp.	8,57	-12,99	50,10
07:39:21:443	exp.	8,55	-12,95	48,00
07:39:21:453	exp.	8,53	-12,89	46,00
07:39:21:463	exp.	8,53	-12,82	43,90
07:39:21:473	exp.	8,50	-12,73	42,00
07:39:21:483	exp.	8,47	-12,64	40,00
07:39:21:493	exp.	8,45	-12,55	38,20
07:39:21:503	exp.	8,45	-12,42	36,30
07:39:21:513	exp.	8,45	-12,24	34,60
07:39:21:523	exp.	8,45	-12,01	32,80
07:39:21:533	exp.	8,44	-11,76	31,10
07:39:21:543	exp.	8,43	-11,50	29,50
07:39:21:553	exp.	8,43	-11,24	27,80
07:39:21:563	exp.	8,41	-11,00	26,20
07:39:21:573	exp.	8,39	-10,76	24,70
07:39:21:583	exp.	8,38	-10,51	23,10
07:39:21:593	exp.	8,37	-10,25	21,70
07:39:21:603	exp.	8,30	-10,01	20,20
07:39:21:613	exp.	8,19	-9,79	18,90
07:39:21:623	exp.	8,07	-9,58	17,60
07:39:21:633	exp.	7,98	-9,33	16,50
07:39:21:643	exp.	7,92	-9,04	15,50
07:39:21:653	exp.	7,84	-8,69	14,60
07:39:21:663	exp.	7,72	-8,27	14,00
07:39:21:673	exp.	7,58	-7,76	13,50
07:39:21:683	exp.	7,43	-7,18	13,20
07:39:21:693	exp.	7,30	-6,48	13,20
07:39:21:703	exp.	7,10	-5,68	13,30
07:39:21:715	insp.	6,89	-4,76	0,30	Débit
07:39:21:724	insp.	6,66	-3,74	0,80
07:39:21:733	insp.	6,41	-2,69	1,40
07:39:21:743	insp.	7,17	-1,69	2,30
07:39:21:753	insp.	9,15	-0,67	3,50
07:39:21:763	insp.	10,04	0,35	5,40
07:39:21:773	insp.	9,89	1,44	8,50
07:39:21:785	insp.	10,25	3,01	12,70
07:39:21:794	insp.	11,11	5,33	17,80
07:39:21:804	insp.	11,70	8,35	23,80
07:39:21:813	insp.	12,04	11,90	30,70
07:39:21:823	insp.	12,46	15,88	38,30
07:39:21:836	insp.	12,97	20,18	46,00
07:39:21:843	insp.	13,39	24,56	53,90
07:39:21:853	insp.	13,65	28,85	62,20
07:39:21:863	insp.	13,90	33,29	70,80
07:39:21:873	insp.	14,23	37,82	79,50
07:39:21:883	insp.	14,49	41,85	88,30
07:39:21:893	insp.	14,62	45,04	97,30
07:39:21:903	insp.	14,74	47,50	106,40
07:39:21:913	insp.	14,92	49,36	115,50
07:39:21:923	insp.	15,03	50,70	124,70
07:39:21:933	insp.	15,10	51,66	133,90
07:39:21:943	insp.	15,17	52,54	143,10
07:39:21:953	insp.	15,28	53,45	152,40
07:39:21:963	insp.	15,37	54,12	161,60
07:39:21:973	insp.	15,43	54,50	170,70
07:39:21:983	insp.	15,49	54,79	179,80
07:39:21:993	insp.	15,53	55,00	188,90
07:39:22:003	insp.	15,57	55,09	197,90
07:39:22:013	insp.	15,61	55,06	206,90
07:39:22:023	insp.	15,65	54,97	215,80
07:39:22:034	insp.	15,68	54,83	224,60
07:39:22:043	insp.	15,77	54,63	233,40
07:39:22:053	insp.	15,86	54,36	242,00
07:39:22:063	insp.	15,94	54,03	250,50
07:39:22:073	insp.	16,01	53,66	259,00
07:39:22:083	insp.	16,09	53,24	267,30
07:39:22:093	insp.	16,20	52,78	275,50
07:39:22:103	insp.	16,31	52,27	283,50
07:39:22:113	insp.	16,44	51,73	291,40
07:39:22:123	insp.	16,59	51,14	299,20
07:39:22:133	insp.	16,71	50,48	306,70
07:39:22:143	insp.	16,88	49,76	314,10
07:39:22:153	insp.	17,06	48,97	321,20
07:39:22:163	insp.	17,16	48,10	328,10
07:39:22:173	insp.	17,12	47,17	334,80
07:39:22:183	insp.	16,99	46,15	341,10
07:39:22:193	insp.	17,14	45,05	347,20
07:39:22:203	insp.	17,45	43,87	352,80
07:39:22:213	insp.	17,60	42,53	358,10
07:39:22:223	insp.	17,51	41,04	363,00
07:39:22:233	insp.	17,40	39,40	367,50
07:39:22:243	insp.	17,58	37,63	371,40
07:39:22:253	insp.	17,93	35,70	374,70
07:39:22:263	insp.	17,93	33,55	377,60
07:39:22:274	exp.	17,57	31,18	380,00
07:39:22:286	exp.	17,12	28,69	381,80
07:39:22:294	exp.	17,65	26,00	383,00
07:39:22:303	exp.	17,48	23,29	383,10
07:39:22:313	exp.	15,54	20,36	382,30
07:39:22:323	exp.	13,36	17,11	380,30
07:39:22:334	exp.	11,80	13,41	376,80
07:39:22:343	exp.	10,61	9,02	371,70
07:39:22:353	exp.	9,78	3,81	365,20
07:39:22:364	exp.	9,58	-2,05	357,80
07:39:22:373	exp.	9,67	-8,38	349,60
07:39:22:383	exp.	9,91	-14,95	340,70
07:39:22:393	exp.	10,07	-21,70	331,70
07:39:22:403	exp.	10,22	-28,42	322,90
07:39:22:413	exp.	10,44	-34,54	314,30
07:39:22:423	exp.	10,58	-39,91	306,00
07:39:22:435	exp.	10,60	-44,42	298,00
07:39:22:443	exp.	10,47	-47,75	290,50
07:39:22:453	exp.	10,28	-49,73	283,30
07:39:22:463	exp.	10,10	-50,50	276,50
07:39:22:473	exp.	9,98	-50,24	270,00
07:39:22:483	exp.	10,00	-49,24	263,80
07:39:22:493	exp.	10,04	-47,48	257,80
07:39:22:503	exp.	9,99	-45,40	252,00
07:39:22:513	exp.	9,98	-43,34	246,40
07:39:22:523	exp.	9,95	-41,44	240,80
07:39:22:533	exp.	9,88	-39,68	235,20
07:39:22:543	exp.	9,76	-38,14	229,80
07:39:22:553	exp.	9,69	-36,81	224,40
07:39:22:563	exp.	9,66	-35,63	219,10
07:39:22:573	exp.	9,61	-34,61	213,90
07:39:22:583	exp.	9,59	-33,76	208,80
07:39:22:593	exp.	9,60	-33,11	203,70
07:39:22:603	exp.	9,54	-32,62	198,60
07:39:22:613	exp.	9,48	-32,20	193,70
07:39:22:623	exp.	9,48	-31,81	188,80
07:39:22:633	exp.	9,48	-31,40	183,90
07:39:22:643	exp.	9,38	-30,98	179,20
07:39:22:653	exp.	9,23	-30,57	174,60
07:39:22:663	exp.	9,20	-30,14	170,20
07:39:22:673	exp.	9,21	-29,66	165,80
07:39:22:683	exp.	9,25	-29,15	161,50
07:39:22:693	exp.	9,29	-28,64	157,30
07:39:22:703	exp.	9,30	-28,09	153,20
07:39:22:713	exp.	9,28	-27,52	149,10
07:39:22:723	exp.	9,25	-26,99	145,00
07:39:22:733	exp.	9,24	-26,50	141,00
07:39:22:743	exp.	9,23	-25,99	137,10
07:39:22:753	exp.	9,22	-25,46	133,20
07:39:22:763	exp.	9,18	-24,99	129,40
07:39:22:773	exp.	9,15	-24,59	125,60
07:39:22:785	exp.	9,10	-24,24	121,80
07:39:22:794	exp.	9,05	-23,94	118,10
07:39:22:803	exp.	9,01	-23,67	114,50
07:39:22:813	exp.	8,95	-23,39	110,90
07:39:22:823	exp.	8,91	-23,08	107,40
07:39:22:835	exp.	8,86	-22,73	104,00
07:39:22:843	exp.	8,83	-22,38	100,70
07:39:22:853	exp.	8,80	-22,03	97,50
07:39:22:864	exp.	8,75	-21,66	94,40
07:39:22:873	exp.	8,73	-21,27	91,30
07:39:22:883	exp.	8,74	-20,84	88,30
07:39:22:893	exp.	8,75	-20,36	85,40
07:39:22:903	exp.	8,73	-19,87	82,60
07:39:22:913	exp.	8,72	-19,37	79,90
07:39:22:923	exp.	8,74	-18,86	77,20
07:39:22:933	exp.	8,72	-18,37	74,50
07:39:22:943	exp.	8,69	-17,91	71,90
07:39:22:953	exp.	8,68	-17,48	69,40
07:39:22:963	exp.	8,67	-17,05	66,90
07:39:22:973	exp.	8,68	-16,63	64,50
07:39:22:983	exp.	8,69	-16,24	62,10
07:39:22:993	exp.	8,67	-15,88	59,70
07:39:23:003	exp.	8,65	-15,55	57,40
07:39:23:013	exp.	8,63	-15,24	55,10
07:39:23:023	exp.	8,64	-14,96	52,90
07:39:23:033	exp.	8,65	-14,69	50,60
07:39:23:043	exp.	8,64	-14,44	48,40
07:39:23:053	exp.	8,60	-14,21	46,20
07:39:23:063	exp.	8,59	-14,00	44,00
07:39:23:073	exp.	8,62	-13,81	41,90
07:39:23:083	exp.	8,66	-13,63	39,80
07:39:23:093	exp.	8,64	-13,45	37,70
07:39:23:103	exp.	8,57	-13,30	35,70
07:39:23:113	exp.	8,47	-13,15	33,70
07:39:23:123	exp.	8,41	-13,00	31,70
07:39:23:133	exp.	8,43	-12,82	29,90
07:39:23:143	exp.	8,51	-12,60	28,10
07:39:23:153	exp.	8,60	-12,33	26,30
07:39:23:163	exp.	8,65	-12,05	24,50
07:39:23:173	exp.	8,65	-11,80	22,70
07:39:23:183	exp.	8,63	-11,59	20,90
07:39:23:193	exp.	8,63	-11,39	19,10
07:39:23:203	exp.	8,64	-11,21	17,40
07:39:23:213	exp.	8,65	-11,02	15,60
07:39:23:223	exp.	8,65	-10,85	13,80
07:39:23:234	exp.	8,63	-10,73	12,00
07:39:23:243	exp.	8,60	-10,69	10,10
07:39:23:253	exp.	8,57	-10,72	8,30
07:39:23:263	exp.	8,54	-10,76	6,50
07:39:23:273	exp.	8,51	-10,81	4,70
07:39:23:285	exp.	8,49	-10,82	2,90
07:39:23:294	exp.	8,47	-10,81	1,20
07:39:23:303	exp.	8,44	-10,79	-0,50
07:39:23:313	exp.	8,40	-10,79	-2,20
07:39:23:323	exp.	8,37	-10,76	-3,90
07:39:23:333	exp.	8,37	-10,70	-5,50
07:39:23:343	exp.	8,40	-10,58	-7,00
07:39:23:353	exp.	8,41	-10,41	-8,50
07:39:23:363	exp.	8,39	-10,21	-9,90
07:39:23:373	exp.	8,33	-9,98	-11,20
07:39:23:383	exp.	8,21	-9,75	-12,50
07:39:23:393	exp.	8,08	-9,49	-13,70
07:39:23:403	exp.	7,96	-9,18	-14,70
07:39:23:413	exp.	7,88	-8,80	-15,60
07:39:23:423	exp.	7,80	-8,35	-16,30
07:39:23:433	exp.	7,67	-7,85	-16,90
07:39:23:443	exp.	7,52	-7,30	-17,30
07:39:23:453	exp.	7,34	-6,66	-17,40
07:39:23:463	exp.	7,15	-5,93	-17,40
07:39:23:475	insp.	6,94	-5,09	0,30	Débit
07:39:23:484	insp.	6,78	-4,12	0,70
07:39:23:493	insp.	6,58	-3,07	1,20
07:39:23:503	insp.	6,68	-2,02	1,90
07:39:23:513	insp.	8,23	-1,06	2,90
07:39:23:523	insp.	9,65	-0,08	4,30
07:39:23:533	insp.	9,67	0,85	6,70
07:39:23:543	insp.	9,61	2,06	10,30
07:39:23:553	insp.	10,27	3,97	14,90
07:39:23:563	insp.	10,98	6,62	20,40
07:39:23:573	insp.	11,33	9,89	26,90
07:39:23:583	insp.	11,69	13,64	34,20
07:39:23:593	insp.	12,25	17,73	41,90
07:39:23:603	insp.	12,78	22,09	49,70
07:39:23:613	insp.	13,20	26,42	57,90
07:39:23:623	insp.	13,53	30,83	66,50
07:39:23:634	insp.	13,91	35,52	75,30
07:39:23:643	insp.	14,29	40,01	84,20
07:39:23:653	insp.	14,54	43,73	93,20
07:39:23:663	insp.	14,68	46,66	102,50
07:39:23:673	insp.	14,87	48,95	111,80
07:39:23:683	insp.	15,06	50,68	121,10
07:39:23:693	insp.	15,16	51,94	130,50
07:39:23:703	insp.	15,20	52,91	139,90
07:39:23:713	insp.	15,29	53,93	149,30
07:39:23:723	insp.	15,37	54,79	158,60
07:39:23:733	insp.	15,43	55,31	167,90
07:39:23:743	insp.	15,49	55,65	177,20
07:39:23:753	insp.	15,57	55,91	186,50
07:39:23:763	insp.	15,59	56,08	195,70
07:39:23:773	insp.	15,59	56,08	204,80
07:39:23:785	insp.	15,61	55,97	213,80
07:39:23:793	insp.	15,66	55,82	222,80
07:39:23:803	insp.	15,72	55,61	231,70
07:39:23:813	insp.	15,72	55,33	240,50
07:39:23:823	insp.	15,76	55,00	249,30
07:39:23:835	insp.	15,83	54,62	257,90
07:39:23:843	insp.	15,88	54,23	266,40
07:39:23:853	insp.	15,93	53,78	274,90
07:39:23:864	insp.	16,00	53,30	283,20
07:39:23:873	insp.	16,11	52,82	291,40
07:39:23:883	insp.	16,25	52,31	299,50
07:39:23:893	insp.	16,38	51,76	307,40
07:39:23:903	insp.	16,53	51,17	315,20
07:39:23:913	insp.	16,69	50,53	322,80
07:39:23:923	insp.	16,85	49,84	330,20
07:39:23:933	insp.	17,01	49,07	337,40
07:39:23:943	insp.	17,10	48,23	344,30
07:39:23:953	insp.	17,22	47,35	351,10
07:39:23:963	insp.	17,25	46,39	357,50
07:39:23:973	insp.	17,22	45,33	363,70
07:39:23:983	insp.	17,41	44,18	369,50
07:39:23:993	insp.	17,66	42,92	374,90
07:39:24:003	insp.	17,59	41,50	379,80
07:39:24:013	insp.	17,27	39,88	384,40
07:39:24:023	insp.	17,22	38,11	388,40
07:39:24:033	insp.	17,52	36,21	391,90
07:39:24:043	insp.	17,77	34,14	394,90
07:39:24:054	exp.	17,66	31,83	397,50
07:39:24:063	exp.	17,34	29,32	399,60
07:39:24:073	exp.	16,89	26,71	401,20
07:39:24:083	exp.	17,47	24,09	401,90
07:39:24:093	exp.	16,43	21,35	401,60
07:39:24:104	exp.	14,29	18,38	400,10
07:39:24:113	exp.	12,48	15,01	397,30
07:39:24:123	exp.	11,14	11,05	392,90
07:39:24:133	exp.	10,28	6,25	386,90
07:39:24:143	exp.	9,85	0,65	379,70
07:39:24:153	exp.	9,67	-5,53	371,60
07:39:24:163	exp.	9,60	-12,06	362,90
07:39:24:173	exp.	9,74	-18,83	353,90
07:39:24:183	exp.	10,03	-25,68	345,00
07:39:24:193	exp.	10,30	-32,19	336,20
07:39:24:203	exp.	10,45	-38,00	327,80
07:39:24:213	exp.	10,48	-42,94	319,90
07:39:24:223	exp.	10,54	-46,75	312,20
07:39:24:233	exp.	10,63	-49,23	304,70
07:39:24:243	exp.	10,60	-50,45	297,60
07:39:24:253	exp.	10,43	-50,56	290,60
07:39:24:263	exp.	10,17	-49,84	283,90
07:39:24:273	exp.	9,93	-48,53	277,30
07:39:24:285	exp.	9,88	-46,92	271,00
07:39:24:294	exp.	9,91	-45,21	264,90
07:39:24:303	exp.	9,84	-43,55	259,00
07:39:24:313	exp.	9,79	-41,95	253,20
07:39:24:323	exp.	9,79	-40,48	247,70
07:39:24:333	exp.	9,76	-39,16	242,20
07:39:24:343	exp.	9,70	-37,94	236,80
07:39:24:353	exp.	9,67	-36,88	231,50
07:39:24:363	exp.	9,67	-35,89	226,30
07:39:24:373	exp.	9,67	-34,93	221,10
07:39:24:383	exp.	9,58	-34,02	216,00
07:39:24:393	exp.	9,53	-33,22	211,00
07:39:24:403	exp.	9,54	-32,50	206,10
07:39:24:413	exp.	9,53	-31,88	201,20
07:39:24:423	exp.	9,49	-31,37	196,40
07:39:24:435	exp.	9,45	-30,93	191,70
07:39:24:443	exp.	9,41	-30,49	187,00
07:39:24:453	exp.	9,34	-30,05	182,40
07:39:24:463	exp.	9,29	-29,64	177,90
07:39:24:473	exp.	9,19	-29,26	173,50
07:39:24:483	exp.	9,09	-28,83	169,20
07:39:24:493	exp.	9,00	-28,37	165,00
07:39:24:503	exp.	8,99	-27,90	161,00
07:39:24:513	exp.	9,05	-27,40	157,00
07:39:24:523	exp.	9,12	-26,84	153,20
07:39:24:533	exp.	9,14	-26,24	149,40
07:39:24:543	exp.	9,16	-25,66	145,70
07:39:24:553	exp.	9,17	-25,07	142,00
07:39:24:563	exp.	9,16	-24,50	138,40
07:39:24:573	exp.	9,12	-23,96	134,80
07:39:24:583	exp.	9,08	-23,44	131,20
07:39:24:593	exp.	9,03	-22,94	127,70
07:39:24:603	exp.	9,01	-22,48	124,30
07:39:24:613	exp.	9,00	-22,09	120,90
07:39:24:623	exp.	8,97	-21,79	117,50
07:39:24:633	exp.	8,90	-21,53	114,10
07:39:24:643	exp.	8,86	-21,31	110,80
07:39:24:653	exp.	8,82	-21,07	107,60
07:39:24:663	exp.	8,80	-20,80	104,40
07:39:24:673	exp.	8,78	-20,51	101,40
07:39:24:683	exp.	8,74	-20,21	98,40
07:39:24:693	exp.	8,71	-19,90	95,40
07:39:24:703	exp.	8,65	-19,59	92,60
07:39:24:713	exp.	8,61	-19,26	89,90
07:39:24:723	exp.	8,61	-18,88	87,20
07:39:24:734	exp.	8,65	-18,43	84,60
07:39:24:743	exp.	8,66	-17,93	82,10
07:39:24:753	exp.	8,66	-17,45	79,60
07:39:24:763	exp.	8,66	-16,98	77,20
07:39:24:773	exp.	8,64	-16,52	74,90
07:39:24:785	exp.	8,64	-16,09	72,60
07:39:24:793	exp.	8,64	-15,68	70,30
07:39:24:803	exp.	8,65	-15,25	68,10
07:39:24:813	exp.	8,66	-14,83	65,90
07:39:24:823	exp.	8,66	-14,45	63,80
07:39:24:835	exp.	8,65	-14,14	61,70
07:39:24:843	exp.	8,65	-13,87	59,60
07:39:24:853	exp.	8,66	-13,60	57,50
07:39:24:864	exp.	8,67	-13,35	55,50
07:39:24:873	exp.	8,64	-13,13	53,40
07:39:24:883	exp.	8,59	-12,93	51,40
07:39:24:893	exp.	8,57	-12,76	49,40
07:39:24:903	exp.	8,60	-12,61	47,40
07:39:24:913	exp.	8,66	-12,49	45,40
07:39:24:923	exp.	8,66	-12,37	43,40
07:39:24:933	exp.	8,59	-12,25	41,50
07:39:24:943	exp.	8,48	-12,17	39,60
07:39:24:953	exp.	8,39	-12,10	37,70
07:39:24:963	exp.	8,37	-12,01	35,90
07:39:24:973	exp.	8,43	-11,87	34,20
07:39:24:983	exp.	8,53	-11,66	32,50
07:39:24:993	exp.	8,60	-11,41	30,90
07:39:25:003	exp.	8,62	-11,17	29,30
07:39:25:013	exp.	8,63	-10,96	27,60
07:39:25:023	exp.	8,63	-10,77	26,00
07:39:25:033	exp.	8,64	-10,57	24,30
07:39:25:043	exp.	8,65	-10,36	22,70
07:39:25:053	exp.	8,65	-10,15	21,00
07:39:25:063	exp.	8,65	-9,98	19,30
07:39:25:073	exp.	8,63	-9,91	17,50
07:39:25:083	exp.	8,59	-9,94	15,70
07:39:25:093	exp.	8,55	-10,03	13,90
07:39:25:103	exp.	8,53	-10,15	12,10
07:39:25:113	exp.	8,48	-10,25	10,30
07:39:25:123	exp.	8,46	-10,34	8,60
07:39:25:133	exp.	8,44	-10,42	6,90
07:39:25:143	exp.	8,39	-10,49	5,20
07:39:25:153	exp.	8,35	-10,55	3,60
07:39:25:163	exp.	8,32	-10,57	2,00
07:39:25:173	exp.	8,30	-10,51	0,50
07:39:25:183	exp.	8,29	-10,37	-0,90
07:39:25:193	exp.	8,21	-10,16	-2,20
07:39:25:203	exp.	8,07	-9,90	-3,40
07:39:25:213	exp.	7,95	-9,58	-4,40
07:39:25:223	exp.	7,87	-9,19	-5,30
07:39:25:233	exp.	7,79	-8,72	-6,10
07:39:25:243	exp.	7,69	-8,19	-6,60
07:39:25:253	exp.	7,55	-7,55	-7,00
07:39:25:263	exp.	7,39	-6,83	-7,10
07:39:25:273	exp.	7,20	-6,02	-7,10
07:39:25:285	exp.	6,99	-5,15	-6,90
07:39:25:294	exp.	6,83	-4,18	-6,50	Débit
07:39:25:305	insp.	6,62	-3,13	0,50
07:39:25:314	insp.	6,80	-2,10	1,20
07:39:25:323	insp.	8,24	-1,10	2,20
07:39:25:333	insp.	9,55	-0,12	3,60
07:39:25:343	insp.	9,62	0,82	6,00
07:39:25:353	insp.	9,62	2,02	9,50
07:39:25:363	insp.	10,35	3,88	14,00
07:39:25:373	insp.	11,10	6,48	19,40
07:39:25:383	insp.	11,51	9,70	25,80
07:39:25:393	insp.	11,81	13,38	33,00
07:39:25:403	insp.	12,27	17,43	40,60
07:39:25:413	insp.	12,72	21,71	48,30
07:39:25:423	insp.	13,06	25,98	56,40
07:39:25:433	insp.	13,36	30,36	65,00
07:39:25:443	insp.	13,79	35,05	73,80
07:39:25:453	insp.	14,18	39,55	82,80
07:39:25:463	insp.	14,47	43,33	91,80
07:39:25:473	insp.	14,69	46,31	101,00
07:39:25:483	insp.	14,88	48,64	110,30
07:39:25:493	insp.	15,10	50,43	119,60
07:39:25:503	insp.	15,22	51,76	129,00
07:39:25:513	insp.	15,28	52,82	138,30
07:39:25:523	insp.	15,38	53,89	147,70
07:39:25:533	insp.	15,47	54,77	157,00
07:39:25:543	insp.	15,49	55,28	166,30
07:39:25:553	insp.	15,51	55,57	175,60
07:39:25:563	insp.	15,56	55,78	184,80
07:39:25:573	insp.	15,59	55,90	193,90
07:39:25:583	insp.	15,61	55,88	203,00
07:39:25:593	insp.	15,61	55,76	212,00
07:39:25:603	insp.	15,61	55,60	220,90
07:39:25:613	insp.	15,63	55,38	229,80
07:39:25:623	insp.	15,67	55,08	238,60
07:39:25:633	insp.	15,71	54,73	247,30
07:39:25:643	insp.	15,78	54,38	255,90
07:39:25:653	insp.	15,86	54,00	264,40
07:39:25:663	insp.	15,92	53,59	272,90
07:39:25:673	insp.	16,00	53,14	281,20
07:39:25:683	insp.	16,08	52,67	289,40
07:39:25:693	insp.	16,19	52,19	297,50
07:39:25:703	insp.	16,31	51,67	305,50
07:39:25:713	insp.	16,46	51,11	313,30
07:39:25:723	insp.	16,62	50,52	320,90
07:39:25:733	insp.	16,77	49,87	328,40
07:39:25:743	insp.	16,94	49,13	335,60
07:39:25:753	insp.	17,12	48,34	342,60
07:39:25:763	insp.	17,22	47,47	349,40
07:39:25:773	insp.	17,18	46,54	355,90
07:39:25:785	insp.	17,13	45,51	362,00
07:39:25:794	insp.	17,34	44,38	367,90
07:39:25:803	insp.	17,58	43,13	373,30
07:39:25:813	insp.	17,58	41,71	378,30
07:39:25:823	insp.	17,37	40,10	382,90
07:39:25:836	insp.	17,37	38,35	387,10
07:39:25:843	insp.	17,70	36,47	390,70
07:39:25:853	insp.	17,79	34,42	393,80
07:39:25:863	insp.	17,40	32,13	396,50
07:39:25:875	exp.	17,10	29,69	398,80
07:39:25:883	exp.	17,34	27,18	400,50
07:39:25:893	exp.	17,00	24,55	401,60
07:39:25:903	exp.	17,48	21,87	402,10
07:39:25:913	exp.	16,24	19,16	401,60
07:39:25:923	exp.	14,07	16,25	400,00
07:39:25:933	exp.	12,34	12,94	397,00
07:39:25:943	exp.	11,10	9,05	392,60
07:39:25:953	exp.	10,17	4,49	386,70
07:39:25:963	exp.	9,71	-0,70	379,50
07:39:25:973	exp.	9,52	-6,57	371,50
07:39:25:983	exp.	9,57	-12,97	362,90
07:39:25:993	exp.	9,80	-19,54	354,00
07:39:26:003	exp.	10,21	-26,07	345,10
07:39:26:013	exp.	10,59	-32,29	336,30
07:39:26:023	exp.	10,69	-37,90	327,80
07:39:26:033	exp.	10,58	-42,73	319,70
07:39:26:043	exp.	10,45	-46,55	311,90
07:39:26:053	exp.	10,36	-49,18	304,40
07:39:26:063	exp.	10,21	-50,59	297,20
07:39:26:073	exp.	10,06	-50,80	290,40
07:39:26:083	exp.	10,01	-50,05	283,90
07:39:26:093	exp.	10,03	-48,67	277,60
07:39:26:103	exp.	10,08	-46,91	271,50
07:39:26:113	exp.	10,08	-45,09	265,60
07:39:26:123	exp.	10,01	-43,28	259,80
07:39:26:133	exp.	9,90	-41,48	254,30
07:39:26:143	exp.	9,79	-39,82	248,80
07:39:26:153	exp.	9,73	-38,31	243,40
07:39:26:163	exp.	9,71	-36,97	238,00
07:39:26:173	exp.	9,68	-35,80	232,80
07:39:26:183	exp.	9,66	-34,79	227,60
07:39:26:193	exp.	9,62	-33,96	222,40
07:39:26:203	exp.	9,59	-33,26	217,30
07:39:26:213	exp.	9,56	-32,66	212,20
07:39:26:223	exp.	9,53	-32,19	207,20
07:39:26:233	exp.	9,49	-31,78	202,30
07:39:26:243	exp.	9,47	-31,37	197,40
07:39:26:253	exp.	9,43	-30,99	192,70
07:39:26:263	exp.	9,41	-30,59	188,10
07:39:26:273	exp.	9,40	-30,19	183,50
07:39:26:285	exp.	9,36	-29,78	179,10
07:39:26:294	exp.	9,29	-29,36	174,70
07:39:26:303	exp.	9,23	-28,90	170,40
07:39:26:313	exp.	9,17	-28,41	166,10
07:39:26:323	exp.	9,10	-27,91	161,90
07:39:26:333	exp.	9,04	-27,41	157,80
07:39:26:343	exp.	9,01	-26,91	153,90
07:39:26:353	exp.	9,02	-26,39	150,00
07:39:26:363	exp.	9,08	-25,88	146,20
07:39:26:373	exp.	9,12	-25,39	142,40
07:39:26:383	exp.	9,14	-24,89	138,80
07:39:26:393	exp.	9,11	-24,40	135,20
07:39:26:403	exp.	9,05	-23,93	131,60
07:39:26:413	exp.	9,02	-23,47	128,10
07:39:26:423	exp.	9,00	-23,01	124,70
07:39:26:433	exp.	8,99	-22,55	121,30
07:39:26:443	exp.	8,99	-22,10	117,90
07:39:26:453	exp.	8,98	-21,71	114,60
07:39:26:463	exp.	8,93	-21,35	111,30
07:39:26:473	exp.	8,87	-21,05	108,10
07:39:26:484	exp.	8,82	-20,77	104,90
07:39:26:493	exp.	8,79	-20,49	101,80
07:39:26:503	exp.	8,78	-20,20	98,70
07:39:26:513	exp.	8,75	-19,90	95,70
07:39:26:523	exp.	8,70	-19,60	92,80
07:39:26:533	exp.	8,66	-19,30	90,00
07:39:26:543	exp.	8,63	-18,99	87,20
07:39:26:553	exp.	8,62	-18,66	84,50
07:39:26:563	exp.	8,64	-18,28	82,00
07:39:26:573	exp.	8,67	-17,84	79,50
07:39:26:583	exp.	8,67	-17,38	77,00
07:39:26:593	exp.	8,67	-16,93	74,60
07:39:26:603	exp.	8,65	-16,48	72,30
07:39:26:613	exp.	8,65	-16,04	70,00
07:39:26:623	exp.	8,65	-15,61	67,70
07:39:26:633	exp.	8,65	-15,20	65,50
07:39:26:643	exp.	8,64	-14,80	63,30
07:39:26:653	exp.	8,63	-14,42	61,20
07:39:26:663	exp.	8,63	-14,10	59,00
07:39:26:673	exp.	8,63	-13,83	56,90
07:39:26:683	exp.	8,64	-13,60	54,80
07:39:26:693	exp.	8,65	-13,38	52,80
07:39:26:703	exp.	8,66	-13,18	50,70
07:39:26:713	exp.	8,66	-13,01	48,60
07:39:26:723	exp.	8,62	-12,87	46,60
07:39:26:733	exp.	8,59	-12,75	44,50
07:39:26:743	exp.	8,59	-12,64	42,60
07:39:26:753	exp.	8,63	-12,53	40,60
07:39:26:763	exp.	8,65	-12,41	38,60
07:39:26:773	exp.	8,60	-12,30	36,70
07:39:26:785	exp.	8,50	-12,20	34,80
07:39:26:794	exp.	8,39	-12,12	32,90
07:39:26:804	exp.	8,37	-12,02	31,10
07:39:26:813	exp.	8,43	-11,88	29,40
07:39:26:823	exp.	8,53	-11,68	27,70
07:39:26:835	exp.	8,60	-11,44	26,00
07:39:26:843	exp.	8,62	-11,21	24,30
07:39:26:853	exp.	8,62	-11,02	22,60
07:39:26:864	exp.	8,60	-10,86	20,90
07:39:26:873	exp.	8,60	-10,71	19,20
07:39:26:883	exp.	8,61	-10,55	17,50
07:39:26:893	exp.	8,62	-10,37	15,80
07:39:26:903	exp.	8,60	-10,22	14,10
07:39:26:913	exp.	8,56	-10,14	12,40
07:39:26:923	exp.	8,51	-10,12	10,70
07:39:26:933	exp.	8,48	-10,15	9,00
07:39:26:943	exp.	8,41	-10,19	7,30
07:39:26:953	exp.	8,34	-10,23	5,70
07:39:26:963	exp.	8,21	-10,22	4,10
07:39:26:973	exp.	8,07	-10,18	2,70
07:39:26:983	exp.	7,95	-10,10	1,40
07:39:26:993	exp.	7,82	-9,95	0,30
07:39:27:003	exp.	7,71	-9,69	-0,60
07:39:27:013	exp.	7,59	-9,29	-1,20
07:39:27:023	exp.	7,46	-8,75	-1,70
07:39:27:033	exp.	7,31	-8,05	-1,90
07:39:27:043	maintien de la pause exp.	7,11	-7,19	-1,80	Débit
07:39:27:054	maintien de la pause exp.	6,90	-6,18	-1,50
07:39:27:063	maintien de la pause exp.	6,69	-5,03	-1,10
07:39:27:073	maintien de la pause exp.	6,39	-3,79	-0,50
07:39:27:083	maintien de la pause exp.	6,13	-2,50	0,10
07:39:27:093	maintien de la pause exp.	5,98	-1,24	0,70
07:39:27:103	maintien de la pause exp.	5,84	-0,06	1,20
07:39:27:113	maintien de la pause exp.	5,68	0,94	1,70
07:39:27:123	maintien de la pause exp.	5,49	1,72	2,00
07:39:27:133	maintien de la pause exp.	5,27	2,28	2,40
07:39:27:143	maintien de la pause exp.	5,05	2,64	2,70
07:39:27:153	maintien de la pause exp.	4,84	2,83	3,10
07:39:27:163	maintien de la pause exp.	4,65	2,89	3,40
07:39:27:173	maintien de la pause exp.	4,46	2,86	3,80
07:39:27:183	maintien de la pause exp.	4,25	2,76	4,20
07:39:27:193	maintien de la pause exp.	4,04	2,57	4,60
07:39:27:203	maintien de la pause exp.	3,87	2,38	5,00
07:39:27:213	maintien de la pause exp.	3,71	2,22	5,30
07:39:27:223	maintien de la pause exp.	3,55	2,14	5,60
07:39:27:233	maintien de la pause exp.	3,34	2,12	6,00
07:39:27:243	maintien de la pause exp.	3,08	2,14	6,40
07:39:27:253	maintien de la pause exp.	2,83	2,18	6,70
07:39:27:263	maintien de la pause exp.	2,64	2,20	7,10
07:39:27:273	maintien de la pause exp.	2,55	2,21	7,50
07:39:27:285	maintien de la pause exp.	2,51	2,23	7,80
07:39:27:293	maintien de la pause exp.	2,46	2,24	8,10
07:39:27:303	maintien de la pause exp.	2,36	2,21	8,30
07:39:27:313	maintien de la pause exp.	2,22	2,11	8,50
07:39:27:323	maintien de la pause exp.	2,05	1,97	8,70
07:39:27:333	maintien de la pause exp.	1,89	1,83	8,90
07:39:27:343	maintien de la pause exp.	1,77	1,73	9,10
07:39:27:353	maintien de la pause exp.	1,67	1,69	9,40
07:39:27:363	maintien de la pause exp.	1,57	1,66	9,70
07:39:27:373	maintien de la pause exp.	1,47	1,61	9,90
07:39:27:383	maintien de la pause exp.	1,34	1,51	9,90
07:39:27:393	maintien de la pause exp.	1,21	1,39	9,90
07:39:27:403	maintien de la pause exp.	1,09	1,31	9,90
07:39:27:413	maintien de la pause exp.	1,01	1,31	9,90
07:39:27:423	maintien de la pause exp.	0,94	1,37	9,90
07:39:27:435	maintien de la pause exp.	0,88	1,46	9,90
07:39:27:443	maintien de la pause exp.	0,81	1,49	9,90
07:39:27:453	maintien de la pause exp.	0,74	1,46	9,90
07:39:27:463	maintien de la pause exp.	0,69	1,37	9,90
07:39:27:473	maintien de la pause exp.	0,67	1,27	9,90
07:39:27:483	maintien de la pause exp.	0,68	1,19	9,90
07:39:27:493	maintien de la pause exp.	0,71	1,13	9,90
07:39:27:503	maintien de la pause exp.	0,75	1,07	9,90
07:39:27:513	maintien de la pause exp.	0,78	0,98	9,90
07:39:27:523	maintien de la pause exp.	0,83	0,86	9,90
07:39:27:533	maintien de la pause exp.	0,90	0,70	9,90
07:39:27:543	maintien de la pause exp.	1,01	0,55	9,80
07:39:27:553	maintien de la pause exp.	1,17	0,41	9,70
07:39:27:563	maintien de la pause exp.	1,36	0,29	9,60
07:39:27:573	maintien de la pause exp.	1,58	0,16	9,40
07:39:27:583	maintien de la pause exp.	1,82	-0,02	9,20
07:39:27:593	maintien de la pause exp.	2,12	-0,23	8,90
07:39:27:603	maintien de la pause exp.	2,48	-0,46	8,50
07:39:27:613	maintien de la pause exp.	2,91	-0,71	8,00
07:39:27:623	maintien de la pause exp.	3,40	-0,97	7,40
07:39:27:633	maintien de la pause exp.	3,89	-1,25	6,80
07:39:27:643	maintien de la pause exp.	4,39	-1,60	6,10
07:39:27:653	maintien de la pause exp.	4,88	-2,00	5,30
07:39:27:663	maintien de la pause exp.	5,39	-2,45	4,50
07:39:27:673	maintien de la pause exp.	5,88	-2,90	3,70
07:39:27:683	maintien de la pause exp.	6,31	-3,32	2,80
07:39:27:693	maintien de la pause exp.	6,64	-3,71	2,10
07:39:27:703	maintien de la pause exp.	6,86	-4,05	1,40
07:39:27:713	maintien de la pause exp.	7,03	-4,32	0,80
07:39:27:723	maintien de la pause exp.	7,22	-4,49	0,30
07:39:27:733	maintien de la pause exp.	7,46	-4,51	-0,20
07:39:27:743	maintien de la pause exp.	7,72	-4,39	-0,50
07:39:27:753	maintien de la pause exp.	7,97	-4,15	-0,90
07:39:27:763	maintien de la pause exp.	8,17	-3,87	-1,30
07:39:27:773	maintien de la pause exp.	8,28	-3,59	-1,70
07:39:27:785	maintien de la pause exp.	8,37	-3,34	-2,00
07:39:27:794	maintien de la pause exp.	8,46	-3,08	-2,30
07:39:27:804	maintien de la pause exp.	8,55	-2,78	-2,60
07:39:27:813	maintien de la pause exp.	8,66	-2,47	-2,80
07:39:27:823	maintien de la pause exp.	8,77	-2,17	-3,00
07:39:27:835	maintien de la pause exp.	8,83	-1,94	-3,20
07:39:27:843	maintien de la pause exp.	8,87	-1,81	-3,30
07:39:27:853	maintien de la pause exp.	8,88	-1,74	-3,50
07:39:27:864	maintien de la pause exp.	8,87	-1,67	-3,60
07:39:27:873	maintien de la pause exp.	8,87	-1,53	-3,70
07:39:27:883	maintien de la pause exp.	8,88	-1,33	-3,70
07:39:27:893	maintien de la pause exp.	8,87	-1,09	-3,80
07:39:27:903	maintien de la pause exp.	8,84	-0,89	-3,80
07:39:27:913	maintien de la pause exp.	8,82	-0,74	-3,80
07:39:27:923	maintien de la pause exp.	8,80	-0,64	-3,80
07:39:27:933	maintien de la pause exp.	8,82	-0,55	-3,80
07:39:27:943	maintien de la pause exp.	8,87	-0,43	-3,80
07:39:27:953	maintien de la pause exp.	8,91	-0,31	-3,90
07:39:27:963	maintien de la pause exp.	8,96	-0,20	-3,90
07:39:27:973	maintien de la pause exp.	8,98	-0,14	-4,00
07:39:27:983	maintien de la pause exp.	8,99	-0,14	-4,10
07:39:27:993	maintien de la pause exp.	8,99	-0,18	-4,20
07:39:28:003	maintien de la pause exp.	8,99	-0,23	-4,20
07:39:28:013	maintien de la pause exp.	9,01	-0,26	-4,30
07:39:28:023	maintien de la pause exp.	9,04	-0,28	-4,30
07:39:28:033	maintien de la pause exp.	9,07	-0,29	-4,30
07:39:28:043	maintien de la pause exp.	9,09	-0,31	-4,40
07:39:28:053	maintien de la pause exp.	9,09	-0,34	-4,40
07:39:28:063	maintien de la pause exp.	9,10	-0,37	-4,50
07:39:28:073	maintien de la pause exp.	9,10	-0,38	-4,50
07:39:28:083	maintien de la pause exp.	9,10	-0,35	-4,60
07:39:28:093	maintien de la pause exp.	9,10	-0,31	-4,60
07:39:28:103	maintien de la pause exp.	9,09	-0,26	-4,60
07:39:28:113	maintien de la pause exp.	9,07	-0,22	-4,60
07:39:28:123	maintien de la pause exp.	9,09	-0,20	-4,60
07:39:28:133	maintien de la pause exp.	9,13	-0,18	-4,60
07:39:28:143	maintien de la pause exp.	9,14	-0,16	-4,60
07:39:28:153	maintien de la pause exp.	9,09	-0,15	-4,70
07:39:28:163	maintien de la pause exp.	8,97	-0,15	-4,70
07:39:28:173	maintien de la pause exp.	8,86	-0,14	-4,70
07:39:28:183	maintien de la pause exp.	8,82	-0,11	-4,70
07:39:28:193	maintien de la pause exp.	8,86	-0,04	-4,70
07:39:28:203	maintien de la pause exp.	8,98	0,06	-4,70
07:39:28:213	maintien de la pause exp.	9,09	0,16	-4,70
07:39:28:223	maintien de la pause exp.	9,16	0,19	-4,70
07:39:28:233	maintien de la pause exp.	9,18	0,16	-4,80
07:39:28:243	maintien de la pause exp.	9,18	0,05	-5,00
07:39:28:253	maintien de la pause exp.	9,18	-0,05	-5,10
07:39:28:263	maintien de la pause exp.	9,22	-0,11	-5,20
07:39:28:273	maintien de la pause exp.	9,26	-0,12	-5,20
07:39:28:285	maintien de la pause exp.	9,29	-0,13	-5,20
07:39:28:293	maintien de la pause exp.	9,30	-0,19	-5,30
07:39:28:303	maintien de la pause exp.	9,28	-0,29	-5,30
07:39:28:313	maintien de la pause exp.	9,23	-0,42	-5,30
07:39:28:323	maintien de la pause exp.	9,20	-0,49	-5,30
07:39:28:333	maintien de la pause exp.	9,19	-0,47	-5,30
07:39:28:343	maintien de la pause exp.	9,19	-0,35	-5,30
07:39:28:353	maintien de la pause exp.	9,17	-0,20	-5,30
07:39:28:363	maintien de la pause exp.	9,13	-0,09	-5,30
07:39:28:373	maintien de la pause exp.	9,08	-0,03	-5,30
07:39:28:385	insp.	9,03	-0,01	0,00
07:39:28:393	insp.	9,00	0,01	0,10
07:39:28:403	insp.	9,12	0,06	0,10
07:39:28:413	insp.	9,21	0,13	0,20
07:39:28:423	insp.	9,57	0,20	0,30
07:39:28:433	insp.	10,04	0,20	0,60
07:39:28:443	insp.	10,92	0,16	1,30
07:39:28:453	insp.	11,29	0,21	2,50
07:39:28:463	insp.	11,17	0,51	4,60
07:39:28:473	insp.	11,46	1,32	7,40
07:39:28:484	insp.	12,19	2,82	11,00
07:39:28:493	insp.	12,65	4,86	15,10
07:39:28:503	insp.	12,91	7,32	19,80
07:39:28:513	insp.	13,28	10,06	24,80
07:39:28:523	insp.	13,65	13,01	30,10
07:39:28:533	insp.	13,97	16,12	35,50
07:39:28:543	insp.	14,24	19,33	41,20
07:39:28:553	insp.	14,50	22,64	47,20
07:39:28:563	insp.	14,73	25,92	53,30
07:39:28:573	insp.	14,98	28,75	59,50
07:39:28:583	insp.	15,20	30,95	65,80
07:39:28:593	insp.	15,39	32,68	72,10
07:39:28:603	insp.	15,55	34,01	78,50
07:39:28:613	insp.	15,63	35,06	84,80
07:39:28:623	insp.	15,69	35,89	91,20
07:39:28:633	insp.	15,80	36,61	97,50
07:39:28:643	insp.	15,86	37,25	103,90
07:39:28:653	insp.	15,90	37,67	110,10
07:39:28:663	insp.	16,05	37,86	116,30
07:39:28:673	insp.	16,21	37,96	122,40
07:39:28:683	insp.	16,30	37,96	128,40
07:39:28:693	insp.	16,36	37,82	134,30
07:39:28:703	insp.	16,45	37,56	140,10
07:39:28:713	insp.	16,55	37,23	145,70
07:39:28:723	insp.	16,58	36,83	151,20
07:39:28:733	insp.	16,60	36,35	156,60
07:39:28:743	insp.	16,64	35,80	161,80
07:39:28:753	insp.	16,67	35,20	166,90
07:39:28:763	insp.	16,67	34,51	171,90
07:39:28:773	insp.	16,63	33,75	176,70
07:39:28:785	insp.	16,60	32,97	181,40
07:39:28:793	insp.	16,59	32,19	185,90
07:39:28:803	insp.	16,57	31,40	190,30
07:39:28:813	insp.	16,57	30,59	194,60
07:39:28:823	insp.	16,55	29,79	198,80
07:39:28:833	insp.	16,49	28,99	202,80
07:39:28:843	insp.	16,44	28,16	206,70
07:39:28:854	insp.	16,44	27,33	210,50
07:39:28:863	insp.	16,44	26,54	214,20
07:39:28:873	insp.	16,42	25,77	217,80
07:39:28:883	insp.	16,36	25,03	221,30
07:39:28:893	insp.	16,25	24,29	224,70
07:39:28:903	insp.	16,12	23,57	228,10
07:39:28:913	insp.	16,00	22,88	231,40
07:39:28:923	insp.	15,89	22,25	234,70
07:39:28:933	insp.	15,81	21,68	237,90
07:39:28:943	insp.	15,72	21,20	241,20
07:39:28:953	insp.	15,65	20,77	244,40
07:39:28:963	insp.	15,56	20,39	247,60
07:39:28:973	insp.	15,46	20,06	250,90
07:39:28:983	insp.	15,38	19,81	254,10
07:39:28:993	insp.	15,32	19,63	257,50
07:39:29:003	insp.	15,29	19,55	260,80
07:39:29:013	insp.	15,22	19,54	264,20
07:39:29:023	insp.	15,16	19,58	267,70
07:39:29:033	insp.	15,11	19,68	271,30
07:39:29:043	insp.	15,10	19,83	274,90
07:39:29:053	insp.	15,09	20,04	278,60
07:39:29:063	insp.	15,08	20,31	282,40
07:39:29:073	insp.	15,02	20,63	286,30
07:39:29:083	insp.	14,90	20,99	290,30
07:39:29:093	insp.	14,84	21,40	294,40
07:39:29:103	insp.	14,87	21,85	298,60
07:39:29:113	insp.	14,97	22,34	302,80
07:39:29:123	insp.	15,08	22,88	307,20
07:39:29:133	insp.	15,18	23,44	311,60
07:39:29:143	insp.	15,29	23,98	316,10
07:39:29:153	insp.	15,37	24,49	320,60
07:39:29:163	insp.	15,42	24,97	325,10
07:39:29:173	insp.	15,49	25,44	329,70
07:39:29:183	insp.	15,54	25,91	334,40
07:39:29:193	insp.	15,56	26,35	339,00
07:39:29:203	insp.	15,58	26,72	343,70
07:39:29:213	insp.	15,58	27,02	348,40
07:39:29:223	insp.	15,62	27,27	353,10
07:39:29:233	insp.	15,62	27,48	357,80
07:39:29:243	insp.	15,60	27,65	362,50
07:39:29:253	insp.	15,61	27,83	367,30
07:39:29:263	insp.	15,64	27,98	372,00
07:39:29:273	insp.	15,62	28,10	376,70
07:39:29:285	insp.	15,58	28,19	381,50
07:39:29:293	insp.	15,58	28,25	386,20
07:39:29:303	insp.	15,59	28,30	391,00
07:39:29:313	insp.	15,61	28,34	395,70
07:39:29:323	insp.	15,68	28,39	400,40
07:39:29:333	insp.	15,75	28,41	405,10
07:39:29:343	insp.	15,83	28,43	409,80
07:39:29:353	insp.	15,90	28,42	414,50
07:39:29:363	insp.	15,96	28,37	419,10
07:39:29:373	insp.	16,11	28,31	423,60
07:39:29:383	insp.	16,22	28,24	428,10
07:39:29:393	insp.	16,32	28,12	432,50
07:39:29:403	insp.	16,47	27,95	436,80
07:39:29:413	insp.	16,65	27,73	440,90
07:39:29:423	insp.	16,79	27,44	445,00
07:39:29:433	insp.	16,93	27,07	448,90
07:39:29:443	insp.	17,11	26,61	452,60
07:39:29:453	insp.	17,27	26,09	456,10
07:39:29:463	insp.	17,45	25,48	459,40
07:39:29:473	insp.	17,60	24,76	462,40
07:39:29:483	insp.	17,58	23,94	465,20
07:39:29:493	insp.	17,47	23,02	467,70
07:39:29:503	insp.	17,66	21,95	469,70
07:39:29:513	exp.	18,05	20,75	471,20
07:39:29:523	exp.	17,93	19,31	472,30
07:39:29:533	exp.	18,21	17,58	473,00
07:39:29:543	exp.	17,92	15,79	472,80
07:39:29:553	exp.	15,92	13,78	471,90
07:39:29:563	exp.	13,71	11,50	469,80
07:39:29:573	exp.	12,06	8,83	466,40
07:39:29:583	exp.	10,62	5,50	461,50
07:39:29:593	exp.	9,80	1,30	455,00
07:39:29:603	exp.	9,66	-3,86	447,40
07:39:29:613	exp.	9,79	-9,86	438,70
07:39:29:623	exp.	9,99	-16,21	429,50
07:39:29:634	exp.	10,33	-22,68	420,20
07:39:29:643	exp.	10,61	-29,14	410,80
07:39:29:653	exp.	10,73	-35,25	401,60
07:39:29:663	exp.	10,85	-40,85	392,70
07:39:29:673	exp.	10,88	-45,72	384,20
07:39:29:683	exp.	10,84	-49,53	375,90
07:39:29:693	exp.	10,79	-52,12	367,90
07:39:29:703	exp.	10,71	-53,42	360,10
07:39:29:713	exp.	10,59	-53,55	352,40
07:39:29:723	exp.	10,44	-52,93	344,80
07:39:29:733	exp.	10,34	-51,77	337,30
07:39:29:743	exp.	10,20	-50,44	330,00
07:39:29:753	exp.	10,12	-49,07	322,90
07:39:29:763	exp.	10,08	-47,75	316,00
07:39:29:773	exp.	10,03	-46,51	309,30
07:39:29:785	exp.	9,94	-45,41	302,90
07:39:29:793	exp.	9,92	-44,35	296,80
07:39:29:803	exp.	9,90	-43,25	290,80
07:39:29:813	exp.	9,90	-42,14	285,10
07:39:29:823	exp.	9,89	-41,00	279,40
07:39:29:836	exp.	9,81	-39,80	273,90
07:39:29:843	exp.	9,75	-38,59	268,40
07:39:29:853	exp.	9,75	-37,40	263,00
07:39:29:863	exp.	9,76	-36,31	257,60
07:39:29:873	exp.	9,75	-35,30	252,30
07:39:29:883	exp.	9,72	-34,41	247,00
07:39:29:893	exp.	9,66	-33,66	241,80
07:39:29:903	exp.	9,62	-33,07	236,60
07:39:29:913	exp.	9,58	-32,62	231,50
07:39:29:923	exp.	9,56	-32,27	226,40
07:39:29:933	exp.	9,54	-31,94	221,40
07:39:29:943	exp.	9,49	-31,64	216,50
07:39:29:953	exp.	9,46	-31,36	211,60
07:39:29:963	exp.	9,43	-31,03	206,80
07:39:29:973	exp.	9,32	-30,69	202,10
07:39:29:983	exp.	9,27	-30,35	197,40
07:39:29:993	exp.	9,26	-29,97	192,90
07:39:30:003	exp.	9,19	-29,59	188,40
07:39:30:013	exp.	9,12	-29,18	184,00
07:39:30:023	exp.	9,09	-28,75	179,70
07:39:30:033	exp.	9,07	-28,29	175,60
07:39:30:043	exp.	9,07	-27,80	171,50
07:39:30:053	exp.	9,11	-27,29	167,50
07:39:30:063	exp.	9,15	-26,75	163,60
07:39:30:073	exp.	9,14	-26,18	159,80
07:39:30:083	exp.	9,12	-25,64	156,00
07:39:30:093	exp.	9,10	-25,12	152,30
07:39:30:103	exp.	9,12	-24,58	148,70
07:39:30:113	exp.	9,14	-24,03	145,10
07:39:30:123	exp.	9,10	-23,51	141,50
07:39:30:133	exp.	9,04	-23,05	138,00
07:39:30:143	exp.	9,00	-22,65	134,50
07:39:30:153	exp.	8,94	-22,30	131,10
07:39:30:163	exp.	8,88	-21,99	127,60
07:39:30:173	exp.	8,85	-21,72	124,30
07:39:30:184	exp.	8,84	-21,43	121,00
07:39:30:193	exp.	8,81	-21,12	117,80
07:39:30:203	exp.	8,77	-20,84	114,70
07:39:30:213	exp.	8,73	-20,58	111,60
07:39:30:223	exp.	8,71	-20,29	108,60
07:39:30:233	exp.	8,70	-19,98	105,70
07:39:30:243	exp.	8,70	-19,63	102,80
07:39:30:253	exp.	8,69	-19,25	100,00
07:39:30:263	exp.	8,69	-18,83	97,30
07:39:30:273	exp.	8,70	-18,38	94,70
07:39:30:285	exp.	8,71	-17,96	92,10
07:39:30:294	exp.	8,70	-17,57	89,50
07:39:30:304	exp.	8,68	-17,18	86,90
07:39:30:313	exp.	8,68	-16,79	84,40
07:39:30:323	exp.	8,69	-16,43	81,90
07:39:30:333	exp.	8,70	-16,10	79,50
07:39:30:343	exp.	8,70	-15,80	77,10
07:39:30:353	exp.	8,70	-15,52	74,70
07:39:30:363	exp.	8,70	-15,29	72,30
07:39:30:373	exp.	8,69	-15,10	70,00
07:39:30:383	exp.	8,68	-14,90	67,70
07:39:30:393	exp.	8,67	-14,71	65,40
07:39:30:403	exp.	8,66	-14,53	63,10
07:39:30:413	exp.	8,65	-14,36	60,80
07:39:30:423	exp.	8,63	-14,21	58,60
07:39:30:436	exp.	8,63	-14,07	56,30
07:39:30:443	exp.	8,65	-13,94	54,10
07:39:30:453	exp.	8,67	-13,81	51,90
07:39:30:463	exp.	8,63	-13,69	49,70
07:39:30:473	exp.	8,55	-13,60	47,60
07:39:30:483	exp.	8,46	-13,51	45,50
07:39:30:493	exp.	8,45	-13,42	43,40
07:39:30:503	exp.	8,50	-13,28	41,50
07:39:30:513	exp.	8,56	-13,11	39,50
07:39:30:523	exp.	8,62	-12,89	37,60
07:39:30:533	exp.	8,65	-12,68	35,70
07:39:30:543	exp.	8,67	-12,48	33,70
07:39:30:553	exp.	8,68	-12,31	31,80
07:39:30:563	exp.	8,68	-12,16	29,80
07:39:30:573	exp.	8,68	-11,99	27,90
07:39:30:583	exp.	8,67	-11,81	26,00
07:39:30:593	exp.	8,66	-11,68	24,10
07:39:30:603	exp.	8,63	-11,59	22,10
07:39:30:613	exp.	8,59	-11,57	20,20
07:39:30:623	exp.	8,53	-11,59	18,30
07:39:30:633	exp.	8,47	-11,62	16,40
07:39:30:643	exp.	8,40	-11,61	14,60
07:39:30:653	exp.	8,29	-11,58	12,80
07:39:30:663	exp.	8,16	-11,51	11,20
07:39:30:673	exp.	8,02	-11,40	9,70
07:39:30:683	exp.	7,91	-11,23	8,30
07:39:30:693	exp.	7,84	-10,95	7,20
07:39:30:703	exp.	7,76	-10,55	6,30
07:39:30:713	exp.	7,65	-10,01	5,60
07:39:30:723	exp.	7,52	-9,34	5,10
07:39:30:733	exp.	7,36	-8,53	4,90
07:39:30:743	exp.	7,18	-7,58	4,90
07:39:30:755	insp.	6,97	-6,51	0,20	Débit
07:39:30:763	insp.	6,78	-5,31	0,60
07:39:30:773	insp.	6,59	-4,02	1,10
07:39:30:785	insp.	6,81	-2,76	1,90
07:39:30:794	insp.	8,44	-1,57	2,90
07:39:30:803	insp.	9,72	-0,42	4,40
07:39:30:813	insp.	9,70	0,65	6,90
07:39:30:823	insp.	9,70	1,98	10,50
07:39:30:833	insp.	10,41	3,98	15,20
07:39:30:843	insp.	11,13	6,72	20,70
07:39:30:853	insp.	11,51	10,06	27,20
07:39:30:864	insp.	11,88	13,87	34,60
07:39:30:873	insp.	12,41	18,01	42,30
07:39:30:883	insp.	12,90	22,36	50,10
07:39:30:893	insp.	13,23	26,67	58,30
07:39:30:903	insp.	13,51	31,08	66,90
07:39:30:913	insp.	13,87	35,77	75,70
07:39:30:923	insp.	14,14	40,24	84,70
07:39:30:933	insp.	14,32	43,94	93,90
07:39:30:943	insp.	14,47	46,86	103,20
07:39:30:953	insp.	14,69	49,15	112,60
07:39:30:963	insp.	14,93	50,91	122,00
07:39:30:973	insp.	15,09	52,21	131,50
07:39:30:983	insp.	15,21	53,28	141,00
07:39:30:993	insp.	15,36	54,38	150,50
07:39:31:003	insp.	15,47	55,28	159,90
07:39:31:013	insp.	15,54	55,83	169,30
07:39:31:023	insp.	15,64	56,18	178,60
07:39:31:033	insp.	15,74	56,47	187,90
07:39:31:043	insp.	15,85	56,62	197,10
07:39:31:053	insp.	15,86	56,59	206,20
07:39:31:063	insp.	15,88	56,41	215,20
07:39:31:073	insp.	15,88	56,15	224,10
07:39:31:083	insp.	15,93	55,82	232,90
07:39:31:093	insp.	15,99	55,42	241,60
07:39:31:103	insp.	16,06	54,98	250,10
07:39:31:113	insp.	16,09	54,50	258,60
07:39:31:123	insp.	16,15	53,96	266,90
07:39:31:133	insp.	16,23	53,35	275,10
07:39:31:143	insp.	16,33	52,70	283,10
07:39:31:153	insp.	16,43	52,02	291,00
07:39:31:163	insp.	16,56	51,32	298,70
07:39:31:173	insp.	16,70	50,59	306,20
07:39:31:183	insp.	16,83	49,81	313,60
07:39:31:193	insp.	16,97	48,96	320,70
07:39:31:203	insp.	17,14	48,04	327,60
07:39:31:213	insp.	17,25	47,06	334,20
07:39:31:223	insp.	17,24	46,02	340,60
07:39:31:234	insp.	17,11	44,91	346,60
07:39:31:243	insp.	17,20	43,72	352,30
07:39:31:253	insp.	17,51	42,44	357,60
07:39:31:263	insp.	17,66	40,99	362,40
07:39:31:273	insp.	17,47	39,34	366,80
07:39:31:285	insp.	17,25	37,52	370,80
07:39:31:293	insp.	17,39	35,59	374,30
07:39:31:303	insp.	17,69	33,52	377,30
07:39:31:315	exp.	17,69	31,26	379,80
07:39:31:323	exp.	17,03	28,82	382,00
07:39:31:333	exp.	16,98	26,27	383,80
07:39:31:343	exp.	16,91	23,83	384,50
07:39:31:353	exp.	15,34	21,20	384,20
07:39:31:365	exp.	13,39	18,32	382,70
07:39:31:373	exp.	11,82	15,07	379,80
07:39:31:384	exp.	10,64	11,16	375,30
07:39:31:393	exp.	9,80	6,32	369,10
07:39:31:403	exp.	9,41	0,56	362,00
07:39:31:413	exp.	9,45	-5,75	354,10
07:39:31:423	exp.	9,72	-12,17	345,60
07:39:31:433	exp.	9,93	-18,79	336,90
07:39:31:443	exp.	10,17	-25,52	328,40
07:39:31:453	exp.	10,50	-31,81	320,00
07:39:31:463	exp.	10,67	-37,42	311,90
07:39:31:473	exp.	10,69	-42,19	304,10
07:39:31:483	exp.	10,61	-45,83	296,60
07:39:31:493	exp.	10,41	-48,10	289,30
07:39:31:503	exp.	10,22	-49,01	282,30
07:39:31:513	exp.	10,14	-48,91	275,50
07:39:31:523	exp.	10,10	-48,28	268,90
07:39:31:533	exp.	10,13	-47,05	262,40
07:39:31:543	exp.	10,09	-45,54	256,10
07:39:31:553	exp.	9,92	-44,06	250,10
07:39:31:563	exp.	9,80	-42,63	244,20
07:39:31:573	exp.	9,81	-41,23	238,60
07:39:31:583	exp.	9,78	-39,86	233,00
07:39:31:593	exp.	9,68	-38,59	227,60
07:39:31:603	exp.	9,66	-37,43	222,30
07:39:31:613	exp.	9,67	-36,35	217,10
07:39:31:623	exp.	9,63	-35,36	211,80
07:39:31:633	exp.	9,53	-34,53	206,70
07:39:31:643	exp.	9,49	-33,75	201,70
07:39:31:653	exp.	9,51	-32,93	196,80
07:39:31:663	exp.	9,54	-32,17	192,00
07:39:31:673	exp.	9,52	-31,53	187,20
07:39:31:683	exp.	9,44	-30,99	182,60
07:39:31:693	exp.	9,35	-30,50	178,00
07:39:31:703	exp.	9,34	-30,04	173,50
07:39:31:713	exp.	9,36	-29,60	169,00
07:39:31:723	exp.	9,35	-29,09	164,70
07:39:31:733	exp.	9,28	-28,54	160,40
07:39:31:743	exp.	9,22	-28,00	156,10
07:39:31:753	exp.	9,19	-27,55	151,90
07:39:31:763	exp.	9,16	-27,13	147,80
07:39:31:773	exp.	9,14	-26,71	143,70
07:39:31:785	exp.	9,12	-26,29	139,80
07:39:31:793	exp.	9,09	-25,87	135,90
07:39:31:803	exp.	9,05	-25,45	132,00
07:39:31:813	exp.	9,03	-25,06	128,30
07:39:31:823	exp.	9,04	-24,67	124,60
07:39:31:833	exp.	9,04	-24,28	120,90
07:39:31:843	exp.	9,00	-23,87	117,40
07:39:31:853	exp.	8,90	-23,47	113,90
07:39:31:863	exp.	8,79	-23,06	110,50
07:39:31:873	exp.	8,72	-22,63	107,20
07:39:31:883	exp.	8,74	-22,18	104,00
07:39:31:893	exp.	8,81	-21,70	100,90
07:39:31:903	exp.	8,87	-21,19	97,90
07:39:31:913	exp.	8,90	-20,69	94,90
07:39:31:923	exp.	8,90	-20,22	91,90
07:39:31:933	exp.	8,89	-19,80	88,90
07:39:31:943	exp.	8,84	-19,39	86,00
07:39:31:953	exp.	8,82	-18,98	83,20
07:39:31:963	exp.	8,83	-18,56	80,40
07:39:31:973	exp.	8,84	-18,16	77,60
07:39:31:984	exp.	8,81	-17,82	74,90
07:39:31:993	exp.	8,76	-17,56	72,20
07:39:32:003	exp.	8,74	-17,35	69,50
07:39:32:013	exp.	8,72	-17,15	66,90
07:39:32:023	exp.	8,71	-16,94	64,30
07:39:32:033	exp.	8,71	-16,70	61,70
07:39:32:043	exp.	8,68	-16,45	59,20
07:39:32:053	exp.	8,64	-16,19	56,80
07:39:32:063	exp.	8,59	-15,97	54,40
07:39:32:073	exp.	8,57	-15,76	52,10
07:39:32:083	exp.	8,57	-15,50	49,80
07:39:32:093	exp.	8,56	-15,20	47,60
07:39:32:103	exp.	8,56	-14,89	45,40
07:39:32:113	exp.	8,59	-14,57	43,30
07:39:32:123	exp.	8,61	-14,26	41,20
07:39:32:133	exp.	8,61	-13,97	39,10
07:39:32:143	exp.	8,61	-13,71	37,00
07:39:32:153	exp.	8,59	-13,45	35,00
07:39:32:163	exp.	8,58	-13,19	33,00
07:39:32:173	exp.	8,59	-12,94	31,00
07:39:32:183	exp.	8,61	-12,71	29,10
07:39:32:193	exp.	8,62	-12,51	27,10
07:39:32:203	exp.	8,60	-12,34	25,20
07:39:32:213	exp.	8,58	-12,19	23,30
07:39:32:223	exp.	8,57	-12,05	21,40
07:39:32:233	exp.	8,58	-11,92	19,50
07:39:32:243	exp.	8,58	-11,79	17,60
07:39:32:253	exp.	8,58	-11,67	15,80
07:39:32:263	exp.	8,56	-11,56	13,90
07:39:32:273	exp.	8,57	-11,47	12,10
07:39:32:285	exp.	8,60	-11,40	10,20
07:39:32:294	exp.	8,62	-11,35	8,40
07:39:32:303	exp.	8,58	-11,29	6,60
07:39:32:313	exp.	8,50	-11,23	4,80
07:39:32:323	exp.	8,39	-11,16	3,10
07:39:32:333	exp.	8,32	-11,08	1,50
07:39:32:343	exp.	8,32	-10,95	-0,10
07:39:32:353	exp.	8,41	-10,76	-1,60
07:39:32:363	exp.	8,48	-10,53	-3,00
07:39:32:373	exp.	8,50	-10,28	-4,50
07:39:32:383	exp.	8,47	-10,03	-5,90
07:39:32:393	exp.	8,36	-9,80	-7,30
07:39:32:403	exp.	8,23	-9,57	-8,60
07:39:32:413	exp.	8,14	-9,31	-9,80
07:39:32:423	exp.	8,08	-8,99	-10,90
07:39:32:435	exp.	7,99	-8,62	-11,90
07:39:32:443	exp.	7,87	-8,24	-12,70
07:39:32:453	exp.	7,73	-7,86	-13,30
07:39:32:463	exp.	7,55	-7,46	-13,80
07:39:32:473	exp.	7,38	-6,97	-14,10
07:39:32:483	exp.	7,18	-6,33	-14,10
07:39:32:494	insp.	6,93	-5,53	-14,10	Débit
07:39:32:505	insp.	6,69	-4,57	0,40
07:39:32:513	insp.	6,45	-3,50	0,90
07:39:32:523	insp.	6,78	-2,46	1,70
07:39:32:533	insp.	8,47	-1,45	2,90
07:39:32:543	insp.	9,70	-0,40	4,60
07:39:32:553	insp.	9,64	0,70	7,30
07:39:32:563	insp.	9,72	2,18	11,30
07:39:32:573	insp.	10,54	4,41	16,20
07:39:32:583	insp.	11,25	7,39	22,10
07:39:32:593	insp.	11,61	10,94	28,90
07:39:32:603	insp.	11,96	14,95	36,60
07:39:32:613	insp.	12,50	19,27	44,50
07:39:32:623	insp.	13,01	23,77	52,50
07:39:32:633	insp.	13,32	28,20	61,00
07:39:32:643	insp.	13,57	32,73	69,80
07:39:32:653	insp.	13,93	37,47	78,80
07:39:32:663	insp.	14,26	41,89	88,00
07:39:32:673	insp.	14,47	45,51	97,30
07:39:32:683	insp.	14,62	48,32	106,70
07:39:32:693	insp.	14,82	50,51	116,20
07:39:32:703	insp.	15,01	52,14	125,80
07:39:32:713	insp.	15,10	53,32	135,30
07:39:32:723	insp.	15,17	54,29	144,90
07:39:32:733	insp.	15,24	55,31	154,50
07:39:32:743	insp.	15,34	56,14	164,10
07:39:32:753	insp.	15,40	56,63	173,60
07:39:32:763	insp.	15,45	56,95	183,10
07:39:32:773	insp.	15,48	57,19	192,60
07:39:32:785	insp.	15,49	57,32	202,00
07:39:32:793	insp.	15,56	57,31	211,30
07:39:32:803	insp.	15,63	57,20	220,60
07:39:32:813	insp.	15,74	57,06	229,70
07:39:32:823	insp.	15,86	56,87	238,80
07:39:32:833	insp.	15,94	56,59	247,80
07:39:32:843	insp.	16,02	56,23	256,60
07:39:32:854	insp.	16,10	55,82	265,30
07:39:32:863	insp.	16,19	55,36	273,90
07:39:32:873	insp.	16,28	54,83	282,40
07:39:32:883	insp.	16,37	54,27	290,70
07:39:32:893	insp.	16,48	53,67	298,90
07:39:32:903	insp.	16,61	53,01	306,90
07:39:32:913	insp.	16,73	52,28	314,60
07:39:32:923	insp.	16,83	51,46	322,20
07:39:32:933	insp.	16,93	50,59	329,60
07:39:32:943	insp.	17,06	49,67	336,80
07:39:32:953	insp.	17,19	48,69	343,70
07:39:32:963	insp.	17,20	47,65	350,30
07:39:32:973	insp.	17,06	46,54	356,70
07:39:32:983	insp.	17,08	45,35	362,80
07:39:32:993	insp.	17,34	44,09	368,50
07:39:33:003	insp.	17,56	42,70	373,80
07:39:33:013	insp.	17,47	41,17	378,70
07:39:33:023	insp.	17,24	39,49	383,20
07:39:33:033	insp.	17,34	37,72	387,30
07:39:33:043	insp.	17,67	35,84	390,90
07:39:33:053	insp.	17,73	33,78	394,00
07:39:33:064	exp.	17,39	31,54	396,70
07:39:33:074	exp.	17,14	29,19	399,10
07:39:33:083	exp.	16,53	26,77	400,80
07:39:33:093	exp.	16,97	24,24	402,00
07:39:33:103	exp.	16,22	21,78	402,10
07:39:33:113	exp.	14,26	19,11	401,10
07:39:33:124	exp.	12,50	16,11	398,80
07:39:33:133	exp.	11,13	12,49	394,90
07:39:33:143	exp.	10,24	8,05	389,50
07:39:33:153	exp.	9,90	2,84	382,70
07:39:33:163	exp.	9,81	-3,04	374,90
07:39:33:173	exp.	9,83	-9,53	366,40
07:39:33:183	exp.	10,00	-16,25	357,60
07:39:33:193	exp.	10,33	-23,08	348,60
07:39:33:203	exp.	10,56	-29,78	339,80
07:39:33:213	exp.	10,63	-35,89	331,30
07:39:33:223	exp.	10,57	-41,21	323,20
07:39:33:233	exp.	10,38	-45,44	315,40
07:39:33:243	exp.	10,22	-48,40	307,90
07:39:33:253	exp.	10,15	-50,08	300,80
07:39:33:263	exp.	10,10	-50,54	294,10
07:39:33:273	exp.	10,10	-49,91	287,50
07:39:33:285	exp.	10,12	-48,67	281,20
07:39:33:293	exp.	10,10	-46,91	275,10
07:39:33:303	exp.	10,03	-45,02	269,30
07:39:33:313	exp.	9,95	-43,14	263,50
07:39:33:323	exp.	9,96	-41,34	257,90
07:39:33:333	exp.	10,01	-39,69	252,40
07:39:33:343	exp.	10,02	-38,20	246,90
07:39:33:353	exp.	9,93	-36,89	241,40
07:39:33:363	exp.	9,74	-35,84	236,10
07:39:33:373	exp.	9,66	-35,00	230,70
07:39:33:383	exp.	9,67	-34,28	225,40
07:39:33:393	exp.	9,64	-33,65	220,20
07:39:33:403	exp.	9,60	-33,11	215,00
07:39:33:413	exp.	9,57	-32,64	209,90
07:39:33:423	exp.	9,55	-32,25	204,80
07:39:33:433	exp.	9,53	-31,96	199,80
07:39:33:443	exp.	9,49	-31,72	194,90
07:39:33:453	exp.	9,42	-31,43	190,10
07:39:33:463	exp.	9,33	-31,04	185,50
07:39:33:473	exp.	9,27	-30,62	180,90
07:39:33:483	exp.	9,23	-30,17	176,40
07:39:33:493	exp.	9,21	-29,69	172,00
07:39:33:503	exp.	9,19	-29,18	167,70
07:39:33:513	exp.	9,17	-28,66	163,60
07:39:33:523	exp.	9,15	-28,13	159,50
07:39:33:533	exp.	9,10	-27,55	155,50
07:39:33:543	exp.	9,06	-26,92	151,60
07:39:33:553	exp.	9,06	-26,30	147,80
07:39:33:563	exp.	9,07	-25,70	144,00
07:39:33:573	exp.	9,05	-25,12	140,30
07:39:33:583	exp.	9,00	-24,56	136,70
07:39:33:593	exp.	8,95	-24,05	133,10
07:39:33:603	exp.	8,95	-23,57	129,60
07:39:33:613	exp.	8,95	-23,10	126,20
07:39:33:623	exp.	8,94	-22,64	122,80
07:39:33:633	exp.	8,89	-22,20	119,50
07:39:33:643	exp.	8,84	-21,79	116,20
07:39:33:653	exp.	8,83	-21,40	113,00
07:39:33:663	exp.	8,85	-21,04	109,90
07:39:33:673	exp.	8,85	-20,66	106,80
07:39:33:683	exp.	8,80	-20,27	103,80
07:39:33:693	exp.	8,71	-19,88	100,90
07:39:33:703	exp.	8,62	-19,50	98,10
07:39:33:713	exp.	8,55	-19,13	95,30
07:39:33:723	exp.	8,57	-18,76	92,70
07:39:33:733	exp.	8,65	-18,32	90,10
07:39:33:743	exp.	8,74	-17,86	87,60
07:39:33:753	exp.	8,79	-17,38	85,10
07:39:33:763	exp.	8,79	-16,93	82,70
07:39:33:773	exp.	8,77	-16,51	80,30
07:39:33:785	exp.	8,77	-16,11	77,90
07:39:33:793	exp.	8,76	-15,73	75,60
07:39:33:803	exp.	8,76	-15,35	73,20
07:39:33:813	exp.	8,74	-14,98	70,90
07:39:33:823	exp.	8,72	-14,67	68,60
07:39:33:833	exp.	8,73	-14,44	66,30
07:39:33:843	exp.	8,72	-14,27	64,00
07:39:33:853	exp.	8,69	-14,15	61,70
07:39:33:864	exp.	8,64	-14,05	59,40
07:39:33:873	exp.	8,60	-13,97	57,20
07:39:33:883	exp.	8,60	-13,87	55,00
07:39:33:893	exp.	8,61	-13,79	52,80
07:39:33:903	exp.	8,59	-13,72	50,60
07:39:33:913	exp.	8,54	-13,64	48,50
07:39:33:923	exp.	8,50	-13,55	46,40
07:39:33:933	exp.	8,51	-13,43	44,40
07:39:33:943	exp.	8,56	-13,28	42,40
07:39:33:953	exp.	8,59	-13,09	40,40
07:39:33:963	exp.	8,60	-12,88	38,50
07:39:33:973	exp.	8,61	-12,65	36,60
07:39:33:983	exp.	8,61	-12,44	34,70
07:39:33:993	exp.	8,59	-12,25	32,80
07:39:34:003	exp.	8,59	-12,07	30,90
07:39:34:013	exp.	8,59	-11,89	29,10
07:39:34:023	exp.	8,60	-11,71	27,20
07:39:34:033	exp.	8,58	-11,55	25,40
07:39:34:043	exp.	8,56	-11,42	23,60
07:39:34:053	exp.	8,55	-11,32	21,80
07:39:34:063	exp.	8,58	-11,24	20,00
07:39:34:073	exp.	8,60	-11,17	18,20
07:39:34:083	exp.	8,59	-11,09	16,40
07:39:34:093	exp.	8,55	-11,02	14,70
07:39:34:103	exp.	8,51	-10,93	12,90
07:39:34:113	exp.	8,49	-10,85	11,30
07:39:34:123	exp.	8,52	-10,76	9,60
07:39:34:133	exp.	8,56	-10,64	7,90
07:39:34:143	exp.	8,54	-10,52	6,30
07:39:34:153	exp.	8,43	-10,40	4,70
07:39:34:163	exp.	8,27	-10,31	3,20
07:39:34:173	exp.	8,08	-10,22	1,70
07:39:34:183	exp.	7,95	-10,09	0,50
07:39:34:193	exp.	7,91	-9,85	-0,70
07:39:34:203	exp.	7,91	-9,51	-1,60
07:39:34:213	exp.	7,87	-9,08	-2,40
07:39:34:223	exp.	7,77	-8,59	-3,10
07:39:34:233	exp.	7,60	-8,06	-3,50
07:39:34:243	exp.	7,43	-7,43	-3,70
07:39:34:253	exp.	7,25	-6,67	-3,80
07:39:34:265	insp.	7,06	-5,74	-3,80	Débit
07:39:34:274	insp.	6,89	-4,66	0,40
07:39:34:285	insp.	6,72	-3,51	0,80
07:39:34:293	insp.	6,72	-2,41	1,40
07:39:34:303	insp.	7,85	-1,42	2,40
07:39:34:313	insp.	9,29	-0,46	3,70
07:39:34:323	insp.	9,55	0,47	5,90
07:39:34:333	insp.	9,46	1,64	9,20
07:39:34:343	insp.	10,04	3,43	13,60
07:39:34:353	insp.	10,81	5,95	18,90
07:39:34:363	insp.	11,27	9,09	25,10
07:39:34:373	insp.	11,61	12,71	32,20
07:39:34:383	insp.	12,10	16,71	39,80
07:39:34:393	insp.	12,62	21,00	47,50
07:39:34:403	insp.	13,02	25,34	55,70
07:39:34:413	insp.	13,32	29,75	64,20
07:39:34:423	insp.	13,67	34,43	73,10
07:39:34:435	insp.	14,01	39,02	82,10
07:39:34:443	insp.	14,27	42,97	91,20
07:39:34:453	insp.	14,46	46,13	100,50
07:39:34:463	insp.	14,65	48,64	110,00
07:39:34:473	insp.	14,85	50,60	119,50
07:39:34:484	insp.	14,98	52,09	129,00
07:39:34:493	insp.	15,10	53,26	138,60
07:39:34:503	insp.	15,20	54,40	148,20
07:39:34:513	insp.	15,28	55,41	157,70
07:39:34:523	insp.	15,34	56,10	167,30
07:39:34:533	insp.	15,40	56,54	176,80
07:39:34:543	insp.	15,49	56,90	186,30
07:39:34:553	insp.	15,58	57,15	195,70
07:39:34:563	insp.	15,62	57,24	205,00
07:39:34:573	insp.	15,65	57,20	214,30
07:39:34:583	insp.	15,69	57,08	223,50
07:39:34:593	insp.	15,70	56,90	232,60
07:39:34:603	insp.	15,72	56,63	241,60
07:39:34:613	insp.	15,71	56,32	250,60
07:39:34:623	insp.	15,72	55,96	259,50
07:39:34:633	insp.	15,81	55,58	268,30
07:39:34:643	insp.	15,92	55,16	276,90
07:39:34:653	insp.	16,05	54,69	285,50
07:39:34:663	insp.	16,21	54,21	293,90
07:39:34:673	insp.	16,35	53,69	302,20
07:39:34:683	insp.	16,52	53,12	310,30
07:39:34:693	insp.	16,66	52,50	318,20
07:39:34:703	insp.	16,80	51,82	325,90
07:39:34:713	insp.	16,97	51,07	333,40
07:39:34:723	insp.	17,12	50,26	340,70
07:39:34:733	insp.	17,22	49,36	347,80
07:39:34:743	insp.	17,12	48,37	354,50
07:39:34:753	insp.	17,11	47,29	361,00
07:39:34:763	insp.	17,36	46,11	367,10
07:39:34:773	insp.	17,57	44,81	372,70
07:39:34:785	insp.	17,47	43,34	378,00
07:39:34:793	insp.	17,27	41,71	382,80
07:39:34:803	insp.	17,31	39,96	387,20
07:39:34:813	insp.	17,62	38,06	391,00
07:39:34:823	insp.	17,75	35,96	394,40
07:39:34:835	insp.	17,46	33,64	397,40
07:39:34:843	insp.	17,18	31,18	399,90
07:39:34:855	exp.	17,39	28,64	401,80
07:39:34:864	exp.	17,55	25,97	403,20
07:39:34:873	exp.	17,10	23,16	404,40
07:39:34:883	exp.	17,00	20,49	404,70
07:39:34:893	exp.	15,27	17,80	404,20
07:39:34:903	exp.	13,34	14,95	402,50
07:39:34:913	exp.	11,93	11,75	399,40
07:39:34:923	exp.	10,81	8,08	394,90
07:39:34:933	exp.	10,07	3,73	388,80
07:39:34:943	exp.	9,73	-1,45	381,50
07:39:34:953	exp.	9,64	-7,49	373,20
07:39:34:963	exp.	9,75	-13,89	364,40
07:39:34:973	exp.	9,99	-20,39	355,50
07:39:34:983	exp.	10,16	-26,87	346,70
07:39:34:993	exp.	10,25	-32,96	338,30
07:39:35:003	exp.	10,37	-38,43	330,20
07:39:35:013	exp.	10,57	-43,07	322,40
07:39:35:023	exp.	10,67	-46,62	314,90
07:39:35:033	exp.	10,63	-48,94	307,80
07:39:35:043	exp.	10,54	-49,94	300,90
07:39:35:053	exp.	10,37	-49,68	294,10
07:39:35:063	exp.	10,17	-48,71	287,50
07:39:35:073	exp.	10,02	-47,23	281,10
07:39:35:083	exp.	9,86	-45,56	275,00
07:39:35:093	exp.	9,76	-43,85	269,00
07:39:35:103	exp.	9,75	-42,19	263,20
07:39:35:113	exp.	9,78	-40,64	257,60
07:39:35:123	exp.	9,80	-39,28	252,10
07:39:35:133	exp.	9,81	-38,08	246,60
07:39:35:143	exp.	9,84	-37,04	241,20
07:39:35:153	exp.	9,83	-36,14	235,80
07:39:35:163	exp.	9,80	-35,29	230,50
07:39:35:173	exp.	9,77	-34,48	225,20
07:39:35:183	exp.	9,71	-33,73	220,00
07:39:35:193	exp.	9,62	-33,10	214,80
07:39:35:203	exp.	9,55	-32,61	209,70
07:39:35:213	exp.	9,51	-32,21	204,70
07:39:35:223	exp.	9,47	-31,88	199,70
07:39:35:233	exp.	9,43	-31,59	194,80
07:39:35:243	exp.	9,42	-31,27	190,10
07:39:35:253	exp.	9,38	-30,91	185,40
07:39:35:263	exp.	9,34	-30,52	180,80
07:39:35:273	exp.	9,29	-30,10	176,30
07:39:35:285	exp.	9,24	-29,65	171,80
07:39:35:294	exp.	9,16	-29,17	167,50
07:39:35:304	exp.	9,10	-28,66	163,40
07:39:35:313	exp.	9,07	-28,13	159,30
07:39:35:323	exp.	9,07	-27,56	155,30
07:39:35:333	exp.	9,10	-26,96	151,40
07:39:35:343	exp.	9,10	-26,36	147,60
07:39:35:353	exp.	9,09	-25,76	143,80
07:39:35:363	exp.	9,08	-25,17	140,20
07:39:35:373	exp.	9,05	-24,59	136,60
07:39:35:383	exp.	9,02	-24,05	133,00
07:39:35:393	exp.	8,99	-23,52	129,60
07:39:35:403	exp.	8,97	-22,99	126,20
07:39:35:413	exp.	8,97	-22,48	122,90
07:39:35:423	exp.	8,97	-22,00	119,60
07:39:35:435	exp.	8,93	-21,56	116,40
07:39:35:443	exp.	8,91	-21,16	113,20
07:39:35:453	exp.	8,88	-20,78	110,10
07:39:35:463	exp.	8,85	-20,43	107,00
07:39:35:473	exp.	8,81	-20,08	103,90
07:39:35:483	exp.	8,77	-19,74	100,90
07:39:35:493	exp.	8,75	-19,41	98,00
07:39:35:503	exp.	8,77	-19,09	95,20
07:39:35:513	exp.	8,81	-18,77	92,40
07:39:35:523	exp.	8,80	-18,47	89,60
07:39:35:533	exp.	8,74	-18,17	86,80
07:39:35:543	exp.	8,65	-17,88	84,20
07:39:35:553	exp.	8,55	-17,60	81,60
07:39:35:563	exp.	8,54	-17,30	79,00
07:39:35:573	exp.	8,62	-16,96	76,60
07:39:35:583	exp.	8,72	-16,59	74,20
07:39:35:593	exp.	8,78	-16,22	71,80
07:39:35:604	exp.	8,79	-15,87	69,40
07:39:35:613	exp.	8,80	-15,57	67,10
07:39:35:623	exp.	8,82	-15,28	64,80
07:39:35:633	exp.	8,81	-15,00	62,40
07:39:35:643	exp.	8,79	-14,73	60,10
07:39:35:653	exp.	8,77	-14,46	57,80
07:39:35:663	exp.	8,76	-14,23	55,50
07:39:35:673	exp.	8,72	-14,09	53,10
07:39:35:684	exp.	8,68	-14,03	50,80
07:39:35:693	exp.	8,64	-14,03	48,40
07:39:35:704	exp.	8,60	-14,03	46,10
07:39:35:713	exp.	8,60	-14,02	43,80
07:39:35:723	exp.	8,62	-14,00	41,50
07:39:35:733	exp.	8,61	-13,98	39,30
07:39:35:743	exp.	8,57	-13,96	37,00
07:39:35:753	exp.	8,52	-13,93	34,90
07:39:35:763	exp.	8,50	-13,88	32,80
07:39:35:773	exp.	8,51	-13,76	30,80
07:39:35:785	exp.	8,53	-13,57	28,80
07:39:35:793	exp.	8,55	-13,33	26,80
07:39:35:804	exp.	8,55	-13,07	24,90
07:39:35:813	exp.	8,54	-12,82	23,10
07:39:35:823	exp.	8,53	-12,56	21,20
07:39:35:835	exp.	8,52	-12,32	19,30
07:39:35:843	exp.	8,50	-12,07	17,50
07:39:35:853	exp.	8,51	-11,81	15,80
07:39:35:863	exp.	8,51	-11,56	14,00
07:39:35:873	exp.	8,52	-11,33	12,30
07:39:35:883	exp.	8,52	-11,15	10,50
07:39:35:893	exp.	8,50	-11,00	8,80
07:39:35:904	exp.	8,46	-10,88	7,20
07:39:35:914	exp.	8,40	-10,76	5,50
07:39:35:924	exp.	8,29	-10,63	4,00
07:39:35:933	exp.	8,14	-10,47	2,50
07:39:35:943	exp.	7,99	-10,28	1,20
07:39:35:953	exp.	7,89	-10,04	0,00
07:39:35:963	exp.	7,80	-9,74	-1,00
07:39:35:973	exp.	7,73	-9,35	-1,80
07:39:35:984	exp.	7,57	-8,89	-2,40
07:39:35:993	exp.	7,34	-8,30	-2,80
07:39:36:003	exp.	7,03	-7,59	-2,80
07:39:36:015	insp.	6,67	-6,72	-2,80	Débit
07:39:36:025	insp.	6,41	-5,66	0,50
07:39:36:033	insp.	6,24	-4,41	1,10
07:39:36:043	insp.	6,49	-3,10	1,90
07:39:36:053	insp.	8,38	-1,83	3,00
07:39:36:063	insp.	10,08	-0,59	4,50
07:39:36:073	insp.	10,11	0,53	7,10
07:39:36:084	insp.	9,94	1,91	10,90
07:39:36:094	insp.	10,68	4,04	15,80
07:39:36:103	insp.	11,49	7,01	21,60
