[REC]
Date	12/06/24 07:20:13
Fichier	1718176813185.txt
Ventilateur	21944 
Système	4.4 
Version	4.4.0.78be7bed 
Statut du contrôle avant utilisation	Non réalisé
Dernière exécution du contrôle avant utilisation	
Date format	dd/MM/yy
Language setting	fr_FR
Decimal separator	COMMA
==========
Date de l'enregistrement	12/06/24 07:19:57
Mode de ventilation	Aide inspiratoire/VS PEP
Catégorie patient	Adulte
Automode	non
Apnée	non
VNI	non
Capteur à la pièce en Y	non
Compensation de fuite	non
Compensation du circuit	oui
Niv. AI sur PEP	6	cmH2O
PC d'apnée sur PEP	15	cmH2O
PEP	8,0	cmH2O
FR vent. apnée	15	resp/min
Conc. O2	40	%
Pentetps insp. (s)	0,00	Sec.
Trigger en pression	-1	cmH2O
Fin d'insuff.	30	%
Ti Vent. Ap.	0,90	Sec.

[DATA]
Durée	Phase respiratoire	Pva (cmH2O)	DÉBIT (l/min)	V (ml)	Trigger
07:19:42:781	insp.	13,71	55,89	297,30
07:19:42:791	insp.	13,86	55,56	306,10
07:19:42:801	insp.	13,98	55,20	314,80
07:19:42:811	insp.	14,08	54,75	323,40
07:19:42:821	insp.	14,21	54,26	331,80
07:19:42:831	insp.	14,38	53,78	340,10
07:19:42:841	insp.	14,49	53,26	348,20
07:19:42:851	insp.	14,59	52,63	356,10
07:19:42:861	insp.	14,70	51,94	363,90
07:19:42:871	insp.	14,82	51,21	371,50
07:19:42:881	insp.	14,84	50,40	378,90
07:19:42:891	insp.	14,84	49,48	386,10
07:19:42:902	insp.	14,87	48,52	393,10
07:19:42:911	insp.	14,90	47,54	399,90
07:19:42:921	insp.	14,88	46,51	406,50
07:19:42:931	insp.	14,87	45,41	413,00
07:19:42:941	insp.	14,89	44,30	419,20
07:19:42:951	insp.	14,93	43,19	425,20
07:19:42:961	insp.	14,93	42,06	431,10
07:19:42:971	insp.	14,99	40,90	436,70
07:19:42:981	insp.	15,07	39,73	442,10
07:19:42:991	insp.	15,11	38,56	447,30
07:19:43:001	insp.	15,17	37,37	452,30
07:19:43:011	insp.	15,22	36,16	457,10
07:19:43:021	insp.	15,27	34,94	461,70
07:19:43:031	insp.	15,28	33,71	466,00
07:19:43:041	insp.	15,28	32,46	470,10
07:19:43:051	insp.	15,27	31,19	474,00
07:19:43:061	insp.	15,30	29,93	477,70
07:19:43:071	insp.	15,34	28,66	481,20
07:19:43:081	exp.	15,37	27,35	484,40
07:19:43:092	exp.	15,35	26,04	487,40
07:19:43:101	exp.	14,08	24,73	490,20
07:19:43:111	exp.	13,60	23,46	492,60
07:19:43:121	exp.	12,55	22,31	494,00
07:19:43:131	exp.	11,03	20,92	494,50
07:19:43:141	exp.	10,33	19,15	493,90
07:19:43:153	exp.	10,28	16,85	491,80
07:19:43:161	exp.	10,04	13,70	488,10
07:19:43:171	exp.	9,65	9,53	483,30
07:19:43:181	exp.	9,67	4,52	477,80
07:19:43:191	exp.	9,89	-0,96	471,70
07:19:43:201	exp.	9,90	-6,63	465,20
07:19:43:211	exp.	9,84	-12,50	459,00
07:19:43:221	exp.	9,95	-18,25	452,90
07:19:43:231	exp.	10,01	-23,34	447,00
07:19:43:241	exp.	9,98	-27,81	441,10
07:19:43:251	exp.	9,96	-31,60	435,40
07:19:43:261	exp.	9,92	-34,30	429,80
07:19:43:271	exp.	9,84	-35,76	424,30
07:19:43:281	exp.	9,76	-36,25	418,80
07:19:43:291	exp.	9,72	-36,09	413,30
07:19:43:301	exp.	9,70	-35,56	407,90
07:19:43:311	exp.	9,66	-34,72	402,60
07:19:43:321	exp.	9,63	-33,99	397,20
07:19:43:331	exp.	9,62	-33,52	392,00
07:19:43:341	exp.	9,61	-33,11	386,70
07:19:43:351	exp.	9,58	-32,74	381,60
07:19:43:361	exp.	9,57	-32,44	376,40
07:19:43:371	exp.	9,54	-32,17	371,40
07:19:43:381	exp.	9,52	-31,87	366,40
07:19:43:391	exp.	9,48	-31,57	361,40
07:19:43:402	exp.	9,47	-31,28	356,60
07:19:43:411	exp.	9,46	-30,99	351,70
07:19:43:421	exp.	9,43	-30,67	347,00
07:19:43:431	exp.	9,40	-30,34	342,30
07:19:43:441	exp.	9,39	-29,99	337,60
07:19:43:451	exp.	9,35	-29,64	333,00
07:19:43:461	exp.	9,31	-29,29	328,50
07:19:43:471	exp.	9,27	-28,94	324,00
07:19:43:481	exp.	9,25	-28,61	319,50
07:19:43:491	exp.	9,23	-28,27	315,20
07:19:43:501	exp.	9,22	-27,94	310,80
07:19:43:511	exp.	9,18	-27,61	306,50
07:19:43:521	exp.	9,15	-27,28	302,30
07:19:43:531	exp.	9,14	-26,95	298,20
07:19:43:541	exp.	9,13	-26,63	294,10
07:19:43:551	exp.	9,10	-26,30	290,00
07:19:43:561	exp.	9,10	-25,97	286,00
07:19:43:571	exp.	9,11	-25,63	282,10
07:19:43:581	exp.	9,11	-25,28	278,20
07:19:43:591	exp.	9,09	-24,94	274,40
07:19:43:601	exp.	9,07	-24,61	270,60
07:19:43:611	exp.	9,09	-24,28	266,80
07:19:43:621	exp.	9,11	-23,96	263,00
07:19:43:631	exp.	9,14	-23,68	259,30
07:19:43:641	exp.	9,15	-23,41	255,50
07:19:43:653	exp.	9,10	-23,18	251,80
07:19:43:661	exp.	8,97	-22,99	248,10
07:19:43:671	exp.	8,84	-22,83	244,50
07:19:43:681	exp.	8,74	-22,68	241,00
07:19:43:691	exp.	8,68	-22,49	237,60
07:19:43:701	exp.	8,68	-22,25	234,30
07:19:43:711	exp.	8,69	-21,95	231,10
07:19:43:721	exp.	8,74	-21,62	228,00
07:19:43:731	exp.	8,78	-21,25	224,90
07:19:43:741	exp.	8,81	-20,87	221,90
07:19:43:751	exp.	8,82	-20,46	218,90
07:19:43:761	exp.	8,83	-20,00	216,00
07:19:43:771	exp.	8,84	-19,51	213,10
07:19:43:781	exp.	8,83	-19,03	210,30
07:19:43:791	exp.	8,81	-18,59	207,50
07:19:43:801	exp.	8,79	-18,20	204,70
07:19:43:811	exp.	8,76	-17,89	201,90
07:19:43:821	exp.	8,74	-17,63	199,10
07:19:43:831	exp.	8,72	-17,41	196,40
07:19:43:841	exp.	8,71	-17,19	193,70
07:19:43:851	exp.	8,67	-16,99	191,00
07:19:43:861	exp.	8,65	-16,82	188,40
07:19:43:871	exp.	8,63	-16,66	185,80
07:19:43:881	exp.	8,60	-16,50	183,20
07:19:43:891	exp.	8,59	-16,34	180,70
07:19:43:902	exp.	8,59	-16,17	178,20
07:19:43:912	exp.	8,58	-15,97	175,80
07:19:43:921	exp.	8,58	-15,76	173,40
07:19:43:931	exp.	8,60	-15,54	171,00
07:19:43:941	exp.	8,60	-15,32	168,70
07:19:43:951	exp.	8,59	-15,08	166,40
07:19:43:961	exp.	8,55	-14,86	164,10
07:19:43:971	exp.	8,52	-14,65	161,90
07:19:43:981	exp.	8,50	-14,44	159,70
07:19:43:991	exp.	8,50	-14,23	157,50
07:19:44:001	exp.	8,52	-14,01	155,40
07:19:44:011	exp.	8,56	-13,81	153,20
07:19:44:021	exp.	8,57	-13,61	151,10
07:19:44:031	exp.	8,57	-13,43	149,00
07:19:44:041	exp.	8,55	-13,28	146,90
07:19:44:051	exp.	8,52	-13,14	144,80
07:19:44:061	exp.	8,50	-13,00	142,80
07:19:44:071	exp.	8,49	-12,85	140,80
07:19:44:081	exp.	8,48	-12,70	138,80
07:19:44:091	exp.	8,47	-12,56	136,80
07:19:44:101	exp.	8,47	-12,44	134,90
07:19:44:111	exp.	8,45	-12,34	133,00
07:19:44:121	exp.	8,45	-12,23	131,00
07:19:44:131	exp.	8,47	-12,13	129,10
07:19:44:141	exp.	8,48	-11,99	127,20
07:19:44:152	exp.	8,49	-11,86	125,40
07:19:44:161	exp.	8,49	-11,73	123,50
07:19:44:171	exp.	8,46	-11,62	121,60
07:19:44:181	exp.	8,43	-11,52	119,80
07:19:44:191	exp.	8,41	-11,44	118,00
07:19:44:201	exp.	8,38	-11,35	116,20
07:19:44:211	exp.	8,36	-11,25	114,50
07:19:44:221	exp.	8,35	-11,14	112,80
07:19:44:231	exp.	8,32	-11,02	111,20
07:19:44:241	exp.	8,31	-10,88	109,50
07:19:44:251	exp.	8,30	-10,73	108,00
07:19:44:261	exp.	8,29	-10,55	106,50
07:19:44:271	exp.	8,28	-10,35	105,00
07:19:44:281	exp.	8,28	-10,12	103,50
07:19:44:291	exp.	8,27	-9,88	102,10
07:19:44:301	exp.	8,25	-9,64	100,70
07:19:44:311	exp.	8,25	-9,41	99,40
07:19:44:321	exp.	8,24	-9,19	98,00
07:19:44:331	exp.	8,25	-8,97	96,70
07:19:44:341	exp.	8,26	-8,75	95,50
07:19:44:351	exp.	8,26	-8,54	94,20
07:19:44:361	exp.	8,27	-8,33	93,00
07:19:44:371	exp.	8,27	-8,15	91,80
07:19:44:381	exp.	8,26	-7,98	90,60
07:19:44:391	exp.	8,25	-7,83	89,50
07:19:44:401	exp.	8,21	-7,68	88,30
07:19:44:411	exp.	8,19	-7,54	87,20
07:19:44:421	exp.	8,17	-7,38	86,10
07:19:44:431	exp.	8,15	-7,22	85,10
07:19:44:441	exp.	8,14	-7,07	84,10
07:19:44:451	exp.	8,14	-6,91	83,10
07:19:44:461	exp.	8,14	-6,76	82,10
07:19:44:471	exp.	8,13	-6,60	81,20
07:19:44:481	exp.	8,13	-6,45	80,30
07:19:44:491	exp.	8,13	-6,28	79,40
07:19:44:501	exp.	8,13	-6,11	78,50
07:19:44:511	exp.	8,14	-5,94	77,70
07:19:44:521	exp.	8,20	-5,77	76,80
07:19:44:531	exp.	8,27	-5,61	75,90
07:19:44:541	exp.	8,34	-5,48	75,10
07:19:44:551	exp.	8,41	-5,39	74,10
07:19:44:561	exp.	8,42	-5,34	73,20
07:19:44:571	exp.	8,34	-5,33	72,20
07:19:44:581	exp.	8,18	-5,36	71,30
07:19:44:591	exp.	8,03	-5,41	70,40
07:19:44:601	exp.	7,93	-5,44	69,60
07:19:44:611	exp.	7,91	-5,44	68,90
07:19:44:621	exp.	7,93	-5,39	68,20
07:19:44:631	exp.	7,95	-5,30	67,60
07:19:44:641	exp.	7,98	-5,16	67,00
07:19:44:652	exp.	8,01	-4,97	66,50
07:19:44:661	exp.	8,04	-4,75	66,10
07:19:44:671	exp.	8,08	-4,47	65,60
07:19:44:681	exp.	8,13	-4,13	65,20
07:19:44:691	exp.	8,17	-3,78	64,80
07:19:44:701	exp.	8,19	-3,46	64,40
07:19:44:711	exp.	8,19	-3,20	64,00
07:19:44:721	exp.	8,17	-2,98	63,60
07:19:44:731	exp.	8,17	-2,80	63,30
07:19:44:741	exp.	8,17	-2,64	63,00
07:19:44:751	exp.	8,16	-2,48	62,70
07:19:44:761	exp.	8,16	-2,34	62,50
07:19:44:771	exp.	8,14	-2,20	62,20
07:19:44:781	exp.	8,12	-2,09	62,00
07:19:44:791	exp.	8,10	-1,98	61,80
07:19:44:801	exp.	8,10	-1,87	61,60
07:19:44:811	exp.	8,11	-1,73	61,40
07:19:44:821	exp.	8,11	-1,60	61,20
07:19:44:831	exp.	8,12	-1,47	61,00
07:19:44:841	exp.	8,13	-1,37	60,80
07:19:44:851	exp.	8,17	-1,29	60,70
07:19:44:861	exp.	8,20	-1,23	60,40
07:19:44:871	exp.	8,20	-1,20	60,20
07:19:44:881	exp.	8,20	-1,18	60,00
07:19:44:891	exp.	8,18	-1,17	59,80
07:19:44:901	exp.	8,18	-1,18	59,60
07:19:44:911	exp.	8,20	-1,18	59,40
07:19:44:921	exp.	8,25	-1,19	59,20
07:19:44:931	exp.	8,29	-1,20	58,90
07:19:44:941	exp.	8,31	-1,22	58,60
07:19:44:951	exp.	8,31	-1,28	58,30
07:19:44:961	exp.	8,28	-1,36	58,00
07:19:44:971	exp.	8,25	-1,45	57,60
07:19:44:981	exp.	8,21	-1,54	57,20
07:19:44:991	exp.	8,20	-1,62	56,90
07:19:45:001	exp.	8,21	-1,69	56,50
07:19:45:011	exp.	8,22	-1,78	56,10
07:19:45:021	exp.	8,23	-1,88	55,70
07:19:45:031	exp.	8,24	-2,01	55,30
07:19:45:041	exp.	8,26	-2,13	54,90
07:19:45:051	exp.	8,29	-2,23	54,50
07:19:45:061	exp.	8,31	-2,29	54,00
07:19:45:071	exp.	8,32	-2,34	53,60
07:19:45:081	exp.	8,32	-2,38	53,10
07:19:45:091	exp.	8,29	-2,44	52,60
07:19:45:101	exp.	8,26	-2,51	52,20
07:19:45:111	exp.	8,23	-2,60	51,70
07:19:45:121	exp.	8,20	-2,66	51,20
07:19:45:131	exp.	8,18	-2,71	50,70
07:19:45:141	exp.	8,17	-2,74	50,30
07:19:45:152	exp.	8,17	-2,76	49,80
07:19:45:161	exp.	8,17	-2,77	49,40
07:19:45:171	exp.	8,17	-2,79	48,90
07:19:45:181	exp.	8,17	-2,81	48,40
07:19:45:191	exp.	8,17	-2,81	48,00
07:19:45:201	exp.	8,17	-2,80	47,60
07:19:45:211	exp.	8,16	-2,78	47,10
07:19:45:221	exp.	8,16	-2,75	46,70
07:19:45:231	exp.	8,15	-2,72	46,30
07:19:45:241	exp.	8,15	-2,69	45,90
07:19:45:251	exp.	8,14	-2,65	45,50
07:19:45:261	exp.	8,14	-2,62	45,10
07:19:45:271	exp.	8,15	-2,57	44,80
07:19:45:281	exp.	8,15	-2,51	44,40
07:19:45:291	exp.	8,15	-2,46	44,00
07:19:45:301	exp.	8,14	-2,41	43,70
07:19:45:311	exp.	8,13	-2,36	43,30
07:19:45:321	exp.	8,13	-2,31	43,00
07:19:45:331	exp.	8,10	-2,26	42,60
07:19:45:341	exp.	8,08	-2,23	42,30
07:19:45:351	exp.	8,06	-2,19	42,00
07:19:45:361	exp.	8,05	-2,14	41,70
07:19:45:371	exp.	8,03	-2,09	41,40
07:19:45:381	exp.	8,03	-2,03	41,20
07:19:45:391	exp.	8,02	-1,97	41,00
07:19:45:402	exp.	8,02	-1,90	40,70
07:19:45:411	exp.	8,02	-1,81	40,50
07:19:45:421	exp.	8,04	-1,72	40,40
07:19:45:431	exp.	8,05	-1,61	40,20
07:19:45:441	exp.	8,09	-1,50	40,10
07:19:45:451	exp.	8,15	-1,39	39,90
07:19:45:461	exp.	8,21	-1,28	39,70
07:19:45:471	exp.	8,29	-1,18	39,50
07:19:45:481	exp.	8,34	-1,12	39,30
07:19:45:491	exp.	8,33	-1,09	39,00
07:19:45:501	exp.	8,21	-1,12	38,70
07:19:45:511	exp.	8,06	-1,20	38,40
07:19:45:521	exp.	7,95	-1,29	38,10
07:19:45:531	exp.	7,89	-1,37	37,90
07:19:45:541	exp.	7,87	-1,42	37,70
07:19:45:551	exp.	7,87	-1,44	37,60
07:19:45:561	exp.	7,88	-1,43	37,50
07:19:45:571	exp.	7,91	-1,39	37,40
07:19:45:581	exp.	7,93	-1,33	37,40
07:19:45:591	exp.	7,96	-1,24	37,30
07:19:45:601	exp.	7,98	-1,10	37,20
07:19:45:611	exp.	8,02	-0,92	37,20
07:19:45:621	exp.	8,04	-0,74	37,10
07:19:45:631	exp.	8,05	-0,61	37,00
07:19:45:641	exp.	8,07	-0,53	36,80
07:19:45:652	exp.	8,07	-0,49	36,70
07:19:45:661	exp.	8,06	-0,49	36,60
07:19:45:671	exp.	8,06	-0,52	36,50
07:19:45:681	exp.	8,05	-0,54	36,40
07:19:45:691	exp.	8,03	-0,55	36,40
07:19:45:701	exp.	8,02	-0,57	36,30
07:19:45:711	exp.	8,00	-0,58	36,20
07:19:45:721	exp.	8,00	-0,58	36,20
07:19:45:731	exp.	8,00	-0,56	36,10
07:19:45:741	exp.	8,01	-0,52	36,00
07:19:45:751	exp.	8,03	-0,49	36,00
07:19:45:761	exp.	8,07	-0,46	35,90
07:19:45:771	exp.	8,10	-0,44	35,80
07:19:45:781	exp.	8,14	-0,44	35,60
07:19:45:791	exp.	8,15	-0,45	35,50
07:19:45:801	exp.	8,15	-0,49	35,30
07:19:45:811	exp.	8,14	-0,54	35,20
07:19:45:821	exp.	8,15	-0,61	35,00
07:19:45:831	exp.	8,18	-0,68	34,80
07:19:45:841	exp.	8,22	-0,75	34,60
07:19:45:851	exp.	8,27	-0,82	34,40
07:19:45:861	exp.	8,31	-0,89	34,10
07:19:45:871	exp.	8,31	-0,98	33,80
07:19:45:881	exp.	8,29	-1,09	33,50
07:19:45:891	exp.	8,26	-1,21	33,20
07:19:45:901	exp.	8,25	-1,33	32,80
07:19:45:911	exp.	8,25	-1,45	32,40
07:19:45:921	exp.	8,24	-1,56	32,00
07:19:45:931	exp.	8,24	-1,69	31,60
07:19:45:941	exp.	8,25	-1,82	31,20
07:19:45:951	exp.	8,26	-1,96	30,80
07:19:45:961	exp.	8,27	-2,11	30,40
07:19:45:971	exp.	8,29	-2,23	29,90
07:19:45:981	exp.	8,31	-2,33	29,40
07:19:45:991	exp.	8,31	-2,41	28,90
07:19:46:001	exp.	8,31	-2,49	28,50
07:19:46:011	exp.	8,30	-2,57	28,00
07:19:46:021	exp.	8,27	-2,65	27,40
07:19:46:031	exp.	8,25	-2,74	26,90
07:19:46:041	exp.	8,22	-2,81	26,40
07:19:46:051	exp.	8,20	-2,87	25,90
07:19:46:061	exp.	8,19	-2,92	25,40
07:19:46:071	exp.	8,18	-2,96	24,90
07:19:46:081	exp.	8,17	-2,99	24,40
07:19:46:091	exp.	8,17	-3,02	23,90
07:19:46:101	exp.	8,17	-3,04	23,40
07:19:46:111	exp.	8,16	-3,05	22,90
07:19:46:121	exp.	8,16	-3,05	22,40
07:19:46:131	exp.	8,15	-3,05	21,90
07:19:46:141	exp.	8,14	-3,05	21,40
07:19:46:152	exp.	8,14	-3,03	21,00
07:19:46:161	exp.	8,13	-3,01	20,50
07:19:46:171	exp.	8,13	-2,96	20,10
07:19:46:181	exp.	8,13	-2,91	19,70
07:19:46:191	exp.	8,13	-2,85	19,30
07:19:46:201	exp.	8,12	-2,78	18,90
07:19:46:211	exp.	8,10	-2,71	18,60
07:19:46:221	exp.	8,08	-2,63	18,20
07:19:46:231	exp.	8,07	-2,54	17,90
07:19:46:241	exp.	8,05	-2,45	17,50
07:19:46:251	exp.	8,04	-2,36	17,20
07:19:46:261	exp.	8,02	-2,28	16,90
07:19:46:271	exp.	8,01	-2,20	16,70
07:19:46:281	exp.	8,00	-2,12	16,50
07:19:46:291	exp.	7,98	-2,03	16,30
07:19:46:301	exp.	7,96	-1,93	16,10
07:19:46:311	exp.	7,93	-1,80	16,00
07:19:46:321	exp.	7,89	-1,66	15,90
07:19:46:331	exp.	7,84	-1,49	15,90
07:19:46:341	exp.	7,79	-1,31	15,90
07:19:46:351	exp.	7,73	-1,12	15,90
07:19:46:361	exp.	7,67	-0,91	15,90
07:19:46:371	exp.	7,61	-0,70	15,90
07:19:46:381	exp.	7,56	-0,47	15,90
07:19:46:391	exp.	7,52	-0,25	15,90
07:19:46:401	exp.	7,50	-0,02	15,90
07:19:46:411	exp.	7,43	0,19	15,90
07:19:46:421	exp.	7,29	0,37	15,90
07:19:46:431	exp.	7,04	0,53	15,90
07:19:46:443	insp.	6,72	0,71	0,50	Pression
07:19:46:452	insp.	6,41	0,94	1,10
07:19:46:461	insp.	6,05	1,24	1,80
07:19:46:471	insp.	6,17	1,58	2,70
07:19:46:481	insp.	8,00	1,97	3,90
07:19:46:491	insp.	10,19	2,48	5,40
07:19:46:501	insp.	10,67	3,02	7,60
07:19:46:511	insp.	10,29	3,74	10,90
07:19:46:521	insp.	10,65	5,05	15,00
07:19:46:531	insp.	11,30	7,13	19,80
07:19:46:541	insp.	11,32	9,83	25,20
07:19:46:551	insp.	11,16	12,94	31,50
07:19:46:561	insp.	11,41	16,37	38,10
07:19:46:571	insp.	11,69	20,03	44,70
07:19:46:581	insp.	11,59	23,53	51,60
07:19:46:591	insp.	11,49	26,90	58,80
07:19:46:601	insp.	11,68	30,49	66,20
07:19:46:611	insp.	11,81	34,12	73,80
07:19:46:621	insp.	11,79	37,23	81,60
07:19:46:631	insp.	11,83	39,64	89,70
07:19:46:641	insp.	11,97	41,59	97,90
07:19:46:652	insp.	12,05	43,18	106,20
07:19:46:661	insp.	12,05	44,39	114,70
07:19:46:671	insp.	12,12	45,41	123,40
07:19:46:681	insp.	12,29	46,64	132,20
07:19:46:691	insp.	12,37	47,96	141,10
07:19:46:701	insp.	12,43	49,04	150,10
07:19:46:711	insp.	12,55	49,96	159,10
07:19:46:721	insp.	12,64	50,87	168,30
07:19:46:731	insp.	12,68	51,73	177,40
07:19:46:741	insp.	12,77	52,44	186,70
07:19:46:751	insp.	12,90	53,07	196,00
07:19:46:761	insp.	13,02	53,68	205,20
07:19:46:771	insp.	13,15	54,22	214,50
07:19:46:781	insp.	13,29	54,62	223,80
07:19:46:791	insp.	13,46	54,93	232,90
07:19:46:801	insp.	13,63	55,18	242,10
07:19:46:811	insp.	13,74	55,31	251,10
07:19:46:821	insp.	13,87	55,33	260,10
07:19:46:831	insp.	13,99	55,28	268,90
07:19:46:841	insp.	14,10	55,16	277,70
07:19:46:851	insp.	14,22	54,91	286,30
07:19:46:861	insp.	14,33	54,56	294,80
07:19:46:871	insp.	14,45	54,11	303,10
07:19:46:881	insp.	14,55	53,58	311,20
07:19:46:891	insp.	14,64	52,94	319,20
07:19:46:901	insp.	14,74	52,22	326,90
07:19:46:911	insp.	14,84	51,44	334,50
07:19:46:921	insp.	14,90	50,58	341,80
07:19:46:931	insp.	14,95	49,64	349,00
07:19:46:941	insp.	15,04	48,64	355,90
07:19:46:951	insp.	15,12	47,57	362,60
07:19:46:961	insp.	15,11	46,46	369,10
07:19:46:971	insp.	15,12	45,27	375,30
07:19:46:981	insp.	15,22	44,05	381,30
07:19:46:991	insp.	15,33	42,79	387,00
07:19:47:001	insp.	15,31	41,48	392,40
07:19:47:011	insp.	15,08	40,09	397,50
07:19:47:021	insp.	15,05	38,65	402,30
07:19:47:031	insp.	15,26	37,16	406,70
07:19:47:041	insp.	15,45	35,59	410,80
07:19:47:051	insp.	15,43	33,89	414,50
07:19:47:061	insp.	15,23	32,13	418,00
07:19:47:071	insp.	15,12	30,30	421,10
07:19:47:082	exp.	15,27	28,45	423,90
07:19:47:092	exp.	15,34	26,55	426,40
07:19:47:101	exp.	13,81	24,64	428,70
07:19:47:111	exp.	13,82	22,89	430,20
07:19:47:121	exp.	12,48	21,07	430,80
07:19:47:131	exp.	10,96	18,93	430,60
07:19:47:141	exp.	10,32	16,49	429,10
07:19:47:153	exp.	10,12	13,64	426,10
07:19:47:161	exp.	9,73	10,03	421,70
07:19:47:171	exp.	9,55	5,52	416,40
07:19:47:181	exp.	9,71	0,29	410,30
07:19:47:191	exp.	9,81	-5,26	403,80
07:19:47:201	exp.	9,75	-11,02	397,10
07:19:47:211	exp.	9,81	-16,88	390,80
07:19:47:221	exp.	9,93	-22,20	384,70
07:19:47:231	exp.	9,93	-26,74	378,80
07:19:47:241	exp.	9,90	-30,66	373,00
07:19:47:251	exp.	9,91	-33,82	367,50
07:19:47:261	exp.	9,89	-35,87	361,90
07:19:47:271	exp.	9,81	-36,81	356,50
07:19:47:281	exp.	9,75	-36,85	351,10
07:19:47:291	exp.	9,75	-36,32	345,80
07:19:47:301	exp.	9,73	-35,34	340,50
07:19:47:311	exp.	9,72	-34,22	335,30
07:19:47:321	exp.	9,72	-33,40	330,10
07:19:47:331	exp.	9,72	-32,84	324,90
07:19:47:341	exp.	9,65	-32,39	319,80
07:19:47:351	exp.	9,54	-32,05	314,70
07:19:47:361	exp.	9,40	-31,80	309,70
07:19:47:371	exp.	9,30	-31,52	304,80
07:19:47:381	exp.	9,22	-31,19	300,10
07:19:47:392	exp.	9,19	-30,85	295,40
07:19:47:401	exp.	9,20	-30,49	290,90
07:19:47:411	exp.	9,22	-30,07	286,50
07:19:47:421	exp.	9,25	-29,60	282,10
07:19:47:431	exp.	9,29	-29,11	277,80
07:19:47:441	exp.	9,29	-28,58	273,60
07:19:47:451	exp.	9,23	-28,01	269,40
07:19:47:461	exp.	9,20	-27,44	265,40
07:19:47:471	exp.	9,16	-26,86	261,40
07:19:47:481	exp.	9,14	-26,30	257,40
07:19:47:491	exp.	9,11	-25,78	253,50
07:19:47:501	exp.	9,08	-25,31	249,70
07:19:47:511	exp.	9,05	-24,89	245,80
07:19:47:521	exp.	9,02	-24,51	242,10
07:19:47:531	exp.	8,98	-24,17	238,40
07:19:47:541	exp.	8,95	-23,83	234,70
07:19:47:551	exp.	8,90	-23,48	231,20
07:19:47:561	exp.	8,87	-23,14	227,70
07:19:47:571	exp.	8,83	-22,79	224,30
07:19:47:581	exp.	8,81	-22,45	220,90
07:19:47:591	exp.	8,80	-22,10	217,70
07:19:47:601	exp.	8,79	-21,74	214,50
07:19:47:611	exp.	8,77	-21,34	211,40
07:19:47:621	exp.	8,74	-20,93	208,30
07:19:47:631	exp.	8,73	-20,48	205,30
07:19:47:641	exp.	8,72	-20,03	202,40
07:19:47:652	exp.	8,70	-19,60	199,50
07:19:47:661	exp.	8,66	-19,18	196,70
07:19:47:671	exp.	8,64	-18,77	193,90
07:19:47:681	exp.	8,64	-18,39	191,20
07:19:47:691	exp.	8,66	-18,01	188,50
07:19:47:701	exp.	8,69	-17,65	185,90
07:19:47:711	exp.	8,69	-17,30	183,30
07:19:47:721	exp.	8,68	-16,97	180,70
07:19:47:731	exp.	8,64	-16,69	178,10
07:19:47:741	exp.	8,61	-16,43	175,60
07:19:47:751	exp.	8,57	-16,17	173,20
07:19:47:761	exp.	8,54	-15,92	170,80
07:19:47:771	exp.	8,53	-15,66	168,40
07:19:47:781	exp.	8,54	-15,40	166,10
07:19:47:791	exp.	8,54	-15,14	163,90
07:19:47:801	exp.	8,55	-14,89	161,70
07:19:47:811	exp.	8,56	-14,65	159,50
07:19:47:821	exp.	8,57	-14,39	157,30
07:19:47:831	exp.	8,59	-14,14	155,10
07:19:47:841	exp.	8,59	-13,88	153,00
07:19:47:851	exp.	8,59	-13,66	150,80
07:19:47:861	exp.	8,58	-13,46	148,70
07:19:47:871	exp.	8,55	-13,29	146,60
07:19:47:881	exp.	8,53	-13,16	144,50
07:19:47:891	exp.	8,49	-13,04	142,40
07:19:47:901	exp.	8,46	-12,93	140,40
07:19:47:911	exp.	8,44	-12,82	138,40
07:19:47:921	exp.	8,44	-12,71	136,50
07:19:47:931	exp.	8,43	-12,58	134,50
07:19:47:941	exp.	8,43	-12,44	132,60
07:19:47:951	exp.	8,41	-12,29	130,80
07:19:47:961	exp.	8,40	-12,13	128,90
07:19:47:971	exp.	8,39	-11,95	127,10
07:19:47:981	exp.	8,39	-11,77	125,30
07:19:47:991	exp.	8,39	-11,58	123,60
07:19:48:001	exp.	8,39	-11,38	121,90
07:19:48:011	exp.	8,39	-11,20	120,10
07:19:48:021	exp.	8,39	-11,03	118,50
07:19:48:031	exp.	8,38	-10,87	116,80
07:19:48:041	exp.	8,38	-10,72	115,10
07:19:48:051	exp.	8,38	-10,57	113,50
07:19:48:061	exp.	8,38	-10,44	111,80
07:19:48:071	exp.	8,38	-10,31	110,20
07:19:48:081	exp.	8,37	-10,19	108,60
07:19:48:091	exp.	8,36	-10,09	107,00
07:19:48:101	exp.	8,35	-10,00	105,40
07:19:48:111	exp.	8,32	-9,91	103,90
07:19:48:121	exp.	8,30	-9,80	102,40
07:19:48:131	exp.	8,29	-9,68	101,00
07:19:48:141	exp.	8,28	-9,55	99,60
07:19:48:152	exp.	8,27	-9,41	98,20
07:19:48:161	exp.	8,27	-9,27	96,80
07:19:48:171	exp.	8,27	-9,12	95,40
07:19:48:181	exp.	8,27	-8,96	94,10
07:19:48:191	exp.	8,27	-8,80	92,80
07:19:48:201	exp.	8,28	-8,62	91,50
07:19:48:211	exp.	8,32	-8,45	90,20
07:19:48:221	exp.	8,35	-8,29	88,90
07:19:48:231	exp.	8,42	-8,14	87,60
07:19:48:241	exp.	8,47	-8,02	86,30
07:19:48:251	exp.	8,53	-7,93	84,90
07:19:48:261	exp.	8,54	-7,88	83,50
07:19:48:271	exp.	8,46	-7,90	82,10
07:19:48:281	exp.	8,31	-7,96	80,70
07:19:48:291	exp.	8,16	-8,03	79,30
07:19:48:301	exp.	8,09	-8,10	78,00
07:19:48:311	exp.	8,06	-8,15	76,70
07:19:48:321	exp.	8,06	-8,15	75,50
07:19:48:331	exp.	8,09	-8,12	74,40
07:19:48:341	exp.	8,14	-8,03	73,30
07:19:48:351	exp.	8,20	-7,90	72,30
07:19:48:361	exp.	8,27	-7,74	71,20
07:19:48:371	exp.	8,30	-7,53	70,20
07:19:48:381	exp.	8,33	-7,27	69,20
07:19:48:392	exp.	8,33	-6,98	68,20
07:19:48:401	exp.	8,30	-6,72	67,20
07:19:48:411	exp.	8,27	-6,49	66,30
07:19:48:421	exp.	8,26	-6,30	65,40
07:19:48:431	exp.	8,25	-6,14	64,40
07:19:48:441	exp.	8,24	-6,03	63,50
07:19:48:451	exp.	8,22	-5,93	62,60
07:19:48:461	exp.	8,19	-5,85	61,70
07:19:48:471	exp.	8,17	-5,77	60,80
07:19:48:481	exp.	8,16	-5,69	59,90
07:19:48:491	exp.	8,15	-5,63	59,00
07:19:48:501	exp.	8,14	-5,55	58,20
07:19:48:511	exp.	8,14	-5,47	57,40
07:19:48:521	exp.	8,14	-5,39	56,60
07:19:48:531	exp.	8,16	-5,32	55,80
07:19:48:541	exp.	8,17	-5,25	55,00
07:19:48:551	exp.	8,20	-5,16	54,20
07:19:48:561	exp.	8,21	-5,05	53,50
07:19:48:571	exp.	8,22	-4,94	52,80
07:19:48:581	exp.	8,20	-4,84	52,00
07:19:48:591	exp.	8,19	-4,75	51,30
07:19:48:601	exp.	8,20	-4,67	50,60
07:19:48:611	exp.	8,22	-4,60	49,90
07:19:48:621	exp.	8,27	-4,52	49,20
07:19:48:631	exp.	8,31	-4,45	48,50
07:19:48:641	exp.	8,33	-4,39	47,80
07:19:48:652	exp.	8,33	-4,34	47,00
07:19:48:661	exp.	8,30	-4,32	46,30
07:19:48:671	exp.	8,28	-4,31	45,60
07:19:48:681	exp.	8,26	-4,30	44,90
07:19:48:691	exp.	8,25	-4,28	44,20
07:19:48:701	exp.	8,24	-4,26	43,40
07:19:48:711	exp.	8,24	-4,25	42,70
07:19:48:721	exp.	8,24	-4,27	41,90
07:19:48:731	exp.	8,26	-4,31	41,10
07:19:48:741	exp.	8,26	-4,36	40,30
07:19:48:751	exp.	8,28	-4,43	39,50
07:19:48:761	exp.	8,31	-4,49	38,70
07:19:48:771	exp.	8,32	-4,55	37,90
07:19:48:781	exp.	8,32	-4,61	37,00
07:19:48:791	exp.	8,31	-4,68	36,20
07:19:48:801	exp.	8,29	-4,75	35,40
07:19:48:811	exp.	8,26	-4,82	34,60
07:19:48:821	exp.	8,22	-4,86	33,90
07:19:48:831	exp.	8,19	-4,87	33,20
07:19:48:841	exp.	8,18	-4,84	32,40
07:19:48:851	exp.	8,17	-4,78	31,80
07:19:48:861	exp.	8,17	-4,71	31,10
07:19:48:871	exp.	8,17	-4,63	30,40
07:19:48:881	exp.	8,17	-4,54	29,80
07:19:48:891	exp.	8,17	-4,45	29,10
07:19:48:902	exp.	8,17	-4,33	28,50
07:19:48:912	exp.	8,17	-4,21	27,90
07:19:48:921	exp.	8,17	-4,07	27,40
07:19:48:931	exp.	8,17	-3,95	26,80
07:19:48:941	exp.	8,16	-3,85	26,20
07:19:48:951	exp.	8,16	-3,76	25,70
07:19:48:961	exp.	8,16	-3,67	25,10
07:19:48:971	exp.	8,17	-3,59	24,60
07:19:48:981	exp.	8,17	-3,50	24,10
07:19:48:991	exp.	8,17	-3,43	23,50
07:19:49:001	exp.	8,15	-3,37	23,00
07:19:49:011	exp.	8,13	-3,31	22,50
07:19:49:021	exp.	8,12	-3,28	22,00
07:19:49:031	exp.	8,09	-3,25	21,50
07:19:49:041	exp.	8,08	-3,22	21,00
07:19:49:051	exp.	8,08	-3,17	20,60
07:19:49:061	exp.	8,08	-3,12	20,10
07:19:49:071	exp.	8,08	-3,06	19,70
07:19:49:081	exp.	8,10	-2,99	19,30
07:19:49:091	exp.	8,11	-2,92	18,90
07:19:49:101	exp.	8,11	-2,84	18,50
07:19:49:111	exp.	8,10	-2,76	18,20
07:19:49:121	exp.	8,10	-2,66	17,90
07:19:49:131	exp.	8,10	-2,55	17,60
07:19:49:141	exp.	8,11	-2,42	17,30
07:19:49:152	exp.	8,14	-2,29	17,00
07:19:49:161	exp.	8,20	-2,15	16,80
07:19:49:171	exp.	8,27	-2,02	16,50
07:19:49:181	exp.	8,36	-1,91	16,20
07:19:49:191	exp.	8,43	-1,82	15,90
07:19:49:201	exp.	8,46	-1,77	15,50
07:19:49:211	exp.	8,38	-1,76	15,10
07:19:49:221	exp.	8,23	-1,80	14,70
07:19:49:231	exp.	8,09	-1,86	14,40
07:19:49:241	exp.	8,01	-1,91	14,10
07:19:49:251	exp.	7,97	-1,94	13,90
07:19:49:261	exp.	7,96	-1,94	13,70
07:19:49:271	exp.	7,95	-1,91	13,60
07:19:49:281	exp.	7,95	-1,85	13,50
07:19:49:291	exp.	7,97	-1,75	13,40
07:19:49:301	exp.	7,99	-1,63	13,30
07:19:49:311	exp.	8,03	-1,45	13,20
07:19:49:321	exp.	8,05	-1,24	13,10
07:19:49:331	exp.	8,07	-1,03	13,00
07:19:49:341	exp.	8,08	-0,86	12,80
07:19:49:351	exp.	8,08	-0,76	12,70
07:19:49:361	exp.	8,08	-0,70	12,60
07:19:49:371	exp.	8,07	-0,67	12,50
07:19:49:381	exp.	8,06	-0,66	12,40
07:19:49:393	exp.	8,06	-0,65	12,30
07:19:49:402	exp.	8,06	-0,64	12,20
07:19:49:411	exp.	8,05	-0,63	12,10
07:19:49:421	exp.	8,03	-0,64	12,10
07:19:49:431	exp.	8,01	-0,64	12,00
07:19:49:441	exp.	8,00	-0,61	12,00
07:19:49:451	exp.	8,01	-0,57	11,90
07:19:49:461	exp.	8,02	-0,50	11,80
07:19:49:471	exp.	8,04	-0,45	11,80
07:19:49:481	exp.	8,08	-0,41	11,70
07:19:49:491	exp.	8,11	-0,38	11,60
07:19:49:501	exp.	8,14	-0,38	11,50
07:19:49:511	exp.	8,15	-0,40	11,40
07:19:49:521	exp.	8,15	-0,42	11,30
07:19:49:531	exp.	8,14	-0,45	11,20
07:19:49:541	exp.	8,16	-0,49	11,00
07:19:49:551	exp.	8,21	-0,52	10,90
07:19:49:561	exp.	8,26	-0,56	10,70
07:19:49:571	exp.	8,30	-0,62	10,60
07:19:49:581	exp.	8,31	-0,68	10,40
07:19:49:591	exp.	8,31	-0,76	10,10
07:19:49:601	exp.	8,29	-0,85	9,90
07:19:49:611	exp.	8,27	-0,94	9,60
07:19:49:621	exp.	8,25	-1,02	9,30
07:19:49:631	exp.	8,24	-1,10	9,10
07:19:49:641	exp.	8,24	-1,19	8,70
07:19:49:652	exp.	8,24	-1,30	8,40
07:19:49:661	exp.	8,25	-1,42	8,10
07:19:49:671	exp.	8,26	-1,55	7,70
07:19:49:681	exp.	8,27	-1,67	7,30
07:19:49:691	exp.	8,30	-1,78	6,90
07:19:49:701	exp.	8,31	-1,87	6,50
07:19:49:711	exp.	8,31	-1,96	6,10
07:19:49:721	exp.	8,31	-2,06	5,70
07:19:49:731	exp.	8,28	-2,15	5,30
07:19:49:741	exp.	8,26	-2,26	4,80
07:19:49:751	exp.	8,22	-2,34	4,40
07:19:49:761	exp.	8,19	-2,41	4,00
07:19:49:771	exp.	8,18	-2,45	3,60
07:19:49:781	exp.	8,18	-2,47	3,20
07:19:49:791	exp.	8,17	-2,48	2,80
07:19:49:801	exp.	8,17	-2,48	2,40
07:19:49:811	exp.	8,17	-2,48	2,00
07:19:49:821	exp.	8,18	-2,47	1,60
07:19:49:831	exp.	8,18	-2,45	1,20
07:19:49:841	exp.	8,17	-2,44	0,80
07:19:49:851	exp.	8,17	-2,42	0,40
07:19:49:861	exp.	8,17	-2,41	0,00
07:19:49:871	exp.	8,16	-2,41	-0,40
07:19:49:881	exp.	8,16	-2,42	-0,80
07:19:49:891	exp.	8,14	-2,42	-1,20
07:19:49:902	exp.	8,14	-2,42	-1,60
07:19:49:912	exp.	8,13	-2,42	-2,00
07:19:49:921	exp.	8,13	-2,41	-2,40
07:19:49:931	exp.	8,13	-2,39	-2,70
07:19:49:941	exp.	8,13	-2,37	-3,10
07:19:49:951	exp.	8,13	-2,35	-3,50
07:19:49:961	exp.	8,12	-2,32	-3,80
07:19:49:971	exp.	8,10	-2,30	-4,10
07:19:49:981	exp.	8,07	-2,27	-4,40
07:19:49:991	exp.	8,05	-2,22	-4,70
07:19:50:001	exp.	8,04	-2,17	-5,00
07:19:50:011	exp.	8,04	-2,10	-5,30
07:19:50:021	exp.	8,03	-2,03	-5,50
07:19:50:031	exp.	8,03	-1,94	-5,70
07:19:50:041	exp.	8,03	-1,85	-5,90
07:19:50:051	exp.	8,02	-1,75	-6,10
07:19:50:061	exp.	8,02	-1,64	-6,20
07:19:50:071	exp.	8,01	-1,52	-6,40
07:19:50:081	exp.	8,02	-1,40	-6,50
07:19:50:091	exp.	8,05	-1,27	-6,60
07:19:50:101	exp.	8,09	-1,15	-6,70
07:19:50:111	exp.	8,15	-1,04	-6,90
07:19:50:121	exp.	8,21	-0,95	-7,10
07:19:50:131	exp.	8,27	-0,89	-7,30
07:19:50:141	exp.	8,27	-0,88	-7,50
07:19:50:152	exp.	8,17	-0,91	-7,80
07:19:50:161	exp.	8,02	-0,98	-8,00
07:19:50:171	exp.	7,86	-1,06	-8,20
07:19:50:181	exp.	7,77	-1,13	-8,30
07:19:50:191	exp.	7,70	-1,15	-8,30
07:19:50:201	exp.	7,60	-1,12	-8,30
07:19:50:211	exp.	7,46	-1,04	-8,30
07:19:50:221	exp.	7,32	-0,92	-8,30
07:19:50:231	exp.	7,16	-0,73	-8,30
07:19:50:241	exp.	6,96	-0,46	-8,30
07:19:50:253	insp.	6,73	-0,11	0,50	Pression
07:19:50:261	insp.	6,51	0,34	1,10
07:19:50:271	insp.	6,21	0,85	1,70
07:19:50:281	insp.	6,54	1,33	2,50
07:19:50:291	insp.	8,40	1,78	3,70
07:19:50:301	insp.	10,22	2,31	5,10
07:19:50:311	insp.	10,47	2,85	7,30
07:19:50:321	insp.	10,20	3,62	10,60
07:19:50:331	insp.	10,63	4,99	14,60
07:19:50:341	insp.	11,19	7,05	19,30
07:19:50:351	insp.	11,14	9,65	24,70
07:19:50:361	insp.	11,02	12,62	30,90
07:19:50:371	insp.	11,31	15,95	37,30
07:19:50:381	insp.	11,53	19,53	43,80
07:19:50:391	insp.	11,44	23,01	50,50
07:19:50:402	insp.	11,44	26,43	57,70
07:19:50:411	insp.	11,67	30,08	65,10
07:19:50:421	insp.	11,81	33,66	72,60
07:19:50:431	insp.	11,78	36,66	80,30
07:19:50:441	insp.	11,84	39,04	88,40
07:19:50:451	insp.	11,99	40,99	96,50
07:19:50:461	insp.	12,07	42,62	104,80
07:19:50:471	insp.	12,12	43,89	113,20
07:19:50:481	insp.	12,23	45,01	121,90
07:19:50:491	insp.	12,37	46,32	130,60
07:19:50:501	insp.	12,48	47,63	139,40
07:19:50:511	insp.	12,55	48,68	148,30
07:19:50:521	insp.	12,64	49,58	157,20
07:19:50:531	insp.	12,73	50,48	166,20
07:19:50:541	insp.	12,78	51,31	175,30
07:19:50:551	insp.	12,85	51,98	184,40
07:19:50:561	insp.	12,93	52,56	193,50
07:19:50:571	insp.	13,00	53,11	202,70
07:19:50:581	insp.	13,06	53,58	211,80
07:19:50:591	insp.	13,14	53,92	221,00
07:19:50:601	insp.	13,21	54,20	230,10
07:19:50:611	insp.	13,28	54,44	239,20
07:19:50:621	insp.	13,33	54,60	248,30
07:19:50:631	insp.	13,39	54,69	257,30
07:19:50:641	insp.	13,47	54,74	266,30
07:19:50:652	insp.	13,53	54,74	275,30
07:19:50:661	insp.	13,61	54,68	284,20
07:19:50:671	insp.	13,67	54,55	293,00
07:19:50:681	insp.	13,75	54,37	301,70
07:19:50:691	insp.	13,87	54,15	310,40
07:19:50:701	insp.	14,00	53,87	318,90
07:19:50:711	insp.	14,10	53,54	327,30
07:19:50:721	insp.	14,21	53,16	335,60
07:19:50:731	insp.	14,35	52,72	343,70
07:19:50:741	insp.	14,47	52,20	351,70
07:19:50:751	insp.	14,58	51,62	359,50
07:19:50:761	insp.	14,70	50,96	367,10
07:19:50:771	insp.	14,81	50,24	374,50
07:19:50:781	insp.	14,89	49,46	381,80
07:19:50:791	insp.	14,99	48,60	388,80
07:19:50:801	insp.	15,10	47,67	395,60
07:19:50:811	insp.	15,14	46,67	402,20
07:19:50:821	insp.	15,08	45,60	408,50
07:19:50:831	insp.	15,03	44,47	414,60
07:19:50:841	insp.	15,14	43,28	420,50
07:19:50:851	insp.	15,28	42,04	426,00
07:19:50:861	insp.	15,35	40,72	431,20
07:19:50:871	insp.	15,25	39,31	436,20
07:19:50:881	insp.	15,10	37,83	440,80
07:19:50:891	insp.	15,18	36,29	445,10
07:19:50:902	insp.	15,41	34,70	449,10
07:19:50:911	insp.	15,54	33,03	452,70
07:19:50:922	exp.	15,46	31,28	456,00
07:19:50:932	exp.	15,15	29,46	459,00
07:19:50:941	exp.	14,55	27,58	461,60
07:19:50:951	exp.	14,00	25,70	463,80
07:19:50:961	exp.	13,63	23,95	465,10
07:19:50:971	exp.	12,26	22,01	465,40
07:19:50:981	exp.	11,02	19,70	464,70
07:19:50:992	exp.	10,48	16,96	462,60
07:19:51:002	exp.	10,15	13,52	458,90
07:19:51:011	exp.	9,78	9,20	453,80
07:19:51:021	exp.	9,78	4,09	448,00
07:19:51:031	exp.	10,00	-1,55	441,40
07:19:51:041	exp.	10,07	-7,46	434,20
07:19:51:051	exp.	10,07	-13,64	427,10
07:19:51:061	exp.	10,18	-19,85	420,10
07:19:51:071	exp.	10,30	-25,46	413,30
07:19:51:081	exp.	10,28	-30,35	406,60
07:19:51:091	exp.	10,20	-34,55	400,10
07:19:51:101	exp.	10,12	-37,78	393,80
07:19:51:111	exp.	9,99	-39,78	387,60
07:19:51:121	exp.	9,87	-40,70	381,70
07:19:51:131	exp.	9,83	-40,76	375,90
07:19:51:141	exp.	9,81	-40,22	370,20
07:19:51:152	exp.	9,81	-39,14	364,70
07:19:51:161	exp.	9,82	-37,92	359,20
07:19:51:171	exp.	9,86	-36,89	353,80
07:19:51:181	exp.	9,87	-36,00	348,30
07:19:51:191	exp.	9,84	-35,18	343,00
07:19:51:201	exp.	9,80	-34,47	337,60
07:19:51:211	exp.	9,76	-33,87	332,30
07:19:51:221	exp.	9,71	-33,32	327,10
07:19:51:231	exp.	9,66	-32,83	321,90
07:19:51:241	exp.	9,63	-32,45	316,70
07:19:51:251	exp.	9,61	-32,17	311,60
07:19:51:261	exp.	9,56	-31,93	306,50
07:19:51:271	exp.	9,52	-31,73	301,40
07:19:51:281	exp.	9,49	-31,53	296,50
07:19:51:291	exp.	9,45	-31,30	291,60
07:19:51:301	exp.	9,42	-31,01	286,70
07:19:51:311	exp.	9,36	-30,71	282,00
07:19:51:321	exp.	9,32	-30,40	277,30
07:19:51:331	exp.	9,28	-30,07	272,70
07:19:51:341	exp.	9,24	-29,71	268,20
07:19:51:351	exp.	9,23	-29,33	263,80
07:19:51:361	exp.	9,22	-28,91	259,50
07:19:51:371	exp.	9,18	-28,46	255,20
07:19:51:381	exp.	9,14	-28,00	251,00
07:19:51:392	exp.	9,09	-27,53	246,90
07:19:51:401	exp.	9,05	-27,07	242,80
07:19:51:411	exp.	9,04	-26,60	238,90
07:19:51:421	exp.	9,03	-26,12	235,00
07:19:51:431	exp.	9,03	-25,62	231,20
07:19:51:441	exp.	9,03	-25,14	227,40
07:19:51:451	exp.	9,03	-24,68	223,70
07:19:51:461	exp.	8,99	-24,24	220,10
07:19:51:471	exp.	8,95	-23,82	216,50
07:19:51:481	exp.	8,91	-23,42	212,90
07:19:51:491	exp.	8,88	-23,00	209,40
07:19:51:501	exp.	8,86	-22,61	206,00
07:19:51:511	exp.	8,85	-22,22	202,60
07:19:51:521	exp.	8,85	-21,88	199,30
07:19:51:531	exp.	8,86	-21,56	196,00
07:19:51:541	exp.	8,86	-21,27	192,70
07:19:51:551	exp.	8,86	-20,98	189,50
07:19:51:561	exp.	8,84	-20,68	186,40
07:19:51:571	exp.	8,85	-20,37	183,30
07:19:51:581	exp.	8,85	-20,06	180,20
07:19:51:591	exp.	8,83	-19,76	177,10
07:19:51:601	exp.	8,80	-19,49	174,10
07:19:51:611	exp.	8,76	-19,24	171,20
07:19:51:621	exp.	8,72	-18,99	168,20
07:19:51:631	exp.	8,68	-18,74	165,30
07:19:51:641	exp.	8,65	-18,51	162,50
07:19:51:652	exp.	8,64	-18,27	159,70
07:19:51:661	exp.	8,62	-18,02	157,00
07:19:51:671	exp.	8,62	-17,78	154,30
07:19:51:681	exp.	8,62	-17,53	151,70
07:19:51:691	exp.	8,62	-17,27	149,10
07:19:51:701	exp.	8,60	-17,00	146,60
07:19:51:711	exp.	8,58	-16,71	144,10
07:19:51:721	exp.	8,55	-16,40	141,70
07:19:51:731	exp.	8,53	-16,07	139,40
07:19:51:741	exp.	8,51	-15,74	137,10
07:19:51:751	exp.	8,50	-15,40	134,90
07:19:51:761	exp.	8,49	-15,05	132,70
07:19:51:771	exp.	8,48	-14,71	130,60
07:19:51:781	exp.	8,47	-14,37	128,50
07:19:51:791	exp.	8,47	-14,05	126,40
07:19:51:801	exp.	8,45	-13,73	124,40
07:19:51:811	exp.	8,42	-13,44	122,40
07:19:51:821	exp.	8,41	-13,16	120,40
07:19:51:831	exp.	8,41	-12,90	118,50
07:19:51:841	exp.	8,41	-12,65	116,60
07:19:51:851	exp.	8,40	-12,42	114,70
07:19:51:862	exp.	8,39	-12,22	112,80
07:19:51:871	exp.	8,37	-12,02	111,00
07:19:51:881	exp.	8,36	-11,84	109,20
07:19:51:891	exp.	8,35	-11,66	107,40
07:19:51:901	exp.	8,34	-11,50	105,70
07:19:51:911	exp.	8,34	-11,32	104,00
07:19:51:921	exp.	8,32	-11,14	102,30
07:19:51:931	exp.	8,30	-10,96	100,70
07:19:51:941	exp.	8,29	-10,78	99,10
07:19:51:951	exp.	8,30	-10,59	97,50
07:19:51:961	exp.	8,32	-10,39	96,00
07:19:51:971	exp.	8,33	-10,18	94,50
07:19:51:981	exp.	8,35	-9,97	93,10
07:19:51:991	exp.	8,39	-9,75	91,60
07:19:52:001	exp.	8,43	-9,54	90,20
07:19:52:011	exp.	8,49	-9,35	88,70
07:19:52:021	exp.	8,53	-9,17	87,20
07:19:52:031	exp.	8,52	-9,03	85,70
07:19:52:041	exp.	8,41	-8,94	84,20
07:19:52:051	exp.	8,26	-8,90	82,80
07:19:52:061	exp.	8,14	-8,89	81,40
07:19:52:071	exp.	8,08	-8,86	80,00
07:19:52:081	exp.	8,06	-8,80	78,80
07:19:52:091	exp.	8,07	-8,69	77,60
07:19:52:101	exp.	8,10	-8,56	76,40
07:19:52:111	exp.	8,14	-8,39	75,30
07:19:52:121	exp.	8,20	-8,21	74,20
07:19:52:131	exp.	8,25	-7,99	73,20
07:19:52:141	exp.	8,29	-7,73	72,10
07:19:52:152	exp.	8,32	-7,42	71,10
07:19:52:161	exp.	8,32	-7,09	70,20
07:19:52:171	exp.	8,31	-6,80	69,20
07:19:52:181	exp.	8,28	-6,56	68,20
07:19:52:191	exp.	8,26	-6,37	67,30
07:19:52:201	exp.	8,25	-6,20	66,30
07:19:52:211	exp.	8,25	-6,07	65,40
07:19:52:221	exp.	8,24	-5,96	64,40
07:19:52:231	exp.	8,24	-5,87	63,50
07:19:52:241	exp.	8,22	-5,81	62,60
07:19:52:251	exp.	8,19	-5,77	61,60
07:19:52:261	exp.	8,18	-5,73	60,70
07:19:52:271	exp.	8,16	-5,69	59,80
07:19:52:281	exp.	8,16	-5,64	59,00
07:19:52:291	exp.	8,20	-5,58	58,10
07:19:52:301	exp.	8,22	-5,53	57,20
07:19:52:311	exp.	8,25	-5,48	56,40
07:19:52:321	exp.	8,29	-5,42	55,50
07:19:52:331	exp.	8,30	-5,38	54,70
07:19:52:341	exp.	8,30	-5,32	53,80
07:19:52:351	exp.	8,27	-5,27	53,00
07:19:52:361	exp.	8,25	-5,23	52,10
07:19:52:371	exp.	8,25	-5,18	51,30
07:19:52:381	exp.	8,29	-5,13	50,50
07:19:52:391	exp.	8,32	-5,08	49,70
07:19:52:401	exp.	8,36	-5,04	48,90
07:19:52:411	exp.	8,37	-5,01	48,00
07:19:52:421	exp.	8,35	-5,01	47,10
07:19:52:431	exp.	8,32	-5,02	46,20
07:19:52:441	exp.	8,29	-5,04	45,40
07:19:52:451	exp.	8,28	-5,05	44,50
07:19:52:461	exp.	8,26	-5,06	43,60
07:19:52:471	exp.	8,25	-5,08	42,70
07:19:52:481	exp.	8,24	-5,12	41,80
07:19:52:491	exp.	8,24	-5,17	41,00
07:19:52:501	exp.	8,24	-5,23	40,10
07:19:52:511	exp.	8,24	-5,28	39,20
07:19:52:521	exp.	8,24	-5,30	38,30
07:19:52:531	exp.	8,24	-5,30	37,40
07:19:52:541	exp.	8,22	-5,30	36,60
07:19:52:551	exp.	8,20	-5,29	35,70
07:19:52:561	exp.	8,16	-5,29	34,90
07:19:52:571	exp.	8,13	-5,29	34,10
07:19:52:581	exp.	8,11	-5,26	33,30
07:19:52:591	exp.	8,09	-5,20	32,60
07:19:52:601	exp.	8,10	-5,12	31,90
07:19:52:611	exp.	8,11	-5,00	31,30
07:19:52:621	exp.	8,13	-4,85	30,60
07:19:52:631	exp.	8,14	-4,70	30,10
07:19:52:641	exp.	8,15	-4,53	29,50
07:19:52:652	exp.	8,16	-4,34	28,90
07:19:52:661	exp.	8,16	-4,14	28,40
07:19:52:671	exp.	8,15	-3,95	27,90
07:19:52:681	exp.	8,14	-3,77	27,40
07:19:52:691	exp.	8,14	-3,61	26,90
07:19:52:701	exp.	8,13	-3,47	26,40
07:19:52:711	exp.	8,13	-3,35	25,90
07:19:52:721	exp.	8,13	-3,25	25,50
07:19:52:731	exp.	8,15	-3,15	25,00
07:19:52:741	exp.	8,18	-3,06	24,60
07:19:52:751	exp.	8,20	-2,98	24,20
07:19:52:761	exp.	8,21	-2,89	23,80
07:19:52:771	exp.	8,23	-2,80	23,40
07:19:52:781	exp.	8,24	-2,71	23,10
07:19:52:791	exp.	8,25	-2,62	22,70
07:19:52:801	exp.	8,26	-2,53	22,40
07:19:52:811	exp.	8,26	-2,44	22,10
07:19:52:821	exp.	8,25	-2,35	21,70
07:19:52:831	exp.	8,24	-2,26	21,40
07:19:52:841	exp.	8,23	-2,17	21,10
07:19:52:851	exp.	8,20	-2,10	20,80
07:19:52:861	exp.	8,18	-2,03	20,60
07:19:52:871	exp.	8,16	-1,97	20,30
07:19:52:881	exp.	8,13	-1,91	20,00
07:19:52:891	exp.	8,11	-1,85	19,80
07:19:52:902	exp.	8,09	-1,80	19,50
07:19:52:911	exp.	8,08	-1,75	19,30
07:19:52:921	exp.	8,06	-1,69	19,10
07:19:52:931	exp.	8,07	-1,63	18,90
07:19:52:941	exp.	8,10	-1,57	18,70
07:19:52:951	exp.	8,14	-1,50	18,50
07:19:52:961	exp.	8,19	-1,42	18,30
07:19:52:971	exp.	8,22	-1,36	18,10
07:19:52:981	exp.	8,20	-1,31	17,90
07:19:52:991	exp.	8,09	-1,28	17,70
07:19:53:001	exp.	7,90	-1,27	17,60
07:19:53:011	exp.	7,70	-1,25	17,60
07:19:53:021	exp.	7,51	-1,20	17,60
07:19:53:031	exp.	7,30	-1,07	17,60
07:19:53:041	exp.	7,08	-0,86	17,60
07:19:53:051	exp.	6,82	-0,58	17,60
07:19:53:063	insp.	6,51	-0,22	0,60	Pression
07:19:53:071	insp.	6,22	0,22	1,30
07:19:53:081	insp.	5,92	0,71	2,00
07:19:53:091	insp.	6,65	1,24	3,00
07:19:53:101	insp.	9,07	1,84	4,20
07:19:53:111	insp.	10,71	2,54	5,90
07:19:53:121	insp.	10,60	3,22	8,40
07:19:53:131	insp.	10,33	4,17	11,90
07:19:53:141	insp.	10,88	5,75	16,40
07:19:53:152	insp.	11,29	8,03	21,40
07:19:53:161	insp.	11,10	10,84	27,30
07:19:53:171	insp.	11,05	14,05	33,90
07:19:53:181	insp.	11,37	17,60	40,60
07:19:53:191	insp.	11,54	21,33	47,40
07:19:53:201	insp.	11,43	24,86	54,50
07:19:53:211	insp.	11,48	28,42	62,00
07:19:53:221	insp.	11,73	32,23	69,60
07:19:53:231	insp.	11,83	35,87	77,30
07:19:53:241	insp.	11,83	38,81	85,40
07:19:53:251	insp.	11,93	41,09	93,60
07:19:53:261	insp.	12,10	42,94	102,00
07:19:53:271	insp.	12,18	44,41	110,40
07:19:53:281	insp.	12,18	45,51	119,10
07:19:53:291	insp.	12,29	46,55	127,90
07:19:53:301	insp.	12,42	47,83	136,80
07:19:53:311	insp.	12,47	49,03	145,70
07:19:53:321	insp.	12,51	49,97	154,80
07:19:53:331	insp.	12,65	50,82	163,90
07:19:53:341	insp.	12,76	51,69	173,10
07:19:53:351	insp.	12,83	52,45	182,30
07:19:53:361	insp.	12,94	53,06	191,50
07:19:53:371	insp.	13,05	53,60	200,80
07:19:53:381	insp.	13,12	54,10	210,00
07:19:53:391	insp.	13,18	54,50	219,20
07:19:53:402	insp.	13,26	54,77	228,40
07:19:53:411	insp.	13,36	55,01	237,60
07:19:53:421	insp.	13,47	55,19	246,70
07:19:53:431	insp.	13,61	55,27	255,80
07:19:53:441	insp.	13,72	55,26	264,80
07:19:53:451	insp.	13,81	55,18	273,70
07:19:53:461	insp.	13,92	55,04	282,40
07:19:53:471	insp.	14,10	54,80	291,10
07:19:53:481	insp.	14,26	54,50	299,60
07:19:53:491	insp.	14,38	54,13	308,00
07:19:53:501	insp.	14,51	53,66	316,20
07:19:53:511	insp.	14,63	53,11	324,20
07:19:53:521	insp.	14,73	52,45	332,10
07:19:53:531	insp.	14,79	51,71	339,80
07:19:53:541	insp.	14,87	50,90	347,20
07:19:53:551	insp.	14,98	50,03	354,50
07:19:53:561	insp.	15,07	49,10	361,50
07:19:53:571	insp.	15,12	48,09	368,30
07:19:53:581	insp.	15,12	47,00	374,90
07:19:53:591	insp.	15,12	45,85	381,20
07:19:53:601	insp.	15,16	44,65	387,30
07:19:53:611	insp.	15,25	43,38	393,10
07:19:53:621	insp.	15,27	42,06	398,60
07:19:53:631	insp.	15,17	40,69	403,80
07:19:53:641	insp.	15,14	39,25	408,80
07:19:53:652	insp.	15,27	37,76	413,40
07:19:53:661	insp.	15,43	36,22	417,80
07:19:53:671	insp.	15,43	34,64	421,90
07:19:53:681	insp.	15,27	33,00	425,60
07:19:53:691	insp.	15,22	31,32	429,10
07:19:53:702	exp.	15,36	29,63	432,30
07:19:53:711	exp.	15,47	27,90	435,10
07:19:53:721	exp.	14,16	26,14	437,60
07:19:53:731	exp.	14,01	24,41	439,60
07:19:53:741	exp.	12,95	22,75	440,60
07:19:53:751	exp.	11,34	20,81	440,70
07:19:53:761	exp.	10,47	18,51	439,80
07:19:53:771	exp.	10,23	15,81	437,30
07:19:53:781	exp.	9,90	12,38	433,30
07:19:53:791	exp.	9,56	8,00	428,20
07:19:53:801	exp.	9,65	2,81	422,30
07:19:53:811	exp.	9,88	-2,88	415,80
07:19:53:821	exp.	9,88	-8,76	409,00
07:19:53:831	exp.	9,86	-14,79	402,50
07:19:53:841	exp.	9,99	-20,55	396,20
07:19:53:851	exp.	10,05	-25,51	390,10
07:19:53:862	exp.	10,06	-29,77	384,20
07:19:53:872	exp.	10,05	-33,35	378,50
07:19:53:881	exp.	10,03	-35,87	372,90
07:19:53:891	exp.	9,97	-37,20	367,30
07:19:53:902	exp.	9,92	-37,53	361,80
07:19:53:911	exp.	9,93	-37,16	356,30
07:19:53:921	exp.	9,93	-36,35	350,90
07:19:53:931	exp.	9,93	-35,24	345,40
07:19:53:941	exp.	9,89	-34,31	340,00
07:19:53:951	exp.	9,80	-33,74	334,60
07:19:53:961	exp.	9,68	-33,33	329,30
07:19:53:971	exp.	9,58	-33,00	324,00
07:19:53:981	exp.	9,52	-32,78	318,80
07:19:53:991	exp.	9,50	-32,56	313,70
07:19:54:001	exp.	9,48	-32,30	308,70
07:19:54:011	exp.	9,48	-32,02	303,70
07:19:54:021	exp.	9,48	-31,74	298,80
07:19:54:031	exp.	9,49	-31,45	293,90
07:19:54:041	exp.	9,50	-31,12	289,20
07:19:54:051	exp.	9,49	-30,74	284,40
07:19:54:061	exp.	9,47	-30,33	279,80
07:19:54:071	exp.	9,44	-29,91	275,10
07:19:54:081	exp.	9,41	-29,50	270,60
07:19:54:091	exp.	9,36	-29,12	266,10
07:19:54:101	exp.	9,31	-28,75	261,60
07:19:54:111	exp.	9,26	-28,40	257,20
07:19:54:121	exp.	9,24	-28,07	252,80
07:19:54:131	exp.	9,23	-27,75	248,40
07:19:54:141	exp.	9,20	-27,45	244,10
07:19:54:152	exp.	9,17	-27,17	239,80
07:19:54:161	exp.	9,15	-26,90	235,60
07:19:54:171	exp.	9,11	-26,63	231,50
07:19:54:181	exp.	9,08	-26,35	227,50
07:19:54:191	exp.	9,05	-26,05	223,50
07:19:54:201	exp.	9,04	-25,73	219,60
07:19:54:211	exp.	9,03	-25,39	215,80
07:19:54:221	exp.	9,02	-25,04	212,00
07:19:54:231	exp.	8,99	-24,68	208,30
07:19:54:241	exp.	8,96	-24,29	204,60
07:19:54:251	exp.	8,92	-23,88	201,10
07:19:54:261	exp.	8,88	-23,47	197,60
07:19:54:271	exp.	8,86	-23,05	194,10
07:19:54:281	exp.	8,86	-22,63	190,70
07:19:54:291	exp.	8,89	-22,22	187,40
07:19:54:301	exp.	8,91	-21,83	184,10
07:19:54:311	exp.	8,91	-21,46	180,80
07:19:54:321	exp.	8,91	-21,10	177,60
07:19:54:331	exp.	8,89	-20,76	174,40
07:19:54:341	exp.	8,85	-20,44	171,30
07:19:54:351	exp.	8,82	-20,13	168,20
07:19:54:361	exp.	8,80	-19,82	165,20
07:19:54:371	exp.	8,77	-19,53	162,20
07:19:54:381	exp.	8,77	-19,25	159,30
07:19:54:391	exp.	8,77	-18,98	156,30
07:19:54:402	exp.	8,77	-18,74	153,40
07:19:54:411	exp.	8,77	-18,51	150,50
07:19:54:421	exp.	8,77	-18,28	147,70
07:19:54:431	exp.	8,78	-18,05	144,90
07:19:54:441	exp.	8,78	-17,83	142,10
07:19:54:451	exp.	8,77	-17,62	139,30
07:19:54:461	exp.	8,73	-17,44	136,50
07:19:54:471	exp.	8,68	-17,28	133,70
07:19:54:481	exp.	8,63	-17,15	131,00
07:19:54:491	exp.	8,59	-17,02	128,40
07:19:54:501	exp.	8,58	-16,88	125,70
07:19:54:511	exp.	8,57	-16,72	123,20
07:19:54:521	exp.	8,56	-16,54	120,70
07:19:54:531	exp.	8,54	-16,34	118,20
07:19:54:541	exp.	8,53	-16,13	115,80
07:19:54:551	exp.	8,53	-15,91	113,50
07:19:54:561	exp.	8,54	-15,65	111,10
07:19:54:571	exp.	8,54	-15,38	108,90
07:19:54:581	exp.	8,52	-15,08	106,70
07:19:54:591	exp.	8,50	-14,77	104,50
07:19:54:601	exp.	8,47	-14,45	102,40
07:19:54:611	exp.	8,44	-14,14	100,30
07:19:54:621	exp.	8,43	-13,84	98,30
07:19:54:631	exp.	8,43	-13,57	96,20
07:19:54:641	exp.	8,42	-13,30	94,20
07:19:54:652	exp.	8,42	-13,04	92,30
07:19:54:661	exp.	8,42	-12,80	90,40
07:19:54:671	exp.	8,41	-12,57	88,50
07:19:54:681	exp.	8,39	-12,35	86,60
07:19:54:691	exp.	8,38	-12,13	84,80
07:19:54:701	exp.	8,37	-11,93	83,00
07:19:54:711	exp.	8,35	-11,72	81,20
07:19:54:721	exp.	8,34	-11,53	79,50
07:19:54:731	exp.	8,34	-11,34	77,80
07:19:54:741	exp.	8,33	-11,15	76,20
07:19:54:751	exp.	8,32	-10,96	74,50
07:19:54:761	exp.	8,32	-10,75	73,00
07:19:54:771	exp.	8,31	-10,54	71,40
07:19:54:781	exp.	8,30	-10,33	69,90
07:19:54:791	exp.	8,27	-10,12	68,50
07:19:54:801	exp.	8,26	-9,91	67,10
07:19:54:811	exp.	8,25	-9,68	65,70
07:19:54:821	exp.	8,25	-9,46	64,30
07:19:54:831	exp.	8,25	-9,23	63,00
07:19:54:841	exp.	8,26	-9,01	61,70
07:19:54:851	exp.	8,27	-8,78	60,40
07:19:54:861	exp.	8,29	-8,58	59,10
07:19:54:871	exp.	8,34	-8,39	57,80
07:19:54:881	exp.	8,41	-8,21	56,50
07:19:54:891	exp.	8,47	-8,06	55,20
07:19:54:902	exp.	8,47	-7,94	53,90
07:19:54:911	exp.	8,38	-7,85	52,60
07:19:54:921	exp.	8,24	-7,82	51,30
07:19:54:931	exp.	8,10	-7,81	50,10
07:19:54:941	exp.	8,05	-7,79	48,90
07:19:54:951	exp.	8,05	-7,74	47,80
07:19:54:961	exp.	8,07	-7,64	46,70
07:19:54:971	exp.	8,08	-7,53	45,70
07:19:54:981	exp.	8,12	-7,39	44,70
07:19:54:991	exp.	8,16	-7,22	43,70
07:19:55:001	exp.	8,21	-7,05	42,80
07:19:55:011	exp.	8,26	-6,84	41,80
07:19:55:021	exp.	8,30	-6,59	40,90
07:19:55:031	exp.	8,31	-6,32	40,00
07:19:55:041	exp.	8,30	-6,07	39,20
07:19:55:051	exp.	8,28	-5,87	38,30
07:19:55:061	exp.	8,27	-5,72	37,40
07:19:55:071	exp.	8,25	-5,60	36,50
07:19:55:081	exp.	8,23	-5,51	35,70
07:19:55:091	exp.	8,20	-5,43	34,80
07:19:55:101	exp.	8,18	-5,35	34,00
07:19:55:111	exp.	8,17	-5,29	33,10
07:19:55:121	exp.	8,15	-5,24	32,30
07:19:55:131	exp.	8,15	-5,21	31,50
07:19:55:141	exp.	8,15	-5,18	30,60
07:19:55:152	exp.	8,14	-5,14	29,80
07:19:55:161	exp.	8,14	-5,09	29,10
07:19:55:171	exp.	8,16	-5,04	28,30
07:19:55:181	exp.	8,18	-4,97	27,60
07:19:55:191	exp.	8,22	-4,91	26,80
07:19:55:201	exp.	8,27	-4,84	26,10
07:19:55:211	exp.	8,27	-4,78	25,30
07:19:55:221	exp.	8,27	-4,72	24,50
07:19:55:231	exp.	8,26	-4,68	23,80
07:19:55:241	exp.	8,25	-4,64	23,00
07:19:55:251	exp.	8,27	-4,58	22,30
07:19:55:261	exp.	8,30	-4,53	21,60
07:19:55:271	exp.	8,34	-4,49	20,80
07:19:55:281	exp.	8,35	-4,46	20,00
07:19:55:291	exp.	8,35	-4,47	19,20
07:19:55:301	exp.	8,32	-4,51	18,40
07:19:55:311	exp.	8,28	-4,55	17,60
07:19:55:321	exp.	8,26	-4,60	16,80
07:19:55:331	exp.	8,25	-4,63	15,90
07:19:55:341	exp.	8,25	-4,67	15,10
07:19:55:351	exp.	8,24	-4,72	14,30
07:19:55:361	exp.	8,22	-4,78	13,50
07:19:55:371	exp.	8,21	-4,85	12,60
07:19:55:381	exp.	8,22	-4,91	11,80
07:19:55:392	exp.	8,22	-4,95	11,00
07:19:55:401	exp.	8,23	-4,96	10,20
07:19:55:411	exp.	8,23	-4,94	9,40
07:19:55:421	exp.	8,22	-4,91	8,70
07:19:55:431	exp.	8,18	-4,89	7,90
07:19:55:441	exp.	8,15	-4,87	7,20
07:19:55:451	exp.	8,12	-4,84	6,50
07:19:55:461	exp.	8,09	-4,77	5,80
07:19:55:471	exp.	8,08	-4,67	5,20
07:19:55:481	exp.	8,08	-4,54	4,70
07:19:55:491	exp.	8,07	-4,39	4,20
07:19:55:501	exp.	8,08	-4,22	3,70
07:19:55:511	exp.	8,11	-4,04	3,20
07:19:55:521	exp.	8,13	-3,85	2,70
07:19:55:531	exp.	8,16	-3,64	2,30
07:19:55:541	exp.	8,20	-3,44	1,90
07:19:55:551	exp.	8,22	-3,23	1,50
07:19:55:561	exp.	8,24	-3,06	1,00
07:19:55:571	exp.	8,27	-2,91	0,60
07:19:55:581	exp.	8,30	-2,78	0,20
07:19:55:591	exp.	8,32	-2,68	-0,10
07:19:55:601	exp.	8,32	-2,60	-0,50
07:19:55:611	exp.	8,32	-2,54	-0,90
07:19:55:621	exp.	8,32	-2,49	-1,30
07:19:55:631	exp.	8,30	-2,45	-1,70
07:19:55:641	exp.	8,28	-2,42	-2,20
07:19:55:652	exp.	8,27	-2,41	-2,60
07:19:55:661	exp.	8,25	-2,40	-3,00
07:19:55:671	exp.	8,23	-2,41	-3,40
07:19:55:681	exp.	8,20	-2,42	-3,80
07:19:55:691	exp.	8,19	-2,45	-4,30
07:19:55:701	exp.	8,16	-2,47	-4,70
07:19:55:711	exp.	8,15	-2,48	-5,10
07:19:55:721	exp.	8,14	-2,50	-5,50
07:19:55:731	exp.	8,11	-2,49	-5,80
07:19:55:741	exp.	8,09	-2,48	-6,20
07:19:55:751	exp.	8,10	-2,47	-6,50
07:19:55:761	exp.	8,11	-2,43	-6,90
07:19:55:771	exp.	8,11	-2,38	-7,20
07:19:55:781	exp.	8,12	-2,31	-7,50
07:19:55:791	exp.	8,12	-2,24	-7,80
07:19:55:801	exp.	8,12	-2,16	-8,10
07:19:55:811	exp.	8,13	-2,08	-8,40
07:19:55:821	exp.	8,15	-2,00	-8,70
07:19:55:831	exp.	8,18	-1,94	-8,90
07:19:55:841	exp.	8,23	-1,87	-9,20
07:19:55:851	exp.	8,28	-1,81	-9,60
07:19:55:861	exp.	8,32	-1,78	-9,90
07:19:55:871	exp.	8,33	-1,78	-10,30
07:19:55:881	exp.	8,27	-1,81	-10,70
07:19:55:891	exp.	8,12	-1,88	-11,10
07:19:55:902	exp.	7,97	-1,96	-11,40
07:19:55:911	exp.	7,91	-2,03	-11,70
07:19:55:921	exp.	7,90	-2,04	-11,90
07:19:55:931	exp.	7,93	-2,01	-12,10
07:19:55:941	exp.	7,93	-1,95	-12,20
07:19:55:951	exp.	7,91	-1,87	-12,30
07:19:55:961	exp.	7,89	-1,76	-12,40
07:19:55:971	exp.	7,87	-1,63	-12,50
07:19:55:981	exp.	7,85	-1,45	-12,50
07:19:55:991	exp.	7,81	-1,22	-12,50
07:19:56:001	exp.	7,73	-0,95	-12,50
07:19:56:011	exp.	7,61	-0,70	-12,50
07:19:56:021	exp.	7,47	-0,49	-12,50
07:19:56:031	exp.	7,29	-0,30	-12,50
07:19:56:041	exp.	7,07	-0,10	-12,50
07:19:56:051	exp.	6,78	0,14	-12,50
07:19:56:063	insp.	6,48	0,46	0,60	Pression
07:19:56:071	insp.	6,17	0,85	1,30
07:19:56:081	insp.	5,81	1,29	2,10
07:19:56:091	insp.	6,41	1,72	3,10
07:19:56:101	insp.	8,81	2,18	4,40
07:19:56:111	insp.	10,62	2,75	6,00
07:19:56:121	insp.	10,59	3,35	8,60
07:19:56:131	insp.	10,27	4,28	12,30
07:19:56:141	insp.	10,79	5,89	16,80
07:19:56:152	insp.	11,24	8,24	22,10
07:19:56:161	insp.	11,03	11,14	28,10
07:19:56:171	insp.	10,92	14,45	34,90
07:19:56:181	insp.	11,25	18,12	41,90
07:19:56:191	insp.	11,44	21,97	48,90
07:19:56:201	insp.	11,33	25,65	56,20
07:19:56:211	insp.	11,35	29,30	63,90
07:19:56:221	insp.	11,64	33,22	71,80
07:19:56:231	insp.	11,79	36,98	79,80
07:19:56:241	insp.	11,80	40,06	88,10
07:19:56:251	insp.	11,90	42,43	96,60
07:19:56:261	insp.	12,05	44,35	105,20
07:19:56:271	insp.	12,14	45,88	113,90
07:19:56:281	insp.	12,17	47,02	122,80
07:19:56:291	insp.	12,25	48,05	131,90
07:19:56:301	insp.	12,39	49,33	141,10
07:19:56:311	insp.	12,46	50,57	150,30
07:19:56:321	insp.	12,54	51,53	159,60
07:19:56:331	insp.	12,63	52,37	169,00
07:19:56:341	insp.	12,68	53,22	178,40
07:19:56:351	insp.	12,72	53,98	187,80
07:19:56:361	insp.	12,77	54,58	197,40
07:19:56:371	insp.	12,82	55,13	206,90
07:19:56:381	insp.	12,85	55,66	216,40
07:19:56:391	insp.	12,85	56,09	226,00
07:19:56:402	insp.	12,89	56,41	235,50
07:19:56:411	insp.	13,06	56,68	245,10
07:19:56:421	insp.	13,13	56,89	254,60
07:19:56:431	insp.	13,12	57,02	264,00
07:19:56:441	insp.	13,13	57,09	273,50
07:19:56:451	insp.	13,24	57,14	282,90
07:19:56:461	insp.	13,28	57,14	292,30
07:19:56:471	insp.	13,31	57,08	301,70
07:19:56:481	insp.	13,34	56,99	311,10
07:19:56:491	insp.	13,42	56,88	320,40
07:19:56:501	insp.	13,48	56,74	329,60
07:19:56:511	insp.	13,53	56,55	338,80
07:19:56:521	insp.	13,58	56,35	347,90
07:19:56:531	insp.	13,62	56,15	356,90
07:19:56:541	insp.	13,63	55,91	365,90
07:19:56:551	insp.	13,61	55,63	374,90
07:19:56:561	insp.	13,64	55,34	383,70
07:19:56:571	insp.	13,71	55,03	392,50
07:19:56:581	insp.	13,71	54,70	401,20
07:19:56:591	insp.	13,70	54,31	409,80
07:19:56:601	insp.	13,71	53,90	418,40
07:19:56:611	insp.	13,72	53,50	426,80
07:19:56:621	insp.	13,72	53,07	435,20
07:19:56:631	insp.	13,72	52,62	443,50
07:19:56:641	insp.	13,72	52,17	451,80
07:19:56:652	insp.	13,72	51,73	459,90
07:19:56:661	insp.	13,68	51,28	468,00
07:19:56:671	insp.	13,64	50,81	476,10
07:19:56:681	insp.	13,63	50,35	484,10
07:19:56:691	insp.	13,62	49,92	492,00
07:19:56:701	insp.	13,60	49,49	499,90
07:19:56:711	insp.	13,59	49,08	507,70
07:19:56:721	insp.	13,59	48,70	515,50
07:19:56:731	insp.	13,61	48,32	523,20
07:19:56:741	insp.	13,61	47,96	530,90
07:19:56:751	insp.	13,61	47,60	538,50
07:19:56:761	insp.	13,62	47,27	546,10
07:19:56:771	insp.	13,67	46,97	553,60
07:19:56:781	insp.	13,71	46,66	561,10
07:19:56:791	insp.	13,75	46,35	568,50
07:19:56:801	insp.	13,78	46,04	575,80
07:19:56:811	insp.	13,82	45,73	583,10
07:19:56:821	insp.	13,86	45,41	590,30
07:19:56:831	insp.	13,87	45,07	597,50
07:19:56:841	insp.	13,85	44,74	604,60
07:19:56:851	insp.	13,79	44,39	611,60
07:19:56:861	insp.	13,69	44,04	618,60
07:19:56:871	insp.	13,58	43,68	625,60
07:19:56:881	insp.	13,53	43,34	632,60
07:19:56:891	insp.	13,53	43,03	639,60
07:19:56:902	insp.	13,57	42,76	646,50
07:19:56:911	insp.	13,62	42,51	653,30
07:19:56:921	insp.	13,68	42,26	660,10
07:19:56:931	insp.	13,75	42,02	666,90
07:19:56:941	insp.	13,83	41,78	673,60
07:19:56:951	insp.	13,91	41,54	680,20
07:19:56:961	insp.	14,00	41,30	686,80
07:19:56:971	insp.	14,07	41,06	693,30
07:19:56:981	insp.	14,14	40,80	699,70
07:19:56:991	insp.	14,21	40,49	706,00
07:19:57:001	insp.	14,30	40,13	712,30
07:19:57:011	insp.	14,37	39,73	718,40
07:19:57:021	insp.	14,48	39,30	724,40
07:19:57:031	insp.	14,58	38,84	730,20
07:19:57:041	insp.	14,67	38,34	735,90
07:19:57:051	insp.	14,74	37,79	741,50
07:19:57:061	insp.	14,85	37,19	746,90
07:19:57:071	insp.	14,95	36,52	752,10
07:19:57:081	insp.	15,04	35,79	757,20
07:19:57:091	insp.	15,11	35,00	762,00
07:19:57:101	insp.	15,22	34,14	766,70
07:19:57:111	insp.	15,34	33,23	771,10
07:19:57:121	insp.	15,45	32,25	775,30
07:19:57:131	insp.	15,48	31,21	779,20
07:19:57:141	insp.	15,31	30,09	782,90
07:19:57:153	exp.	15,29	28,91	786,20
07:19:57:162	exp.	15,46	27,65	789,20
07:19:57:171	exp.	15,02	26,30	791,80
07:19:57:181	exp.	14,33	24,78	794,00
07:19:57:191	exp.	13,78	23,36	795,20
07:19:57:201	exp.	12,17	21,61	795,50
07:19:57:211	exp.	11,00	19,48	794,70
07:19:57:222	exp.	10,73	16,88	792,30
07:19:57:231	exp.	10,52	13,51	788,20
07:19:57:241	exp.	10,14	9,10	782,70
07:19:57:251	exp.	10,10	3,68	776,30
07:19:57:261	exp.	10,29	-2,47	768,90
07:19:57:271	exp.	10,31	-8,87	760,90
07:19:57:281	exp.	10,30	-15,52	753,00
07:19:57:291	exp.	10,48	-22,17	745,10
07:19:57:301	exp.	10,63	-28,18	737,20
07:19:57:311	exp.	10,65	-33,64	729,40
07:19:57:321	exp.	10,66	-38,52	721,60
07:19:57:331	exp.	10,66	-42,44	714,00
07:19:57:341	exp.	10,61	-45,08	706,40
07:19:57:351	exp.	10,56	-46,53	698,90
07:19:57:361	exp.	10,55	-47,05	691,50
07:19:57:371	exp.	10,53	-47,05	684,10
07:19:57:381	exp.	10,50	-46,51	676,70
07:19:57:391	exp.	10,46	-45,94	669,30
07:19:57:402	exp.	10,44	-45,58	662,00
07:19:57:412	exp.	10,41	-45,28	654,70
07:19:57:421	exp.	10,39	-44,93	647,40
07:19:57:431	exp.	10,39	-44,64	640,10
07:19:57:441	exp.	10,39	-44,39	632,90
07:19:57:451	exp.	10,37	-44,17	625,80
07:19:57:461	exp.	10,33	-43,96	618,70
07:19:57:471	exp.	10,31	-43,78	611,60
07:19:57:481	exp.	10,29	-43,61	604,70
07:19:57:491	exp.	10,27	-43,40	597,80
07:19:57:501	exp.	10,25	-43,15	591,00
07:19:57:511	exp.	10,25	-42,82	584,30
07:19:57:521	exp.	10,21	-42,44	577,70
07:19:57:531	exp.	10,17	-42,04	571,10
07:19:57:541	exp.	10,13	-41,65	564,60
07:19:57:551	exp.	10,09	-41,25	558,10
07:19:57:561	exp.	10,08	-40,84	551,80
07:19:57:571	exp.	10,07	-40,40	545,60
07:19:57:581	exp.	10,04	-39,93	539,40
07:19:57:591	exp.	10,01	-39,42	533,40
07:19:57:601	exp.	9,98	-38,90	527,50
07:19:57:611	exp.	9,96	-38,38	521,70
07:19:57:621	exp.	9,95	-37,84	516,00
07:19:57:631	exp.	9,94	-37,30	510,30
07:19:57:641	exp.	9,90	-36,75	504,70
07:19:57:652	exp.	9,87	-36,17	499,10
07:19:57:661	exp.	9,84	-35,60	493,60
07:19:57:671	exp.	9,81	-35,08	488,10
07:19:57:681	exp.	9,78	-34,62	482,60
07:19:57:691	exp.	9,76	-34,21	477,10
07:19:57:701	exp.	9,74	-33,84	471,70
07:19:57:711	exp.	9,72	-33,55	466,30
07:19:57:721	exp.	9,71	-33,32	460,80
07:19:57:731	exp.	9,70	-33,12	455,40
07:19:57:741	exp.	9,70	-32,96	450,00
07:19:57:751	exp.	9,70	-32,84	444,60
07:19:57:761	exp.	9,70	-32,74	439,30
07:19:57:771	exp.	9,70	-32,65	433,90
07:19:57:781	exp.	9,70	-32,54	428,60
07:19:57:791	exp.	9,71	-32,45	423,30
07:19:57:801	exp.	9,71	-32,36	418,00
07:19:57:811	exp.	9,70	-32,26	412,80
07:19:57:821	exp.	9,63	-32,14	407,60
07:19:57:831	exp.	9,52	-32,03	402,40
07:19:57:841	exp.	9,42	-31,92	397,30
07:19:57:851	exp.	9,36	-31,78	392,20
07:19:57:861	exp.	9,32	-31,62	387,20
07:19:57:871	exp.	9,32	-31,42	382,30
07:19:57:881	exp.	9,32	-31,16	377,50
07:19:57:891	exp.	9,33	-30,88	372,70
07:19:57:902	exp.	9,35	-30,56	368,00
07:19:57:912	exp.	9,37	-30,22	363,40
07:19:57:921	exp.	9,37	-29,86	358,90
07:19:57:931	exp.	9,34	-29,44	354,40
07:19:57:941	exp.	9,32	-29,00	350,00
07:19:57:951	exp.	9,31	-28,55	345,60
07:19:57:961	exp.	9,31	-28,11	341,20
07:19:57:971	exp.	9,31	-27,71	336,90
07:19:57:981	exp.	9,32	-27,35	332,60
07:19:57:991	exp.	9,30	-27,04	328,30
07:19:58:001	exp.	9,28	-26,77	324,00
07:19:58:011	exp.	9,25	-26,51	319,80
07:19:58:021	exp.	9,22	-26,29	315,50
07:19:58:031	exp.	9,19	-26,09	311,40
07:19:58:041	exp.	9,17	-25,91	307,30
07:19:58:051	exp.	9,16	-25,73	303,20
07:19:58:061	exp.	9,14	-25,55	299,10
07:19:58:071	exp.	9,12	-25,38	295,10
07:19:58:081	exp.	9,10	-25,19	291,20
07:19:58:091	exp.	9,08	-24,97	287,30
07:19:58:101	exp.	9,06	-24,74	283,40
07:19:58:111	exp.	9,04	-24,50	279,60
07:19:58:121	exp.	9,02	-24,25	275,80
07:19:58:131	exp.	8,99	-23,99	272,10
07:19:58:141	exp.	8,95	-23,73	268,40
07:19:58:152	exp.	8,91	-23,47	264,80
07:19:58:161	exp.	8,89	-23,20	261,20
07:19:58:171	exp.	8,91	-22,91	257,70
07:19:58:181	exp.	8,96	-22,62	254,20
07:19:58:191	exp.	8,99	-22,32	250,70
07:19:58:201	exp.	8,99	-22,04	247,20
07:19:58:211	exp.	8,96	-21,79	243,80
07:19:58:221	exp.	8,92	-21,56	240,40
07:19:58:231	exp.	8,89	-21,34	237,10
07:19:58:241	exp.	8,88	-21,12	233,80
07:19:58:251	exp.	8,87	-20,89	230,50
07:19:58:261	exp.	8,87	-20,65	227,30
07:19:58:271	exp.	8,86	-20,42	224,10
07:19:58:281	exp.	8,88	-20,23	220,90
07:19:58:291	exp.	8,90	-20,03	217,80
07:19:58:301	exp.	8,91	-19,85	214,60
07:19:58:311	exp.	8,92	-19,66	211,50
07:19:58:321	exp.	8,94	-19,46	208,40
07:19:58:331	exp.	8,95	-19,27	205,30
07:19:58:341	exp.	8,94	-19,12	202,20
07:19:58:351	exp.	8,93	-18,98	199,10
07:19:58:361	exp.	8,89	-18,88	196,00
07:19:58:371	exp.	8,85	-18,79	193,00
07:19:58:381	exp.	8,83	-18,69	190,00
07:19:58:391	exp.	8,80	-18,59	187,10
07:19:58:402	exp.	8,79	-18,49	184,20
07:19:58:411	exp.	8,79	-18,35	181,30
07:19:58:421	exp.	8,78	-18,21	178,40
07:19:58:431	exp.	8,75	-18,07	175,60
07:19:58:441	exp.	8,73	-17,91	172,80
07:19:58:451	exp.	8,71	-17,74	170,00
07:19:58:461	exp.	8,70	-17,56	167,30
07:19:58:471	exp.	8,69	-17,37	164,60
07:19:58:481	exp.	8,68	-17,17	161,90
07:19:58:491	exp.	8,68	-16,97	159,30
07:19:58:501	exp.	8,68	-16,76	156,70
07:19:58:511	exp.	8,68	-16,56	154,20
07:19:58:521	exp.	8,67	-16,36	151,70
07:19:58:531	exp.	8,66	-16,14	149,20
07:19:58:541	exp.	8,64	-15,92	146,80
07:19:58:551	exp.	8,62	-15,68	144,40
07:19:58:561	exp.	8,61	-15,46	142,10
07:19:58:571	exp.	8,59	-15,22	139,80
07:19:58:581	exp.	8,59	-14,99	137,50
07:19:58:591	exp.	8,58	-14,78	135,20
07:19:58:601	exp.	8,55	-14,56	133,00
07:19:58:611	exp.	8,53	-14,35	130,80
07:19:58:621	exp.	8,51	-14,15	128,60
07:19:58:631	exp.	8,50	-13,95	126,50
07:19:58:641	exp.	8,49	-13,76	124,30
07:19:58:652	exp.	8,48	-13,57	122,20
07:19:58:661	exp.	8,47	-13,39	120,20
07:19:58:671	exp.	8,45	-13,22	118,20
07:19:58:681	exp.	8,43	-13,05	116,20
07:19:58:691	exp.	8,41	-12,88	114,20
07:19:58:701	exp.	8,40	-12,70	112,30
07:19:58:711	exp.	8,40	-12,50	110,40
07:19:58:721	exp.	8,41	-12,30	108,60
07:19:58:731	exp.	8,45	-12,10	106,80
07:19:58:741	exp.	8,50	-11,89	105,00
07:19:58:751	exp.	8,56	-11,70	103,10
07:19:58:761	exp.	8,62	-11,51	101,30
07:19:58:771	exp.	8,66	-11,35	99,40
07:19:58:781	exp.	8,63	-11,23	97,60
07:19:58:791	exp.	8,51	-11,16	95,70
07:19:58:801	exp.	8,34	-11,12	93,90
07:19:58:811	exp.	8,20	-11,11	92,10
07:19:58:821	exp.	8,14	-11,07	90,40
07:19:58:831	exp.	8,14	-11,01	88,80
07:19:58:841	exp.	8,15	-10,90	87,20
07:19:58:851	exp.	8,20	-10,76	85,70
07:19:58:861	exp.	8,24	-10,58	84,30
07:19:58:871	exp.	8,29	-10,39	82,90
07:19:58:881	exp.	8,33	-10,15	81,50
07:19:58:892	exp.	8,36	-9,85	80,20
07:19:58:901	exp.	8,37	-9,50	78,90
07:19:58:911	exp.	8,37	-9,14	77,60
07:19:58:921	exp.	8,37	-8,81	76,30
07:19:58:931	exp.	8,37	-8,53	75,00
07:19:58:941	exp.	8,35	-8,30	73,80
07:19:58:951	exp.	8,35	-8,11	72,50
07:19:58:961	exp.	8,34	-7,96	71,30
07:19:58:971	exp.	8,34	-7,82	70,00
07:19:58:981	exp.	8,31	-7,70	68,80
07:19:58:991	exp.	8,29	-7,61	67,60
07:19:59:001	exp.	8,28	-7,55	66,40
07:19:59:011	exp.	8,26	-7,49	65,30
07:19:59:021	exp.	8,26	-7,44	64,10
07:19:59:031	exp.	8,26	-7,37	63,00
07:19:59:041	exp.	8,27	-7,28	61,90
07:19:59:051	exp.	8,28	-7,18	60,80
07:19:59:061	exp.	8,30	-7,07	59,80
07:19:59:071	exp.	8,33	-6,97	58,70
07:19:59:081	exp.	8,35	-6,85	57,70
07:19:59:091	exp.	8,35	-6,74	56,60
07:19:59:101	exp.	8,32	-6,64	55,60
07:19:59:111	exp.	8,29	-6,55	54,50
07:19:59:121	exp.	8,28	-6,47	53,50
07:19:59:131	exp.	8,30	-6,40	52,50
07:19:59:141	exp.	8,33	-6,33	51,40
07:19:59:152	exp.	8,37	-6,28	50,40
07:19:59:161	exp.	8,38	-6,24	49,40
07:19:59:171	exp.	8,36	-6,22	48,30
07:19:59:181	exp.	8,35	-6,23	47,20
07:19:59:191	exp.	8,32	-6,25	46,10
07:19:59:201	exp.	8,30	-6,27	45,10
07:19:59:211	exp.	8,29	-6,28	44,00
07:19:59:221	exp.	8,29	-6,28	43,00
07:19:59:231	exp.	8,29	-6,29	42,00
07:19:59:241	exp.	8,31	-6,29	41,00
07:19:59:251	exp.	8,32	-6,31	40,00
07:19:59:261	exp.	8,33	-6,30	39,00
07:19:59:271	exp.	8,33	-6,27	38,00
07:19:59:281	exp.	8,33	-6,22	37,00
07:19:59:291	exp.	8,33	-6,16	36,00
07:19:59:301	exp.	8,32	-6,10	35,00
07:19:59:311	exp.	8,29	-6,05	34,10
07:19:59:321	exp.	8,26	-6,01	33,10
07:19:59:331	exp.	8,24	-5,97	32,20
07:19:59:341	exp.	8,20	-5,93	31,30
07:19:59:351	exp.	8,18	-5,87	30,40
07:19:59:361	exp.	8,17	-5,80	29,50
07:19:59:371	exp.	8,16	-5,72	28,70
07:19:59:381	exp.	8,16	-5,65	27,80
07:19:59:391	exp.	8,15	-5,56	27,00
07:19:59:402	exp.	8,15	-5,48	26,20
07:19:59:411	exp.	8,15	-5,38	25,40
07:19:59:421	exp.	8,15	-5,26	24,60
07:19:59:431	exp.	8,16	-5,15	23,90
07:19:59:441	exp.	8,15	-5,02	23,20
07:19:59:451	exp.	8,14	-4,90	22,50
07:19:59:461	exp.	8,13	-4,79	21,80
07:19:59:471	exp.	8,13	-4,67	21,20
07:19:59:481	exp.	8,12	-4,56	20,50
07:19:59:491	exp.	8,12	-4,43	19,90
07:19:59:501	exp.	8,13	-4,30	19,30
07:19:59:511	exp.	8,13	-4,18	18,80
07:19:59:521	exp.	8,12	-4,04	18,20
07:19:59:531	exp.	8,12	-3,91	17,70
07:19:59:541	exp.	8,10	-3,79	17,20
07:19:59:551	exp.	8,09	-3,67	16,70
07:19:59:561	exp.	8,08	-3,55	16,20
07:19:59:571	exp.	8,08	-3,44	15,70
07:19:59:581	exp.	8,07	-3,34	15,20
07:19:59:591	exp.	8,07	-3,25	14,70
07:19:59:601	exp.	8,07	-3,16	14,30
07:19:59:611	exp.	8,07	-3,07	13,90
07:19:59:621	exp.	8,05	-2,98	13,60
07:19:59:631	exp.	8,02	-2,87	13,30
07:19:59:641	exp.	7,98	-2,75	13,00
07:19:59:652	exp.	7,92	-2,61	12,80
07:19:59:661	exp.	7,87	-2,45	12,60
07:19:59:671	exp.	7,78	-2,28	12,50
07:19:59:681	exp.	7,66	-2,09	12,40
07:19:59:691	exp.	7,52	-1,85	12,40
07:19:59:701	exp.	7,39	-1,57	12,40
07:19:59:711	exp.	7,23	-1,25	12,40
07:19:59:721	exp.	7,04	-0,88	12,40
07:19:59:733	insp.	6,84	-0,47	0,40	Pression
07:19:59:742	insp.	6,59	-0,03	1,00
07:19:59:751	insp.	6,21	0,44	1,60
07:19:59:761	insp.	6,00	0,92	2,40
07:19:59:771	insp.	7,46	1,39	3,60
07:19:59:781	insp.	9,80	1,99	5,00
07:19:59:791	insp.	10,46	2,65	7,20
07:19:59:801	insp.	9,93	3,45	10,40
07:19:59:811	insp.	10,06	4,78	14,60
07:19:59:821	insp.	10,75	6,87	19,60
07:19:59:831	insp.	10,87	9,59	25,20
07:19:59:841	insp.	10,70	12,77	31,70
07:19:59:851	insp.	10,93	16,34	38,70
07:19:59:862	insp.	11,38	20,25	45,70
07:19:59:871	insp.	11,43	24,12	52,80
07:19:59:881	insp.	11,41	27,79	60,40
07:19:59:891	insp.	11,65	31,61	68,30
07:19:59:901	insp.	11,88	35,50	76,20
07:19:59:911	insp.	11,91	38,88	84,40
07:19:59:921	insp.	11,95	41,50	92,80
07:19:59:931	insp.	12,12	43,58	101,30
07:19:59:941	insp.	12,25	45,28	110,00
07:19:59:951	insp.	12,26	46,59	118,80
07:19:59:961	insp.	12,31	47,59	127,70
07:19:59:971	insp.	12,46	48,72	136,70
07:19:59:981	insp.	12,56	49,96	145,80
07:19:59:991	insp.	12,60	50,98	155,00
07:20:00:001	insp.	12,68	51,77	164,20
07:20:00:011	insp.	12,79	52,54	173,50
07:20:00:021	insp.	12,88	53,28	182,80
07:20:00:031	insp.	12,94	53,87	192,10
07:20:00:041	insp.	12,99	54,34	201,40
07:20:00:051	insp.	13,05	54,77	210,70
07:20:00:061	insp.	13,09	55,14	219,90
07:20:00:071	insp.	13,17	55,36	229,20
07:20:00:081	insp.	13,38	55,51	238,30
07:20:00:091	insp.	13,46	55,60	247,40
07:20:00:101	insp.	13,44	55,60	256,50
07:20:00:111	insp.	13,49	55,52	265,50
07:20:00:121	insp.	13,63	55,39	274,50
07:20:00:131	insp.	13,71	55,21	283,30
07:20:00:141	insp.	13,72	54,96	292,10
07:20:00:152	insp.	13,75	54,65	300,80
07:20:00:161	insp.	13,83	54,31	309,40
07:20:00:171	insp.	13,86	53,95	318,00
07:20:00:181	insp.	13,85	53,53	326,40
07:20:00:191	insp.	13,86	53,08	334,80
07:20:00:201	insp.	13,88	52,66	343,10
07:20:00:211	insp.	13,88	52,21	351,30
07:20:00:221	insp.	13,86	51,73	359,40
07:20:00:231	insp.	13,89	51,23	367,40
07:20:00:241	insp.	13,90	50,74	375,40
07:20:00:251	insp.	13,90	50,23	383,20
07:20:00:261	insp.	13,90	49,69	391,00
07:20:00:271	insp.	13,87	49,16	398,60
07:20:00:281	insp.	13,84	48,65	406,20
07:20:00:291	insp.	13,80	48,14	413,80
07:20:00:301	insp.	13,76	47,62	421,20
07:20:00:311	insp.	13,73	47,11	428,70
07:20:00:321	insp.	13,68	46,63	436,00
07:20:00:331	insp.	13,65	46,16	443,30
07:20:00:341	insp.	13,63	45,71	450,60
07:20:00:351	insp.	13,61	45,29	457,80
07:20:00:361	insp.	13,60	44,90	464,90
07:20:00:371	insp.	13,59	44,53	472,10
07:20:00:381	insp.	13,59	44,19	479,10
07:20:00:391	insp.	13,59	43,87	486,20
07:20:00:403	insp.	13,58	43,57	493,20
07:20:00:412	insp.	13,58	43,29	500,20
07:20:00:421	insp.	13,58	43,02	507,10
07:20:00:431	insp.	13,58	42,76	514,00
07:20:00:441	insp.	13,58	42,52	520,90
07:20:00:451	insp.	13,58	42,31	527,80
07:20:00:461	insp.	13,58	42,11	534,70
07:20:00:471	insp.	13,58	41,92	541,50
07:20:00:481	insp.	13,61	41,74	548,30
07:20:00:491	insp.	13,61	41,57	555,10
07:20:00:501	insp.	13,60	41,40	561,80
07:20:00:511	insp.	13,60	41,24	568,50
07:20:00:521	insp.	13,62	41,09	575,20
07:20:00:531	insp.	13,64	40,94	581,90
07:20:00:541	insp.	13,67	40,80	588,50
07:20:00:551	insp.	13,69	40,65	595,10
07:20:00:561	insp.	13,68	40,49	601,70
07:20:00:571	insp.	13,70	40,31	608,20
07:20:00:581	insp.	13,73	40,14	614,70
07:20:00:591	insp.	13,77	39,96	621,20
07:20:00:601	insp.	13,83	39,78	627,60
07:20:00:611	insp.	13,90	39,59	633,90
07:20:00:621	insp.	13,96	39,38	640,20
07:20:00:631	insp.	14,04	39,14	646,40
07:20:00:641	insp.	14,13	38,88	652,50
07:20:00:652	insp.	14,22	38,59	658,50
07:20:00:661	insp.	14,32	38,27	664,50
07:20:00:671	insp.	14,43	37,92	670,30
07:20:00:681	insp.	14,56	37,54	676,00
07:20:00:691	insp.	14,70	37,10	681,60
07:20:00:701	insp.	14,82	36,60	686,90
07:20:00:711	insp.	14,88	36,02	692,20
07:20:00:721	insp.	14,90	35,38	697,20
07:20:00:731	insp.	14,90	34,66	702,10
07:20:00:741	insp.	14,90	33,90	706,90
07:20:00:751	insp.	14,94	33,10	711,50
07:20:00:761	insp.	15,05	32,27	715,90
07:20:00:771	insp.	15,17	31,39	720,10
07:20:00:781	insp.	15,30	30,46	724,10
07:20:00:791	insp.	15,43	29,45	727,80
07:20:00:801	insp.	15,56	28,39	731,30
07:20:00:812	exp.	15,51	27,28	734,50
07:20:00:821	exp.	15,27	26,11	737,40
07:20:00:831	exp.	14,71	24,91	739,90
07:20:00:841	exp.	14,61	23,63	742,00
07:20:00:851	exp.	14,51	22,39	742,90
07:20:00:861	exp.	13,18	20,74	742,90
07:20:00:872	exp.	11,77	18,55	741,60
07:20:00:881	exp.	10,96	15,73	738,80
07:20:00:891	exp.	10,45	12,11	734,50
07:20:00:902	exp.	10,08	7,56	728,70
07:20:00:911	exp.	10,07	2,16	722,20
07:20:00:921	exp.	10,28	-3,85	714,70
07:20:00:931	exp.	10,38	-10,18	706,70
07:20:00:941	exp.	10,39	-16,85	698,40
07:20:00:951	exp.	10,53	-23,65	690,30
07:20:00:961	exp.	10,65	-29,86	682,10
07:20:00:971	exp.	10,65	-35,35	674,00
07:20:00:981	exp.	10,60	-40,02	666,10
07:20:00:991	exp.	10,57	-43,66	658,40
07:20:01:001	exp.	10,51	-46,10	650,70
07:20:01:011	exp.	10,45	-47,50	643,10
07:20:01:021	exp.	10,41	-48,08	635,50
07:20:01:031	exp.	10,36	-48,18	628,10
07:20:01:041	exp.	10,30	-47,69	620,70
07:20:01:051	exp.	10,27	-47,04	613,40
07:20:01:061	exp.	10,23	-46,44	606,20
07:20:01:071	exp.	10,18	-45,87	599,10
07:20:01:081	exp.	10,12	-45,27	592,30
07:20:01:091	exp.	10,10	-44,68	585,60
07:20:01:101	exp.	10,09	-44,06	579,00
07:20:01:111	exp.	10,07	-43,42	572,70
07:20:01:121	exp.	10,07	-42,70	566,40
07:20:01:131	exp.	10,06	-41,93	560,30
07:20:01:141	exp.	10,05	-41,12	554,30
07:20:01:152	exp.	10,03	-40,25	548,50
07:20:01:161	exp.	10,00	-39,34	542,70
07:20:01:171	exp.	9,97	-38,45	536,90
07:20:01:181	exp.	9,95	-37,61	531,20
07:20:01:191	exp.	9,91	-36,86	525,50
07:20:01:201	exp.	9,91	-36,20	519,80
07:20:01:211	exp.	9,88	-35,63	514,20
07:20:01:221	exp.	9,89	-35,16	508,60
07:20:01:231	exp.	9,87	-34,77	502,90
07:20:01:241	exp.	9,81	-34,46	497,40
07:20:01:251	exp.	9,75	-34,23	491,80
07:20:01:261	exp.	9,72	-34,05	486,30
07:20:01:271	exp.	9,70	-33,90	480,70
07:20:01:281	exp.	9,70	-33,76	475,20
07:20:01:291	exp.	9,68	-33,62	469,80
07:20:01:301	exp.	9,67	-33,50	464,40
07:20:01:311	exp.	9,66	-33,37	458,90
07:20:01:321	exp.	9,65	-33,24	453,60
07:20:01:331	exp.	9,61	-33,10	448,20
07:20:01:341	exp.	9,55	-32,95	443,00
07:20:01:351	exp.	9,53	-32,76	437,70
07:20:01:361	exp.	9,50	-32,56	432,50
07:20:01:371	exp.	9,48	-32,36	427,40
07:20:01:381	exp.	9,48	-32,14	422,30
07:20:01:391	exp.	9,48	-31,91	417,20
07:20:01:402	exp.	9,47	-31,66	412,20
07:20:01:411	exp.	9,46	-31,41	407,20
07:20:01:421	exp.	9,45	-31,15	402,30
07:20:01:431	exp.	9,45	-30,88	397,40
07:20:01:441	exp.	9,43	-30,63	392,50
07:20:01:451	exp.	9,41	-30,39	387,60
07:20:01:461	exp.	9,40	-30,16	382,80
07:20:01:471	exp.	9,38	-29,93	378,00
07:20:01:481	exp.	9,37	-29,71	373,30
07:20:01:491	exp.	9,37	-29,50	368,60
07:20:01:501	exp.	9,33	-29,30	363,90
07:20:01:511	exp.	9,31	-29,11	359,20
07:20:01:521	exp.	9,31	-28,91	354,60
07:20:01:531	exp.	9,30	-28,73	350,00
07:20:01:541	exp.	9,30	-28,55	345,40
07:20:01:551	exp.	9,29	-28,35	340,90
07:20:01:561	exp.	9,29	-28,16	336,40
07:20:01:571	exp.	9,26	-27,97	331,90
07:20:01:581	exp.	9,26	-27,79	327,50
07:20:01:591	exp.	9,26	-27,60	323,10
07:20:01:601	exp.	9,24	-27,38	318,80
07:20:01:611	exp.	9,24	-27,16	314,50
07:20:01:621	exp.	9,25	-26,93	310,20
07:20:01:631	exp.	9,25	-26,69	306,00
07:20:01:641	exp.	9,25	-26,46	301,70
07:20:01:652	exp.	9,25	-26,26	297,50
07:20:01:661	exp.	9,25	-26,08	293,20
07:20:01:671	exp.	9,30	-25,91	289,00
07:20:01:681	exp.	9,34	-25,77	284,70
07:20:01:691	exp.	9,33	-25,67	280,40
07:20:01:701	exp.	9,27	-25,61	276,20
07:20:01:711	exp.	9,16	-25,58	272,00
07:20:01:721	exp.	9,06	-25,57	267,80
07:20:01:731	exp.	8,99	-25,54	263,70
07:20:01:741	exp.	8,93	-25,48	259,70
07:20:01:751	exp.	8,92	-25,36	255,80
07:20:01:761	exp.	8,95	-25,17	251,90
07:20:01:771	exp.	9,01	-24,94	248,10
07:20:01:781	exp.	9,07	-24,68	244,30
07:20:01:791	exp.	9,10	-24,40	240,60
07:20:01:801	exp.	9,11	-24,09	236,90
07:20:01:811	exp.	9,11	-23,76	233,20
07:20:01:821	exp.	9,10	-23,42	229,50
07:20:01:831	exp.	9,08	-23,09	225,90
07:20:01:841	exp.	9,06	-22,78	222,30
07:20:01:851	exp.	9,04	-22,51	218,70
07:20:01:861	exp.	9,03	-22,29	215,10
07:20:01:871	exp.	9,02	-22,12	211,60
07:20:01:881	exp.	9,02	-21,98	208,00
07:20:01:891	exp.	9,01	-21,86	204,40
07:20:01:901	exp.	8,97	-21,74	200,90
07:20:01:911	exp.	8,94	-21,63	197,50
07:20:01:921	exp.	8,90	-21,51	194,00
07:20:01:931	exp.	8,87	-21,38	190,70
07:20:01:941	exp.	8,84	-21,25	187,30
07:20:01:951	exp.	8,81	-21,10	184,10
07:20:01:961	exp.	8,80	-20,92	180,80
07:20:01:971	exp.	8,79	-20,72	177,60
07:20:01:981	exp.	8,79	-20,51	174,50
07:20:01:991	exp.	8,79	-20,26	171,40
07:20:02:001	exp.	8,77	-19,98	168,40
07:20:02:011	exp.	8,72	-19,70	165,40
07:20:02:021	exp.	8,67	-19,41	162,50
07:20:02:031	exp.	8,65	-19,11	159,60
07:20:02:041	exp.	8,64	-18,80	156,80
07:20:02:051	exp.	8,65	-18,47	154,10
07:20:02:061	exp.	8,68	-18,14	151,40
07:20:02:071	exp.	8,70	-17,81	148,70
07:20:02:081	exp.	8,69	-17,48	146,10
07:20:02:091	exp.	8,68	-17,18	143,40
07:20:02:101	exp.	8,66	-16,90	140,90
07:20:02:111	exp.	8,64	-16,63	138,30
07:20:02:121	exp.	8,63	-16,36	135,80
07:20:02:131	exp.	8,63	-16,09	133,40
07:20:02:141	exp.	8,62	-15,85	130,90
07:20:02:152	exp.	8,60	-15,62	128,50
07:20:02:161	exp.	8,60	-15,42	126,20
07:20:02:171	exp.	8,60	-15,22	123,90
07:20:02:181	exp.	8,61	-15,02	121,50
07:20:02:191	exp.	8,64	-14,80	119,20
07:20:02:201	exp.	8,66	-14,59	116,90
07:20:02:211	exp.	8,66	-14,39	114,60
07:20:02:221	exp.	8,65	-14,24	112,30
07:20:02:231	exp.	8,63	-14,12	110,00
07:20:02:241	exp.	8,60	-14,03	107,70
07:20:02:251	exp.	8,56	-13,96	105,50
07:20:02:261	exp.	8,54	-13,88	103,20
07:20:02:271	exp.	8,53	-13,82	101,00
07:20:02:281	exp.	8,51	-13,75	98,80
07:20:02:291	exp.	8,50	-13,69	96,60
07:20:02:301	exp.	8,48	-13,62	94,50
07:20:02:311	exp.	8,48	-13,53	92,40
07:20:02:321	exp.	8,47	-13,41	90,40
07:20:02:331	exp.	8,45	-13,26	88,30
07:20:02:341	exp.	8,44	-13,10	86,30
07:20:02:351	exp.	8,43	-12,92	84,40
07:20:02:361	exp.	8,43	-12,74	82,40
07:20:02:371	exp.	8,42	-12,57	80,50
07:20:02:381	exp.	8,44	-12,40	78,60
07:20:02:391	exp.	8,44	-12,21	76,70
07:20:02:402	exp.	8,44	-12,03	74,90
07:20:02:411	exp.	8,42	-11,85	73,10
07:20:02:421	exp.	8,41	-11,68	71,30
07:20:02:431	exp.	8,40	-11,51	69,50
07:20:02:441	exp.	8,39	-11,35	67,80
07:20:02:451	exp.	8,38	-11,21	66,00
07:20:02:461	exp.	8,37	-11,07	64,30
07:20:02:471	exp.	8,35	-10,93	62,60
07:20:02:481	exp.	8,35	-10,79	60,90
07:20:02:491	exp.	8,34	-10,67	59,30
07:20:02:501	exp.	8,34	-10,54	57,70
07:20:02:511	exp.	8,34	-10,41	56,10
07:20:02:521	exp.	8,33	-10,28	54,50
07:20:02:531	exp.	8,30	-10,16	52,90
07:20:02:541	exp.	8,29	-10,03	51,40
07:20:02:551	exp.	8,29	-9,89	50,00
07:20:02:561	exp.	8,28	-9,73	48,50
07:20:02:571	exp.	8,27	-9,56	47,10
07:20:02:581	exp.	8,26	-9,39	45,70
07:20:02:591	exp.	8,26	-9,22	44,40
07:20:02:601	exp.	8,26	-9,04	43,00
07:20:02:611	exp.	8,27	-8,86	41,70
07:20:02:621	exp.	8,31	-8,69	40,40
07:20:02:631	exp.	8,36	-8,51	39,10
07:20:02:641	exp.	8,42	-8,36	37,80
07:20:02:652	exp.	8,48	-8,21	36,40
07:20:02:661	exp.	8,53	-8,10	35,10
07:20:02:671	exp.	8,50	-8,03	33,70
07:20:02:681	exp.	8,39	-8,00	32,40
07:20:02:691	exp.	8,22	-8,01	31,00
07:20:02:701	exp.	8,10	-8,03	29,80
07:20:02:711	exp.	8,05	-8,02	28,60
07:20:02:721	exp.	8,05	-7,98	27,40
07:20:02:731	exp.	8,07	-7,88	26,40
07:20:02:741	exp.	8,11	-7,75	25,30
07:20:02:751	exp.	8,16	-7,58	24,40
07:20:02:761	exp.	8,19	-7,40	23,40
07:20:02:771	exp.	8,23	-7,19	22,40
07:20:02:781	exp.	8,28	-6,95	21,50
07:20:02:791	exp.	8,30	-6,66	20,50
07:20:02:801	exp.	8,32	-6,38	19,60
07:20:02:811	exp.	8,32	-6,13	18,70
07:20:02:821	exp.	8,32	-5,94	17,80
07:20:02:831	exp.	8,29	-5,81	16,80
07:20:02:841	exp.	8,28	-5,72	15,90
07:20:02:851	exp.	8,26	-5,66	15,00
07:20:02:861	exp.	8,24	-5,62	14,00
07:20:02:871	exp.	8,21	-5,58	13,10
07:20:02:881	exp.	8,18	-5,57	12,20
07:20:02:892	exp.	8,16	-5,57	11,30
07:20:02:901	exp.	8,15	-5,57	10,40
07:20:02:911	exp.	8,13	-5,57	9,50
07:20:02:921	exp.	8,13	-5,55	8,60
07:20:02:931	exp.	8,13	-5,53	7,70
07:20:02:941	exp.	8,15	-5,49	6,90
07:20:02:951	exp.	8,18	-5,45	6,00
07:20:02:961	exp.	8,20	-5,41	5,20
07:20:02:971	exp.	8,22	-5,35	4,40
07:20:02:981	exp.	8,22	-5,29	3,60
07:20:02:991	exp.	8,18	-5,22	2,80
07:20:03:001	exp.	8,15	-5,15	2,00
07:20:03:011	exp.	8,12	-5,06	1,30
07:20:03:021	exp.	8,13	-4,96	0,70
07:20:03:031	exp.	8,18	-4,84	0,00
07:20:03:041	exp.	8,22	-4,70	-0,70
07:20:03:051	exp.	8,24	-4,57	-1,30
07:20:03:061	exp.	8,25	-4,44	-2,00
07:20:03:071	exp.	8,25	-4,33	-2,60
07:20:03:081	exp.	8,21	-4,22	-3,30
07:20:03:091	exp.	8,18	-4,13	-3,90
07:20:03:101	exp.	8,16	-4,04	-4,60
07:20:03:111	exp.	8,16	-3,97	-5,20
07:20:03:121	exp.	8,16	-3,91	-5,90
07:20:03:131	exp.	8,16	-3,89	-6,50
07:20:03:141	exp.	8,17	-3,90	-7,20
07:20:03:152	exp.	8,20	-3,91	-7,80
07:20:03:161	exp.	8,21	-3,92	-8,50
07:20:03:171	exp.	8,23	-3,94	-9,20
07:20:03:181	exp.	8,25	-3,93	-9,80
07:20:03:191	exp.	8,27	-3,92	-10,50
07:20:03:201	exp.	8,27	-3,92	-11,20
07:20:03:211	exp.	8,26	-3,94	-11,80
07:20:03:221	exp.	8,24	-3,95	-12,50
07:20:03:231	exp.	8,21	-3,97	-13,10
07:20:03:241	exp.	8,17	-3,97	-13,70
07:20:03:251	exp.	8,14	-3,95	-14,30
07:20:03:261	exp.	8,14	-3,91	-14,90
07:20:03:271	exp.	8,14	-3,86	-15,40
07:20:03:281	exp.	8,14	-3,80	-16,00
07:20:03:291	exp.	8,14	-3,73	-16,50
07:20:03:301	exp.	8,15	-3,66	-17,00
07:20:03:311	exp.	8,15	-3,56	-17,50
07:20:03:321	exp.	8,17	-3,47	-18,00
07:20:03:331	exp.	8,21	-3,36	-18,40
07:20:03:341	exp.	8,24	-3,25	-18,90
07:20:03:351	exp.	8,25	-3,15	-19,30
07:20:03:361	exp.	8,26	-3,06	-19,70
07:20:03:371	exp.	8,27	-2,98	-20,20
07:20:03:381	exp.	8,27	-2,89	-20,50
07:20:03:392	exp.	8,27	-2,80	-20,90
07:20:03:401	exp.	8,27	-2,70	-21,30
07:20:03:411	exp.	8,27	-2,60	-21,60
07:20:03:421	exp.	8,28	-2,51	-22,00
07:20:03:431	exp.	8,29	-2,42	-22,30
07:20:03:441	exp.	8,28	-2,36	-22,70
07:20:03:451	exp.	8,28	-2,30	-23,10
07:20:03:461	exp.	8,28	-2,26	-23,50
07:20:03:471	exp.	8,28	-2,22	-23,90
07:20:03:481	exp.	8,26	-2,20	-24,30
07:20:03:491	exp.	8,23	-2,21	-24,60
07:20:03:501	exp.	8,19	-2,23	-25,00
07:20:03:511	exp.	8,16	-2,24	-25,40
07:20:03:521	exp.	8,12	-2,27	-25,70
07:20:03:531	exp.	8,09	-2,27	-26,00
07:20:03:541	exp.	8,05	-2,26	-26,30
07:20:03:551	exp.	8,02	-2,23	-26,60
07:20:03:561	exp.	7,99	-2,18	-26,80
07:20:03:571	exp.	7,94	-2,11	-27,00
07:20:03:581	exp.	7,88	-2,00	-27,10
07:20:03:591	exp.	7,81	-1,87	-27,20
07:20:03:601	exp.	7,72	-1,69	-27,20
07:20:03:611	exp.	7,62	-1,47	-27,20
07:20:03:621	exp.	7,51	-1,22	-27,20
07:20:03:631	exp.	7,39	-0,94	-27,20
07:20:03:641	exp.	7,21	-0,64	-27,20
07:20:03:652	exp.	6,91	-0,32	-27,20
07:20:03:662	maintien de la pause exp.	6,52	0,02	-27,20	Pression
07:20:03:671	maintien de la pause exp.	6,09	0,41	-27,20
07:20:03:681	maintien de la pause exp.	5,48	0,89	-27,20
07:20:03:691	maintien de la pause exp.	4,88	1,47	-27,20
07:20:03:701	maintien de la pause exp.	4,35	2,12	-27,20
07:20:03:711	maintien de la pause exp.	3,85	2,81	-27,20
07:20:03:721	maintien de la pause exp.	3,39	3,47	-27,20
07:20:03:731	maintien de la pause exp.	2,98	4,05	-27,20
07:20:03:741	maintien de la pause exp.	2,61	4,53	-27,20
07:20:03:751	maintien de la pause exp.	2,25	4,91	-27,20
07:20:03:761	maintien de la pause exp.	1,89	5,18	-27,20
07:20:03:771	maintien de la pause exp.	1,52	5,35	-27,20
07:20:03:781	maintien de la pause exp.	1,16	5,38	-27,20
07:20:03:791	maintien de la pause exp.	0,80	5,29	-27,20
07:20:03:801	maintien de la pause exp.	0,42	5,06	-27,20
07:20:03:811	maintien de la pause exp.	0,07	4,78	-27,20
07:20:03:821	maintien de la pause exp.	-0,29	4,48	-27,20
07:20:03:831	maintien de la pause exp.	-0,63	4,22	-27,20
07:20:03:841	maintien de la pause exp.	-0,96	4,04	-27,20
07:20:03:851	maintien de la pause exp.	-1,27	3,92	-27,20
07:20:03:861	maintien de la pause exp.	-1,57	3,86	-27,20
07:20:03:871	maintien de la pause exp.	-1,86	3,83	-27,20
07:20:03:881	maintien de la pause exp.	-2,13	3,79	-27,20
07:20:03:891	maintien de la pause exp.	-2,36	3,77	-27,20
07:20:03:902	maintien de la pause exp.	-2,56	3,73	-27,20
07:20:03:911	maintien de la pause exp.	-2,71	3,67	-27,20
07:20:03:921	maintien de la pause exp.	-2,80	3,58	-27,20
07:20:03:931	maintien de la pause exp.	-2,84	3,45	-27,20
07:20:03:941	maintien de la pause exp.	-2,83	3,29	-27,20
07:20:03:951	maintien de la pause exp.	-2,80	3,07	-27,20
07:20:03:961	maintien de la pause exp.	-2,76	2,81	-27,20
07:20:03:971	maintien de la pause exp.	-2,69	2,51	-27,20
07:20:03:981	maintien de la pause exp.	-2,59	2,19	-27,20
07:20:03:991	maintien de la pause exp.	-2,44	1,85	-27,20
07:20:04:001	maintien de la pause exp.	-2,24	1,50	-27,30
07:20:04:011	maintien de la pause exp.	-2,00	1,15	-27,50
07:20:04:021	maintien de la pause exp.	-1,76	0,79	-27,70
07:20:04:031	maintien de la pause exp.	-1,50	0,41	-28,00
07:20:04:041	maintien de la pause exp.	-1,26	0,03	-28,30
07:20:04:051	maintien de la pause exp.	-1,01	-0,34	-28,60
07:20:04:061	maintien de la pause exp.	-0,74	-0,67	-29,00
07:20:04:071	maintien de la pause exp.	-0,46	-0,95	-29,30
07:20:04:081	maintien de la pause exp.	-0,16	-1,19	-29,70
07:20:04:091	maintien de la pause exp.	0,15	-1,42	-30,10
07:20:04:101	maintien de la pause exp.	0,48	-1,63	-30,50
07:20:04:111	maintien de la pause exp.	0,80	-1,84	-31,00
07:20:04:121	maintien de la pause exp.	1,13	-2,05	-31,50
07:20:04:131	maintien de la pause exp.	1,43	-2,23	-32,00
07:20:04:141	maintien de la pause exp.	1,72	-2,38	-32,50
07:20:04:152	maintien de la pause exp.	1,99	-2,49	-32,90
07:20:04:161	maintien de la pause exp.	2,25	-2,57	-33,40
07:20:04:171	maintien de la pause exp.	2,49	-2,65	-33,80
07:20:04:181	maintien de la pause exp.	2,73	-2,71	-34,20
07:20:04:191	maintien de la pause exp.	2,95	-2,74	-34,60
07:20:04:201	maintien de la pause exp.	3,16	-2,75	-35,00
07:20:04:211	maintien de la pause exp.	3,37	-2,72	-35,30
07:20:04:221	maintien de la pause exp.	3,57	-2,66	-35,70
07:20:04:231	maintien de la pause exp.	3,78	-2,57	-36,00
07:20:04:241	maintien de la pause exp.	3,98	-2,46	-36,30
07:20:04:251	maintien de la pause exp.	4,16	-2,36	-36,60
07:20:04:261	maintien de la pause exp.	4,33	-2,26	-36,90
07:20:04:271	maintien de la pause exp.	4,48	-2,16	-37,20
07:20:04:281	maintien de la pause exp.	4,63	-2,08	-37,50
07:20:04:291	maintien de la pause exp.	4,75	-2,00	-37,80
07:20:04:301	maintien de la pause exp.	4,86	-1,93	-38,00
07:20:04:311	maintien de la pause exp.	4,98	-1,85	-38,20
07:20:04:321	maintien de la pause exp.	5,09	-1,78	-38,40
07:20:04:331	maintien de la pause exp.	5,19	-1,69	-38,60
07:20:04:341	maintien de la pause exp.	5,30	-1,60	-38,80
07:20:04:351	maintien de la pause exp.	5,40	-1,51	-38,90
07:20:04:361	maintien de la pause exp.	5,50	-1,42	-39,10
07:20:04:371	maintien de la pause exp.	5,59	-1,34	-39,30
07:20:04:381	maintien de la pause exp.	5,68	-1,25	-39,40
07:20:04:391	maintien de la pause exp.	5,75	-1,18	-39,60
07:20:04:402	maintien de la pause exp.	5,82	-1,12	-39,70
07:20:04:411	maintien de la pause exp.	5,88	-1,06	-39,90
07:20:04:421	maintien de la pause exp.	5,93	-1,01	-40,00
07:20:04:431	maintien de la pause exp.	5,99	-0,97	-40,10
07:20:04:441	maintien de la pause exp.	6,02	-0,93	-40,20
07:20:04:451	maintien de la pause exp.	6,05	-0,88	-40,30
07:20:04:461	maintien de la pause exp.	6,07	-0,83	-40,30
07:20:04:471	maintien de la pause exp.	6,08	-0,77	-40,40
07:20:04:481	maintien de la pause exp.	6,09	-0,71	-40,40
07:20:04:491	maintien de la pause exp.	6,12	-0,64	-40,50
07:20:04:501	maintien de la pause exp.	6,13	-0,56	-40,50
07:20:04:511	maintien de la pause exp.	6,14	-0,49	-40,50
07:20:04:521	maintien de la pause exp.	6,16	-0,42	-40,60
07:20:04:531	maintien de la pause exp.	6,18	-0,36	-40,60
07:20:04:541	maintien de la pause exp.	6,21	-0,31	-40,60
07:20:04:551	maintien de la pause exp.	6,24	-0,26	-40,70
07:20:04:561	maintien de la pause exp.	6,29	-0,23	-40,70
07:20:04:571	maintien de la pause exp.	6,36	-0,20	-40,80
07:20:04:581	maintien de la pause exp.	6,45	-0,20	-40,80
07:20:04:591	maintien de la pause exp.	6,56	-0,20	-40,90
07:20:04:601	maintien de la pause exp.	6,70	-0,23	-41,10
07:20:04:611	maintien de la pause exp.	6,82	-0,29	-41,30
07:20:04:621	maintien de la pause exp.	6,90	-0,38	-41,40
07:20:04:631	maintien de la pause exp.	6,88	-0,49	-41,60
07:20:04:641	maintien de la pause exp.	6,78	-0,61	-41,70
07:20:04:652	maintien de la pause exp.	6,64	-0,71	-41,70
07:20:04:661	maintien de la pause exp.	6,50	-0,74	-41,70
07:20:04:671	maintien de la pause exp.	6,38	-0,71	-41,70
07:20:04:681	maintien de la pause exp.	6,30	-0,59	-41,70
07:20:04:691	maintien de la pause exp.	6,28	-0,41	-41,70
07:20:04:701	maintien de la pause exp.	6,32	-0,20	-41,70
07:20:04:711	maintien de la pause exp.	6,40	0,01	-41,70
07:20:04:721	maintien de la pause exp.	6,48	0,19	-41,70
07:20:04:731	maintien de la pause exp.	6,57	0,33	-41,80
07:20:04:741	maintien de la pause exp.	6,63	0,43	-41,90
07:20:04:751	maintien de la pause exp.	6,67	0,46	-42,00
07:20:04:761	maintien de la pause exp.	6,69	0,43	-42,10
07:20:04:771	maintien de la pause exp.	6,70	0,32	-42,20
07:20:04:781	maintien de la pause exp.	6,71	0,17	-42,30
07:20:04:791	maintien de la pause exp.	6,72	-0,02	-42,30
07:20:04:801	maintien de la pause exp.	6,72	-0,20	-42,30
07:20:04:811	maintien de la pause exp.	6,72	-0,34	-42,30
07:20:04:821	maintien de la pause exp.	6,71	-0,41	-42,30
07:20:04:831	maintien de la pause exp.	6,71	-0,43	-42,30
07:20:04:841	maintien de la pause exp.	6,71	-0,38	-42,30
07:20:04:851	maintien de la pause exp.	6,71	-0,30	-42,30
07:20:04:861	maintien de la pause exp.	6,71	-0,20	-42,30
07:20:04:871	maintien de la pause exp.	6,71	-0,11	-42,30
07:20:04:882	insp.	6,72	-0,04	0,00
07:20:04:892	insp.	6,74	0,01	0,00
07:20:04:902	insp.	6,74	0,04	0,00
07:20:04:912	insp.	7,12	0,02	0,00
07:20:04:921	insp.	7,93	0,02	0,10
07:20:04:931	insp.	9,04	-0,05	0,40
07:20:04:941	insp.	10,67	-0,09	1,10
07:20:04:951	insp.	11,51	0,01	2,40
07:20:04:961	insp.	11,48	0,37	4,50
07:20:04:971	insp.	11,56	1,22	7,30
07:20:04:981	insp.	12,20	2,75	10,80
07:20:04:991	insp.	12,65	4,84	14,70
07:20:05:001	insp.	12,74	7,33	19,00
07:20:05:011	insp.	12,87	10,00	23,60
07:20:05:021	insp.	13,20	12,74	28,00
07:20:05:031	insp.	13,35	15,52	32,50
07:20:05:041	insp.	13,32	18,19	37,00
07:20:05:051	insp.	13,46	20,77	41,70
07:20:05:061	insp.	13,65	23,24	46,40
07:20:05:071	insp.	13,73	25,22	51,00
07:20:05:081	insp.	13,78	26,48	55,70
07:20:05:091	insp.	13,89	27,17	60,30
07:20:05:101	insp.	13,99	27,48	64,90
07:20:05:111	insp.	14,06	27,61	69,40
07:20:05:121	insp.	14,13	27,58	73,80
07:20:05:131	insp.	14,20	27,56	78,20
07:20:05:141	insp.	14,27	27,62	82,60
07:20:05:152	insp.	14,26	27,55	86,80
07:20:05:161	insp.	14,24	27,28	91,00
07:20:05:171	insp.	14,27	26,96	95,10
07:20:05:181	insp.	14,30	26,66	99,10
07:20:05:191	insp.	14,31	26,30	103,00
07:20:05:201	insp.	14,32	25,88	106,80
07:20:05:211	insp.	14,36	25,45	110,60
07:20:05:221	insp.	14,38	25,00	114,20
07:20:05:231	insp.	14,38	24,50	117,70
07:20:05:241	insp.	14,39	23,98	121,20
07:20:05:251	insp.	14,41	23,45	124,50
07:20:05:261	insp.	14,42	22,94	127,80
07:20:05:271	insp.	14,41	22,39	131,00
07:20:05:281	insp.	14,41	21,82	134,10
07:20:05:291	insp.	14,43	21,27	137,00
07:20:05:301	insp.	14,43	20,71	139,90
07:20:05:311	insp.	14,42	20,13	142,70
07:20:05:321	insp.	14,41	19,55	145,40
07:20:05:331	insp.	14,42	19,00	148,00
07:20:05:341	insp.	14,42	18,44	150,50
07:20:05:351	insp.	14,42	17,87	152,90
07:20:05:361	insp.	14,44	17,30	155,30
07:20:05:371	insp.	14,44	16,75	157,50
07:20:05:381	insp.	14,43	16,19	159,60
07:20:05:391	insp.	14,42	15,61	161,70
07:20:05:401	insp.	14,41	15,05	163,60
07:20:05:411	insp.	14,41	14,50	165,50
07:20:05:421	insp.	14,40	13,96	167,30
07:20:05:431	insp.	14,38	13,41	169,00
07:20:05:441	insp.	14,38	12,88	170,70
07:20:05:451	insp.	14,37	12,35	172,20
07:20:05:462	exp.	14,33	11,82	173,70
07:20:05:471	exp.	14,25	11,30	175,10
07:20:05:481	exp.	13,18	10,81	176,50
07:20:05:491	exp.	13,20	10,40	177,60
07:20:05:501	exp.	12,24	10,08	178,00
07:20:05:511	exp.	10,69	9,53	177,90
07:20:05:521	exp.	9,71	8,68	177,10
07:20:05:531	exp.	9,26	7,47	175,10
07:20:05:541	exp.	8,89	5,66	172,10
07:20:05:551	exp.	8,68	3,10	168,30
07:20:05:561	exp.	8,78	-0,07	164,10
07:20:05:571	exp.	8,99	-3,64	159,30
07:20:05:581	exp.	9,05	-7,46	154,40
07:20:05:591	exp.	9,11	-11,54	149,70
07:20:05:601	exp.	9,20	-15,53	145,10
07:20:05:611	exp.	9,12	-19,00	140,80
07:20:05:621	exp.	8,94	-21,95	136,80
07:20:05:631	exp.	8,82	-24,36	133,00
07:20:05:641	exp.	8,74	-25,92	129,40
07:20:05:652	exp.	8,68	-26,56	125,90
07:20:05:661	exp.	8,65	-26,43	122,70
07:20:05:671	exp.	8,66	-25,76	119,60
07:20:05:681	exp.	8,68	-24,70	116,60
07:20:05:691	exp.	8,68	-23,33	113,70
07:20:05:701	exp.	8,69	-22,03	111,00
07:20:05:711	exp.	8,69	-20,90	108,40
07:20:05:721	exp.	8,68	-19,84	105,90
07:20:05:731	exp.	8,65	-18,85	103,50
07:20:05:741	exp.	8,62	-17,99	101,10
07:20:05:751	exp.	8,57	-17,21	98,90
07:20:05:761	exp.	8,53	-16,49	96,60
07:20:05:771	exp.	8,51	-15,85	94,50
07:20:05:781	exp.	8,48	-15,28	92,30
07:20:05:791	exp.	8,44	-14,74	90,30
07:20:05:801	exp.	8,41	-14,25	88,30
07:20:05:811	exp.	8,38	-13,81	86,30
07:20:05:821	exp.	8,35	-13,40	84,40
07:20:05:831	exp.	8,33	-13,03	82,70
07:20:05:841	exp.	8,31	-12,67	80,90
07:20:05:851	exp.	8,30	-12,31	79,30
07:20:05:861	exp.	8,30	-11,94	77,70
07:20:05:871	exp.	8,29	-11,57	76,10
07:20:05:881	exp.	8,29	-11,20	74,60
07:20:05:891	exp.	8,29	-10,82	73,20
07:20:05:901	exp.	8,28	-10,44	71,70
07:20:05:911	exp.	8,27	-10,07	70,30
07:20:05:921	exp.	8,22	-9,71	69,00
07:20:05:931	exp.	8,19	-9,39	67,70
07:20:05:941	exp.	8,18	-9,09	66,40
07:20:05:951	exp.	8,21	-8,81	65,20
07:20:05:961	exp.	8,24	-8,55	64,00
07:20:05:971	exp.	8,26	-8,29	62,80
07:20:05:981	exp.	8,27	-8,06	61,70
07:20:05:991	exp.	8,27	-7,84	60,60
07:20:06:001	exp.	8,26	-7,64	59,40
07:20:06:011	exp.	8,22	-7,46	58,30
07:20:06:021	exp.	8,20	-7,28	57,30
07:20:06:031	exp.	8,19	-7,11	56,20
07:20:06:041	exp.	8,19	-6,94	55,10
07:20:06:051	exp.	8,21	-6,80	54,10
07:20:06:061	exp.	8,23	-6,68	53,00
07:20:06:071	exp.	8,25	-6,59	52,00
07:20:06:081	exp.	8,27	-6,52	50,90
07:20:06:091	exp.	8,31	-6,46	49,90
07:20:06:101	exp.	8,33	-6,41	48,80
07:20:06:111	exp.	8,34	-6,37	47,70
07:20:06:121	exp.	8,34	-6,35	46,70
07:20:06:131	exp.	8,33	-6,34	45,60
07:20:06:141	exp.	8,31	-6,35	44,60
07:20:06:152	exp.	8,28	-6,35	43,60
07:20:06:161	exp.	8,26	-6,35	42,60
07:20:06:171	exp.	8,23	-6,33	41,60
07:20:06:181	exp.	8,22	-6,29	40,60
07:20:06:191	exp.	8,20	-6,24	39,60
07:20:06:201	exp.	8,19	-6,18	38,70
07:20:06:211	exp.	8,18	-6,11	37,70
07:20:06:221	exp.	8,17	-6,04	36,80
07:20:06:231	exp.	8,18	-5,96	35,90
07:20:06:241	exp.	8,18	-5,89	34,90
07:20:06:251	exp.	8,18	-5,81	34,00
07:20:06:261	exp.	8,19	-5,75	33,10
07:20:06:271	exp.	8,19	-5,69	32,20
07:20:06:281	exp.	8,18	-5,63	31,40
07:20:06:291	exp.	8,18	-5,58	30,50
07:20:06:301	exp.	8,17	-5,52	29,70
07:20:06:311	exp.	8,17	-5,45	28,90
07:20:06:321	exp.	8,18	-5,37	28,00
07:20:06:331	exp.	8,18	-5,29	27,20
07:20:06:341	exp.	8,18	-5,21	26,40
07:20:06:351	exp.	8,18	-5,14	25,60
07:20:06:361	exp.	8,18	-5,06	24,80
07:20:06:371	exp.	8,18	-5,00	24,00
07:20:06:381	exp.	8,19	-4,94	23,30
07:20:06:391	exp.	8,20	-4,88	22,50
07:20:06:402	exp.	8,22	-4,83	21,70
07:20:06:411	exp.	8,20	-4,78	21,00
07:20:06:421	exp.	8,19	-4,75	20,30
07:20:06:431	exp.	8,16	-4,70	19,50
07:20:06:441	exp.	8,15	-4,65	18,80
07:20:06:451	exp.	8,14	-4,60	18,20
07:20:06:461	exp.	8,13	-4,52	17,50
07:20:06:471	exp.	8,10	-4,44	16,90
07:20:06:481	exp.	8,09	-4,35	16,30
07:20:06:491	exp.	8,09	-4,26	15,70
07:20:06:501	exp.	8,08	-4,16	15,10
07:20:06:511	exp.	8,07	-4,06	14,50
07:20:06:521	exp.	8,09	-3,94	14,00
07:20:06:531	exp.	8,12	-3,80	13,50
07:20:06:541	exp.	8,19	-3,67	13,00
07:20:06:551	exp.	8,26	-3,55	12,40
07:20:06:561	exp.	8,35	-3,44	11,90
07:20:06:571	exp.	8,42	-3,36	11,30
07:20:06:581	exp.	8,42	-3,31	10,70
07:20:06:591	exp.	8,33	-3,31	10,10
07:20:06:601	exp.	8,17	-3,32	9,60
07:20:06:611	exp.	8,01	-3,34	9,20
07:20:06:621	exp.	7,92	-3,32	8,80
07:20:06:631	exp.	7,89	-3,25	8,50
07:20:06:641	exp.	7,86	-3,13	8,30
07:20:06:652	exp.	7,85	-2,95	8,20
07:20:06:661	exp.	7,84	-2,72	8,00
07:20:06:671	exp.	7,85	-2,48	7,90
07:20:06:681	exp.	7,88	-2,20	7,80
07:20:06:691	exp.	7,93	-1,88	7,70
07:20:06:701	exp.	7,97	-1,55	7,60
07:20:06:711	exp.	8,00	-1,26	7,40
07:20:06:721	exp.	8,01	-1,03	7,30
07:20:06:731	exp.	8,01	-0,88	7,20
07:20:06:741	exp.	8,01	-0,79	7,00
07:20:06:751	exp.	7,99	-0,76	6,90
07:20:06:761	exp.	7,99	-0,74	6,80
07:20:06:771	exp.	7,98	-0,73	6,80
07:20:06:781	exp.	7,96	-0,71	6,70
07:20:06:791	exp.	7,93	-0,70	6,70
07:20:06:801	exp.	7,90	-0,67	6,60
07:20:06:811	exp.	7,89	-0,62	6,60
07:20:06:821	exp.	7,88	-0,55	6,60
07:20:06:831	exp.	7,87	-0,45	6,60
07:20:06:841	exp.	7,87	-0,35	6,60
07:20:06:851	exp.	7,87	-0,26	6,60
07:20:06:861	exp.	7,89	-0,19	6,60
07:20:06:871	exp.	7,93	-0,13	6,60
07:20:06:881	exp.	7,96	-0,10	6,50
07:20:06:891	exp.	7,98	-0,08	6,50
07:20:06:901	exp.	7,98	-0,09	6,40
07:20:06:911	exp.	7,96	-0,11	6,40
07:20:06:921	exp.	7,95	-0,16	6,30
07:20:06:931	exp.	7,95	-0,19	6,30
07:20:06:941	exp.	7,98	-0,22	6,20
07:20:06:951	exp.	8,02	-0,24	6,20
07:20:06:961	exp.	8,05	-0,26	6,10
07:20:06:971	exp.	8,05	-0,28	6,00
07:20:06:981	exp.	8,05	-0,31	5,90
07:20:06:991	exp.	8,03	-0,35	5,90
07:20:07:001	exp.	8,02	-0,38	5,80
07:20:07:011	exp.	8,00	-0,38	5,70
07:20:07:021	exp.	8,00	-0,38	5,70
07:20:07:031	exp.	7,99	-0,38	5,60
07:20:07:041	exp.	7,99	-0,38	5,60
07:20:07:051	exp.	7,99	-0,39	5,50
07:20:07:061	exp.	7,99	-0,40	5,50
07:20:07:071	exp.	8,01	-0,41	5,40
07:20:07:081	exp.	8,02	-0,40	5,30
07:20:07:091	exp.	8,02	-0,38	5,20
07:20:07:101	exp.	7,99	-0,36	5,20
07:20:07:111	exp.	7,94	-0,36	5,10
07:20:07:121	exp.	7,87	-0,37	5,10
07:20:07:131	exp.	7,79	-0,37	5,10
07:20:07:141	exp.	7,69	-0,37	5,10
07:20:07:152	exp.	7,59	-0,33	5,10
07:20:07:161	exp.	7,48	-0,25	5,10
07:20:07:171	exp.	7,33	-0,14	5,10
07:20:07:181	exp.	7,15	0,01	5,10
07:20:07:191	exp.	6,93	0,21	5,10
07:20:07:203	insp.	6,68	0,47	0,50	Pression
07:20:07:211	insp.	6,42	0,79	1,10
07:20:07:221	insp.	6,12	1,17	1,80
07:20:07:231	insp.	5,94	1,58	2,50
07:20:07:241	insp.	7,20	1,98	3,60
07:20:07:251	insp.	9,71	2,45	4,90
07:20:07:261	insp.	10,76	2,93	6,70
07:20:07:271	insp.	10,32	3,49	9,50
07:20:07:281	insp.	10,27	4,50	13,40
07:20:07:291	insp.	10,94	6,27	18,10
07:20:07:301	insp.	11,23	8,75	23,40
07:20:07:311	insp.	11,07	11,74	29,60
07:20:07:321	insp.	11,24	15,10	36,30
07:20:07:331	insp.	11,63	18,79	43,00
07:20:07:341	insp.	11,70	22,48	49,80
07:20:07:351	insp.	11,60	25,97	56,90
07:20:07:361	insp.	11,77	29,58	64,40
07:20:07:371	insp.	12,00	33,38	71,90
07:20:07:381	insp.	12,01	36,79	79,60
07:20:07:392	insp.	12,01	39,43	87,60
07:20:07:402	insp.	12,10	41,46	95,80
07:20:07:411	insp.	12,16	43,07	104,00
07:20:07:421	insp.	12,17	44,29	112,40
07:20:07:431	insp.	12,20	45,22	120,90
07:20:07:441	insp.	12,32	46,25	129,60
07:20:07:451	insp.	12,41	47,48	138,40
07:20:07:461	insp.	12,47	48,57	147,20
07:20:07:471	insp.	12,55	49,42	156,10
07:20:07:481	insp.	12,67	50,22	165,10
07:20:07:491	insp.	12,80	51,03	174,10
07:20:07:501	insp.	12,94	51,71	183,10
07:20:07:511	insp.	13,10	52,27	192,10
07:20:07:521	insp.	13,23	52,79	201,20
07:20:07:531	insp.	13,37	53,24	210,20
07:20:07:541	insp.	13,52	53,56	219,10
07:20:07:551	insp.	13,66	53,75	228,00
07:20:07:561	insp.	13,75	53,88	236,80
07:20:07:571	insp.	13,80	53,92	245,50
07:20:07:581	insp.	13,83	53,84	254,20
07:20:07:591	insp.	13,86	53,68	262,80
07:20:07:601	insp.	13,92	53,45	271,20
07:20:07:611	insp.	14,01	53,15	279,60
07:20:07:621	insp.	14,12	52,79	287,90
07:20:07:631	insp.	14,24	52,36	296,00
07:20:07:641	insp.	14,36	51,86	303,90
07:20:07:652	insp.	14,49	51,28	311,70
07:20:07:661	insp.	14,63	50,64	319,30
07:20:07:671	insp.	14,72	49,94	326,70
07:20:07:681	insp.	14,85	49,20	333,90
07:20:07:691	insp.	15,01	48,39	341,00
07:20:07:701	insp.	15,14	47,51	347,70
07:20:07:711	insp.	15,14	46,54	354,30
07:20:07:721	insp.	14,93	45,47	360,60
07:20:07:731	insp.	14,89	44,33	366,60
07:20:07:741	insp.	15,09	43,12	372,20
07:20:07:751	insp.	15,27	41,84	377,50
07:20:07:761	insp.	15,31	40,42	382,60
07:20:07:771	insp.	15,20	38,89	387,30
07:20:07:781	insp.	15,02	37,27	391,70
07:20:07:791	insp.	15,05	35,57	395,80
07:20:07:801	insp.	15,22	33,85	399,70
07:20:07:811	insp.	15,32	32,09	403,20
07:20:07:822	exp.	15,35	30,31	406,50
07:20:07:831	exp.	15,33	28,49	409,50
07:20:07:841	exp.	14,13	26,63	412,30
07:20:07:851	exp.	13,65	24,85	414,60
07:20:07:861	exp.	12,68	23,30	416,00
07:20:07:871	exp.	11,15	21,62	416,60
07:20:07:881	exp.	10,35	19,64	416,10
07:20:07:893	exp.	10,22	17,18	414,00
07:20:07:901	exp.	9,94	13,91	410,50
07:20:07:911	exp.	9,60	9,70	405,90
07:20:07:921	exp.	9,61	4,72	400,70
07:20:07:931	exp.	9,73	-0,64	394,90
07:20:07:941	exp.	9,68	-6,07	388,70
07:20:07:951	exp.	9,65	-11,69	382,80
07:20:07:961	exp.	9,75	-17,23	376,90
07:20:07:971	exp.	9,77	-22,18	371,20
07:20:07:981	exp.	9,73	-26,54	365,50
07:20:07:991	exp.	9,72	-30,25	360,00
07:20:08:001	exp.	9,69	-32,90	354,50
07:20:08:011	exp.	9,61	-34,35	349,20
07:20:08:021	exp.	9,55	-34,85	343,90
07:20:08:031	exp.	9,53	-34,73	338,70
07:20:08:041	exp.	9,52	-34,27	333,60
07:20:08:051	exp.	9,50	-33,47	328,60
07:20:08:061	exp.	9,49	-32,73	323,70
07:20:08:071	exp.	9,47	-32,18	318,80
07:20:08:081	exp.	9,41	-31,66	314,00
07:20:08:091	exp.	9,35	-31,12	309,30
07:20:08:101	exp.	9,32	-30,62	304,70
07:20:08:111	exp.	9,28	-30,15	300,10
07:20:08:121	exp.	9,23	-29,66	295,70
07:20:08:131	exp.	9,20	-29,16	291,30
07:20:08:141	exp.	9,18	-28,68	287,00
07:20:08:152	exp.	9,17	-28,21	282,80
07:20:08:161	exp.	9,15	-27,73	278,60
07:20:08:171	exp.	9,11	-27,27	274,50
07:20:08:181	exp.	9,07	-26,80	270,50
07:20:08:191	exp.	9,05	-26,33	266,60
07:20:08:201	exp.	9,01	-25,87	262,70
07:20:08:211	exp.	8,98	-25,42	258,90
07:20:08:221	exp.	8,95	-24,98	255,10
07:20:08:231	exp.	8,94	-24,55	251,50
07:20:08:241	exp.	8,93	-24,12	247,90
07:20:08:251	exp.	8,89	-23,70	244,40
07:20:08:261	exp.	8,86	-23,27	240,90
07:20:08:271	exp.	8,85	-22,83	237,60
07:20:08:281	exp.	8,83	-22,40	234,20
07:20:08:291	exp.	8,81	-21,97	231,00
07:20:08:301	exp.	8,80	-21,53	227,80
07:20:08:311	exp.	8,80	-21,11	224,70
07:20:08:321	exp.	8,78	-20,70	221,60
07:20:08:331	exp.	8,75	-20,31	218,50
07:20:08:341	exp.	8,73	-19,93	215,60
07:20:08:351	exp.	8,73	-19,55	212,70
07:20:08:361	exp.	8,71	-19,18	209,80
07:20:08:371	exp.	8,69	-18,83	207,00
07:20:08:381	exp.	8,66	-18,49	204,30
07:20:08:391	exp.	8,64	-18,14	201,60
07:20:08:402	exp.	8,62	-17,80	199,00
07:20:08:411	exp.	8,61	-17,46	196,40
07:20:08:421	exp.	8,61	-17,12	193,90
07:20:08:431	exp.	8,62	-16,78	191,40
07:20:08:441	exp.	8,60	-16,43	188,90
07:20:08:451	exp.	8,59	-16,12	186,50
07:20:08:461	exp.	8,59	-15,82	184,10
07:20:08:471	exp.	8,59	-15,53	181,70
07:20:08:481	exp.	8,61	-15,27	179,40
07:20:08:491	exp.	8,64	-15,02	177,00
07:20:08:501	exp.	8,67	-14,81	174,60
07:20:08:511	exp.	8,69	-14,62	172,20
07:20:08:521	exp.	8,72	-14,49	169,80
07:20:08:531	exp.	8,69	-14,41	167,40
07:20:08:541	exp.	8,60	-14,36	165,10
07:20:08:551	exp.	8,46	-14,34	162,70
07:20:08:561	exp.	8,33	-14,32	160,50
07:20:08:571	exp.	8,24	-14,27	158,30
07:20:08:581	exp.	8,20	-14,17	156,30
07:20:08:591	exp.	8,20	-14,02	154,30
07:20:08:601	exp.	8,23	-13,81	152,40
07:20:08:611	exp.	8,28	-13,54	150,60
07:20:08:621	exp.	8,32	-13,22	148,90
07:20:08:631	exp.	8,35	-12,84	147,20
07:20:08:641	exp.	8,37	-12,41	145,50
07:20:08:652	exp.	8,39	-11,96	143,90
07:20:08:661	exp.	8,40	-11,48	142,40
07:20:08:671	exp.	8,41	-11,03	140,80
07:20:08:681	exp.	8,41	-10,62	139,30
07:20:08:691	exp.	8,41	-10,27	137,80
07:20:08:701	exp.	8,41	-9,97	136,30
07:20:08:711	exp.	8,40	-9,73	134,80
07:20:08:721	exp.	8,38	-9,53	133,30
07:20:08:731	exp.	8,36	-9,38	131,80
07:20:08:741	exp.	8,35	-9,25	130,30
07:20:08:751	exp.	8,32	-9,14	128,90
07:20:08:761	exp.	8,30	-9,06	127,50
07:20:08:771	exp.	8,29	-8,98	126,10
07:20:08:781	exp.	8,29	-8,89	124,80
07:20:08:791	exp.	8,29	-8,80	123,40
07:20:08:801	exp.	8,29	-8,70	122,10
07:20:08:811	exp.	8,31	-8,57	120,90
07:20:08:821	exp.	8,33	-8,44	119,60
07:20:08:831	exp.	8,35	-8,28	118,30
07:20:08:841	exp.	8,35	-8,13	117,10
07:20:08:851	exp.	8,34	-7,99	115,90
07:20:08:861	exp.	8,31	-7,85	114,70
07:20:08:871	exp.	8,30	-7,73	113,50
07:20:08:881	exp.	8,31	-7,61	112,30
07:20:08:892	exp.	8,35	-7,49	111,20
07:20:08:902	exp.	8,38	-7,38	110,00
07:20:08:911	exp.	8,40	-7,28	108,90
07:20:08:921	exp.	8,41	-7,21	107,70
07:20:08:931	exp.	8,40	-7,16	106,50
07:20:08:941	exp.	8,38	-7,12	105,30
07:20:08:951	exp.	8,36	-7,09	104,10
07:20:08:961	exp.	8,34	-7,05	103,00
07:20:08:971	exp.	8,34	-7,02	101,80
07:20:08:981	exp.	8,36	-7,00	100,60
07:20:08:991	exp.	8,36	-7,00	99,50
07:20:09:001	exp.	8,38	-7,01	98,30
07:20:09:011	exp.	8,40	-7,04	97,10
07:20:09:021	exp.	8,44	-7,07	95,90
07:20:09:031	exp.	8,47	-7,08	94,60
07:20:09:041	exp.	8,49	-7,09	93,40
07:20:09:051	exp.	8,50	-7,10	92,20
07:20:09:061	exp.	8,50	-7,14	90,90
07:20:09:071	exp.	8,46	-7,21	89,60
07:20:09:081	exp.	8,42	-7,29	88,30
07:20:09:091	exp.	8,40	-7,37	87,00
07:20:09:101	exp.	8,39	-7,45	85,70
07:20:09:111	exp.	8,38	-7,52	84,40
07:20:09:121	exp.	8,37	-7,58	83,00
07:20:09:131	exp.	8,37	-7,66	81,70
07:20:09:141	exp.	8,37	-7,73	80,40
07:20:09:152	exp.	8,35	-7,80	79,10
07:20:09:161	exp.	8,34	-7,84	77,80
07:20:09:171	exp.	8,31	-7,86	76,50
07:20:09:181	exp.	8,30	-7,85	75,30
07:20:09:191	exp.	8,29	-7,83	74,00
07:20:09:201	exp.	8,29	-7,81	72,80
07:20:09:211	exp.	8,29	-7,77	71,60
07:20:09:221	exp.	8,29	-7,72	70,40
07:20:09:231	exp.	8,29	-7,66	69,20
07:20:09:241	exp.	8,29	-7,59	68,00
07:20:09:251	exp.	8,28	-7,49	66,90
07:20:09:261	exp.	8,28	-7,40	65,70
07:20:09:271	exp.	8,26	-7,31	64,60
07:20:09:281	exp.	8,25	-7,22	63,50
07:20:09:291	exp.	8,24	-7,13	62,40
07:20:09:301	exp.	8,24	-7,04	61,30
07:20:09:311	exp.	8,22	-6,95	60,20
07:20:09:321	exp.	8,20	-6,87	59,10
07:20:09:331	exp.	8,19	-6,79	58,10
07:20:09:341	exp.	8,18	-6,71	57,00
07:20:09:351	exp.	8,18	-6,64	56,00
07:20:09:361	exp.	8,16	-6,56	55,00
07:20:09:371	exp.	8,15	-6,49	54,00
07:20:09:381	exp.	8,14	-6,40	53,10
07:20:09:391	exp.	8,13	-6,30	52,20
07:20:09:402	exp.	8,13	-6,19	51,30
07:20:09:411	exp.	8,13	-6,06	50,50
07:20:09:421	exp.	8,13	-5,92	49,70
07:20:09:431	exp.	8,13	-5,76	48,90
07:20:09:441	exp.	8,14	-5,59	48,10
07:20:09:451	exp.	8,18	-5,42	47,30
07:20:09:461	exp.	8,23	-5,25	46,50
07:20:09:471	exp.	8,29	-5,09	45,70
07:20:09:481	exp.	8,36	-4,97	44,90
07:20:09:491	exp.	8,40	-4,88	44,00
07:20:09:501	exp.	8,37	-4,84	43,10
07:20:09:511	exp.	8,25	-4,85	42,30
07:20:09:521	exp.	8,10	-4,91	41,40
07:20:09:531	exp.	7,96	-4,96	40,70
07:20:09:541	exp.	7,87	-4,99	39,90
07:20:09:551	exp.	7,86	-4,97	39,30
07:20:09:561	exp.	7,86	-4,92	38,80
07:20:09:571	exp.	7,90	-4,81	38,30
07:20:09:581	exp.	7,93	-4,64	37,80
07:20:09:591	exp.	7,93	-4,44	37,40
07:20:09:601	exp.	7,96	-4,18	37,10
07:20:09:611	exp.	7,99	-3,85	36,70
07:20:09:621	exp.	8,04	-3,48	36,40
07:20:09:631	exp.	8,09	-3,12	36,10
07:20:09:641	exp.	8,11	-2,81	35,80
07:20:09:652	exp.	8,11	-2,55	35,50
07:20:09:661	exp.	8,09	-2,35	35,20
07:20:09:671	exp.	8,05	-2,18	35,00
07:20:09:681	exp.	8,04	-2,03	34,80
07:20:09:691	exp.	8,04	-1,87	34,70
07:20:09:701	exp.	8,03	-1,71	34,50
07:20:09:711	exp.	8,02	-1,58	34,40
07:20:09:721	exp.	8,01	-1,46	34,30
07:20:09:731	exp.	7,98	-1,36	34,20
07:20:09:741	exp.	7,95	-1,24	34,10
07:20:09:751	exp.	7,93	-1,11	34,00
07:20:09:761	exp.	7,92	-0,97	33,90
07:20:09:771	exp.	7,92	-0,82	33,90
07:20:09:781	exp.	7,93	-0,70	33,80
07:20:09:791	exp.	7,96	-0,61	33,80
07:20:09:801	exp.	7,98	-0,53	33,70
07:20:09:811	exp.	7,99	-0,48	33,70
07:20:09:821	exp.	8,00	-0,44	33,60
07:20:09:831	exp.	7,99	-0,40	33,60
07:20:09:841	exp.	7,98	-0,37	33,50
07:20:09:851	exp.	7,97	-0,34	33,50
07:20:09:861	exp.	8,00	-0,31	33,40
07:20:09:871	exp.	8,05	-0,28	33,40
07:20:09:881	exp.	8,08	-0,26	33,30
07:20:09:892	exp.	8,11	-0,27	33,20
07:20:09:902	exp.	8,11	-0,31	33,10
07:20:09:911	exp.	8,11	-0,34	33,00
07:20:09:921	exp.	8,08	-0,38	32,90
07:20:09:931	exp.	8,07	-0,42	32,80
07:20:09:941	exp.	8,07	-0,43	32,80
07:20:09:951	exp.	8,07	-0,44	32,70
07:20:09:961	exp.	8,10	-0,45	32,60
07:20:09:971	exp.	8,13	-0,47	32,50
07:20:09:981	exp.	8,17	-0,50	32,40
07:20:09:991	exp.	8,21	-0,53	32,30
07:20:10:001	exp.	8,25	-0,55	32,10
07:20:10:011	exp.	8,29	-0,56	31,90
07:20:10:021	exp.	8,32	-0,59	31,70
07:20:10:031	exp.	8,32	-0,64	31,40
07:20:10:041	exp.	8,31	-0,74	31,20
07:20:10:051	exp.	8,27	-0,87	30,90
07:20:10:061	exp.	8,25	-1,01	30,60
07:20:10:071	exp.	8,25	-1,16	30,30
07:20:10:081	exp.	8,25	-1,30	29,90
07:20:10:091	exp.	8,26	-1,43	29,60
07:20:10:101	exp.	8,27	-1,55	29,30
07:20:10:111	exp.	8,29	-1,68	28,90
07:20:10:121	exp.	8,29	-1,79	28,50
07:20:10:131	exp.	8,27	-1,89	28,10
07:20:10:141	exp.	8,25	-1,97	27,70
07:20:10:152	exp.	8,23	-2,04	27,30
07:20:10:161	exp.	8,23	-2,09	26,90
07:20:10:171	exp.	8,23	-2,15	26,50
07:20:10:181	exp.	8,24	-2,21	26,10
07:20:10:191	exp.	8,24	-2,27	25,70
07:20:10:201	exp.	8,24	-2,32	25,30
07:20:10:211	exp.	8,24	-2,36	24,90
07:20:10:221	exp.	8,25	-2,39	24,50
07:20:10:231	exp.	8,24	-2,41	24,10
07:20:10:241	exp.	8,23	-2,43	23,60
07:20:10:251	exp.	8,20	-2,45	23,20
07:20:10:261	exp.	8,20	-2,47	22,80
07:20:10:271	exp.	8,19	-2,47	22,40
07:20:10:281	exp.	8,18	-2,48	22,00
07:20:10:291	exp.	8,18	-2,48	21,60
07:20:10:301	exp.	8,16	-2,48	21,20
07:20:10:311	exp.	8,14	-2,48	20,80
07:20:10:321	exp.	8,13	-2,48	20,40
07:20:10:331	exp.	8,12	-2,47	20,00
07:20:10:341	exp.	8,12	-2,45	19,60
07:20:10:351	exp.	8,12	-2,42	19,30
07:20:10:361	exp.	8,11	-2,40	18,90
07:20:10:371	exp.	8,10	-2,37	18,60
07:20:10:381	exp.	8,10	-2,33	18,30
07:20:10:393	exp.	8,09	-2,29	17,90
07:20:10:401	exp.	8,09	-2,24	17,70
07:20:10:411	exp.	8,12	-2,16	17,40
07:20:10:421	exp.	8,17	-2,08	17,10
07:20:10:431	exp.	8,24	-2,00	16,80
07:20:10:441	exp.	8,31	-1,93	16,40
07:20:10:451	exp.	8,38	-1,90	16,00
07:20:10:461	exp.	8,42	-1,89	15,60
07:20:10:471	exp.	8,42	-1,92	15,10
07:20:10:481	exp.	8,32	-2,00	14,60
07:20:10:491	exp.	8,16	-2,12	14,10
07:20:10:501	exp.	8,02	-2,27	13,60
07:20:10:511	exp.	7,93	-2,41	13,20
07:20:10:521	exp.	7,90	-2,51	12,90
07:20:10:531	exp.	7,90	-2,57	12,60
07:20:10:541	exp.	7,95	-2,57	12,40
07:20:10:551	exp.	7,99	-2,51	12,20
07:20:10:561	exp.	8,03	-2,42	12,00
07:20:10:571	exp.	8,07	-2,29	11,80
07:20:10:581	exp.	8,10	-2,10	11,60
07:20:10:591	exp.	8,13	-1,88	11,50
07:20:10:601	exp.	8,16	-1,63	11,30
07:20:10:611	exp.	8,19	-1,42	11,10
07:20:10:621	exp.	8,20	-1,27	10,90
07:20:10:631	exp.	8,20	-1,18	10,60
07:20:10:641	exp.	8,18	-1,15	10,40
07:20:10:652	exp.	8,17	-1,16	10,20
07:20:10:661	exp.	8,15	-1,18	9,90
07:20:10:671	exp.	8,13	-1,21	9,70
07:20:10:681	exp.	8,13	-1,24	9,50
07:20:10:691	exp.	8,12	-1,27	9,20
07:20:10:701	exp.	8,11	-1,32	9,00
07:20:10:711	exp.	8,10	-1,37	8,80
07:20:10:721	exp.	8,09	-1,40	8,50
07:20:10:731	exp.	8,08	-1,41	8,30
07:20:10:741	exp.	8,08	-1,40	8,10
07:20:10:751	exp.	8,10	-1,39	7,90
07:20:10:761	exp.	8,11	-1,36	7,70
07:20:10:771	exp.	8,14	-1,35	7,40
07:20:10:781	exp.	8,15	-1,35	7,20
07:20:10:791	exp.	8,15	-1,36	6,90
07:20:10:801	exp.	8,12	-1,37	6,70
07:20:10:811	exp.	8,09	-1,39	6,50
07:20:10:821	exp.	8,09	-1,38	6,30
07:20:10:831	exp.	8,11	-1,36	6,10
07:20:10:841	exp.	8,16	-1,34	5,90
07:20:10:851	exp.	8,19	-1,33	5,60
07:20:10:862	exp.	8,20	-1,33	5,40
07:20:10:871	exp.	8,19	-1,35	5,10
07:20:10:881	exp.	8,17	-1,38	4,90
07:20:10:891	exp.	8,13	-1,40	4,60
07:20:10:901	exp.	8,10	-1,42	4,40
07:20:10:911	exp.	8,11	-1,40	4,10
07:20:10:921	exp.	8,11	-1,39	3,90
07:20:10:931	exp.	8,13	-1,39	3,70
07:20:10:941	exp.	8,16	-1,42	3,40
07:20:10:951	exp.	8,19	-1,45	3,10
07:20:10:961	exp.	8,21	-1,49	2,80
07:20:10:971	exp.	8,24	-1,52	2,50
07:20:10:981	exp.	8,25	-1,54	2,20
07:20:10:991	exp.	8,25	-1,56	1,90
07:20:11:001	exp.	8,24	-1,60	1,50
07:20:11:011	exp.	8,20	-1,67	1,20
07:20:11:021	exp.	8,18	-1,74	0,90
07:20:11:031	exp.	8,16	-1,81	0,60
07:20:11:041	exp.	8,14	-1,87	0,20
07:20:11:051	exp.	8,13	-1,91	-0,10
07:20:11:061	exp.	8,13	-1,93	-0,40
07:20:11:071	exp.	8,14	-1,93	-0,70
07:20:11:081	exp.	8,15	-1,93	-1,00
07:20:11:091	exp.	8,15	-1,93	-1,30
07:20:11:101	exp.	8,15	-1,92	-1,70
07:20:11:111	exp.	8,14	-1,92	-2,00
07:20:11:121	exp.	8,13	-1,91	-2,30
07:20:11:131	exp.	8,11	-1,91	-2,60
07:20:11:141	exp.	8,10	-1,91	-2,90
07:20:11:152	exp.	8,08	-1,90	-3,20
07:20:11:161	exp.	8,07	-1,88	-3,50
07:20:11:171	exp.	8,06	-1,87	-3,70
07:20:11:181	exp.	8,06	-1,85	-4,00
07:20:11:191	exp.	8,05	-1,81	-4,20
07:20:11:201	exp.	8,05	-1,77	-4,50
07:20:11:211	exp.	8,06	-1,72	-4,70
07:20:11:221	exp.	8,06	-1,67	-5,00
07:20:11:231	exp.	8,07	-1,63	-5,20
07:20:11:241	exp.	8,07	-1,58	-5,40
07:20:11:251	exp.	8,05	-1,54	-5,60
07:20:11:261	exp.	8,03	-1,49	-5,80
07:20:11:271	exp.	8,01	-1,45	-6,00
07:20:11:281	exp.	7,98	-1,39	-6,10
07:20:11:291	exp.	7,97	-1,33	-6,20
07:20:11:301	exp.	7,93	-1,26	-6,30
07:20:11:311	exp.	7,90	-1,18	-6,40
07:20:11:321	exp.	7,83	-1,08	-6,40
07:20:11:331	exp.	7,75	-0,97	-6,40
07:20:11:341	exp.	7,66	-0,83	-6,40
07:20:11:351	exp.	7,55	-0,68	-6,40
07:20:11:361	exp.	7,44	-0,50	-6,40
07:20:11:371	exp.	7,31	-0,29	-6,40
07:20:11:381	exp.	7,16	-0,07	-6,40
07:20:11:392	exp.	7,00	0,19	-6,40
07:20:11:403	insp.	6,82	0,49	0,50	Pression
07:20:11:412	insp.	6,68	0,82	1,00
07:20:11:421	insp.	6,47	1,19	1,60
07:20:11:431	insp.	6,64	1,53	2,30
07:20:11:441	insp.	8,16	1,87	3,20
07:20:11:451	insp.	9,60	2,24	4,30
07:20:11:461	insp.	9,73	2,60	6,10
07:20:11:471	insp.	9,38	3,13	8,90
07:20:11:481	insp.	9,67	4,19	12,50
07:20:11:491	insp.	10,31	5,90	16,70
07:20:11:501	insp.	10,47	8,20	21,70
07:20:11:511	insp.	10,47	10,90	27,40
07:20:11:521	insp.	10,80	13,98	33,50
07:20:11:531	insp.	11,21	17,33	39,70
07:20:11:541	insp.	11,32	20,68	46,10
07:20:11:551	insp.	11,38	24,03	53,00
07:20:11:561	insp.	11,65	27,64	60,20
07:20:11:571	insp.	11,86	31,28	67,50
07:20:11:581	insp.	11,95	34,46	75,00
07:20:11:591	insp.	12,04	37,03	82,70
07:20:11:601	insp.	12,17	39,13	90,60
07:20:11:611	insp.	12,28	40,89	98,70
07:20:11:621	insp.	12,31	42,29	106,80
07:20:11:631	insp.	12,35	43,49	115,20
07:20:11:641	insp.	12,44	44,78	123,60
07:20:11:652	insp.	12,51	46,09	132,10
07:20:11:661	insp.	12,53	47,15	140,70
07:20:11:671	insp.	12,58	48,03	149,40
07:20:11:681	insp.	12,66	48,88	158,10
07:20:11:691	insp.	12,71	49,67	166,90
07:20:11:701	insp.	12,78	50,34	175,80
07:20:11:711	insp.	12,90	50,92	184,70
07:20:11:721	insp.	13,00	51,46	193,50
07:20:11:731	insp.	13,09	51,95	202,40
07:20:11:741	insp.	13,22	52,31	211,30
07:20:11:751	insp.	13,32	52,60	220,20
07:20:11:761	insp.	13,43	52,85	229,00
07:20:11:771	insp.	13,51	53,01	237,70
07:20:11:781	insp.	13,66	53,09	246,40
07:20:11:791	insp.	13,78	53,11	255,10
07:20:11:801	insp.	13,91	53,06	263,60
07:20:11:811	insp.	14,05	52,91	272,00
07:20:11:821	insp.	14,19	52,69	280,30
07:20:11:831	insp.	14,32	52,37	288,50
07:20:11:841	insp.	14,43	51,98	296,50
07:20:11:851	insp.	14,50	51,49	304,30
07:20:11:861	insp.	14,59	50,92	312,00
07:20:11:871	insp.	14,68	50,28	319,50
07:20:11:881	insp.	14,75	49,56	326,80
07:20:11:892	insp.	14,81	48,75	334,00
07:20:11:901	insp.	14,92	47,89	340,90
07:20:11:911	insp.	15,00	46,96	347,60
07:20:11:921	insp.	15,06	45,95	354,10
07:20:11:931	insp.	15,15	44,88	360,40
07:20:11:941	insp.	15,22	43,78	366,40
07:20:11:951	insp.	15,11	42,63	372,20
07:20:11:961	insp.	15,01	41,42	377,70
07:20:11:971	insp.	15,10	40,16	383,00
07:20:11:981	insp.	15,24	38,86	387,90
07:20:11:991	insp.	15,27	37,47	392,50
07:20:12:001	insp.	15,28	35,99	396,90
07:20:12:011	insp.	15,31	34,45	401,10
07:20:12:021	insp.	15,34	32,89	405,00
07:20:12:031	insp.	15,33	31,31	408,60
07:20:12:041	insp.	15,33	29,72	412,10
07:20:12:051	insp.	15,39	28,16	415,30
07:20:12:062	exp.	15,43	26,63	418,30
07:20:12:071	exp.	15,37	25,08	421,00
07:20:12:081	exp.	14,17	23,53	423,50
07:20:12:091	exp.	13,84	22,09	425,60
07:20:12:101	exp.	12,88	20,84	426,80
07:20:12:111	exp.	11,31	19,39	427,20
07:20:12:121	exp.	10,43	17,58	426,50
07:20:12:131	exp.	10,18	15,35	424,30
07:20:12:141	exp.	9,88	12,34	420,60
07:20:12:152	exp.	9,54	8,33	415,80
07:20:12:161	exp.	9,56	3,50	410,40
07:20:12:171	exp.	9,77	-1,80	404,30
07:20:12:181	exp.	9,76	-7,28	397,90
07:20:12:191	exp.	9,71	-12,99	391,70
07:20:12:201	exp.	9,76	-18,56	385,70
07:20:12:211	exp.	9,77	-23,45	379,90
07:20:12:221	exp.	9,72	-27,69	374,20
07:20:12:231	exp.	9,72	-31,27	368,70
07:20:12:241	exp.	9,71	-33,83	363,40
07:20:12:251	exp.	9,65	-35,20	358,00
07:20:12:261	exp.	9,60	-35,60	352,80
07:20:12:271	exp.	9,58	-35,34	347,60
07:20:12:281	exp.	9,53	-34,68	342,60
07:20:12:291	exp.	9,47	-33,67	337,60
07:20:12:301	exp.	9,42	-32,72	332,70
07:20:12:311	exp.	9,41	-32,02	327,90
07:20:12:321	exp.	9,40	-31,42	323,20
07:20:12:331	exp.	9,39	-30,84	318,60
07:20:12:341	exp.	9,39	-30,34	314,00
07:20:12:351	exp.	9,37	-29,84	309,60
07:20:12:361	exp.	9,32	-29,33	305,10
07:20:12:371	exp.	9,30	-28,81	300,80
07:20:12:381	exp.	9,30	-28,30	296,50
07:20:12:391	exp.	9,32	-27,81	292,20
07:20:12:402	exp.	9,32	-27,35	288,00
07:20:12:411	exp.	9,26	-26,96	283,80
07:20:12:421	exp.	9,14	-26,62	279,60
07:20:12:431	exp.	9,00	-26,31	275,50
07:20:12:441	exp.	8,92	-26,01	271,50
07:20:12:451	exp.	8,88	-25,72	267,60
07:20:12:461	exp.	8,84	-25,38	263,80
07:20:12:471	exp.	8,84	-25,02	260,10
07:20:12:481	exp.	8,88	-24,65	256,50
07:20:12:491	exp.	8,90	-24,26	253,00
07:20:12:501	exp.	8,93	-23,85	249,50
07:20:12:511	exp.	8,96	-23,39	246,10
07:20:12:521	exp.	8,96	-22,87	242,80
07:20:12:531	exp.	8,95	-22,31	239,60
07:20:12:541	exp.	8,94	-21,75	236,40
07:20:12:551	exp.	8,93	-21,23	233,20
07:20:12:561	exp.	8,92	-20,77	230,00
07:20:12:571	exp.	8,89	-20,38	226,90
07:20:12:581	exp.	8,87	-20,03	223,70
07:20:12:591	exp.	8,85	-19,74	220,60
07:20:12:601	exp.	8,83	-19,48	217,50
07:20:12:611	exp.	8,80	-19,26	214,50
07:20:12:621	exp.	8,79	-19,07	211,50
07:20:12:631	exp.	8,78	-18,90	208,50
07:20:12:641	exp.	8,75	-18,74	205,60
07:20:12:652	exp.	8,73	-18,58	202,70
07:20:12:661	exp.	8,70	-18,41	199,90
07:20:12:671	exp.	8,69	-18,22	197,10
07:20:12:681	exp.	8,66	-18,01	194,30
07:20:12:691	exp.	8,64	-17,78	191,60
07:20:12:701	exp.	8,66	-17,54	188,90
07:20:12:711	exp.	8,68	-17,27	186,30
07:20:12:721	exp.	8,68	-17,03	183,70
07:20:12:731	exp.	8,63	-16,79	181,10
07:20:12:741	exp.	8,57	-16,57	178,60
07:20:12:751	exp.	8,55	-16,34	176,10
07:20:12:761	exp.	8,54	-16,09	173,70
07:20:12:771	exp.	8,56	-15,85	171,30
