[REC]
Date	30/07/24 07:11:44
Fichier	1722323504189.txt
Ventilateur	21954 
Système	4.4 
Version	4.4.0.78be7bed 
Statut du contrôle avant utilisation	Succès
Dernière exécution du contrôle avant utilisation	25/07/24 10:43:36
Date format	dd/MM/yy
Language setting	fr_FR
Decimal separator	COMMA
==========
Date de l'enregistrement	30/07/24 07:11:29
Mode de ventilation	Aide inspiratoire/VS PEP
Catégorie patient	Adulte
Automode	non
Apnée	non
VNI	non
Capteur à la pièce en Y	non
Compensation de fuite	non
Compensation du circuit	oui
Niv. AI sur PEP	4	cmH2O
PC d'apnée sur PEP	10	cmH2O
PEP	8,0	cmH2O
FR vent. apnée	15	resp/min
Conc. O2	30	%
Pentetps insp. (s)	0,00	Sec.
Trigger en pression	-2	cmH2O
Fin d'insuff.	30	%
Ti Vent. Ap.	0,90	Sec.

[DATA]
Durée	Phase respiratoire	Pva (cmH2O)	DÉBIT (l/min)	V (ml)	Trigger
07:11:14:092	exp.	6,53	2,41	-35,90
07:11:14:101	exp.	6,47	2,45	-35,90
07:11:14:112	exp.	6,45	2,50	-35,90
07:11:14:123	exp.	6,44	2,53	-35,90
07:11:14:132	exp.	6,44	2,58	-35,90
07:11:14:142	exp.	6,42	2,62	-35,90
07:11:14:151	exp.	6,38	2,63	-35,90
07:11:14:162	exp.	6,34	2,61	-35,90
07:11:14:172	exp.	6,31	2,57	-35,90
07:11:14:182	exp.	6,29	2,53	-35,90
07:11:14:191	exp.	6,25	2,48	-35,90
07:11:14:201	exp.	6,19	2,44	-35,90
07:11:14:212	exp.	6,14	2,39	-35,90
07:11:14:222	exp.	6,07	2,35	-35,90
07:11:14:232	exp.	6,01	2,32	-35,90
07:11:14:241	exp.	5,98	2,32	-35,90
07:11:14:253	insp.	5,95	2,35	0,40	Pression
07:11:14:262	insp.	5,95	2,41	0,90
07:11:14:272	insp.	5,93	2,47	1,20
07:11:14:282	insp.	6,28	2,47	1,70
07:11:14:292	insp.	7,87	2,44	2,30
07:11:14:301	insp.	9,44	2,45	3,10
07:11:14:312	insp.	9,59	2,42	4,50
07:11:14:325	insp.	9,02	2,53	6,80
07:11:14:332	insp.	9,02	3,17	10,00
07:11:14:342	insp.	9,43	4,53	13,70
07:11:14:352	insp.	9,75	6,50	18,00
07:11:14:362	insp.	10,07	8,93	22,80
07:11:14:371	insp.	10,50	11,69	27,90
07:11:14:382	insp.	10,79	14,60	32,80
07:11:14:392	insp.	10,91	17,34	37,70
07:11:14:402	insp.	11,06	19,94	42,80
07:11:14:412	insp.	11,28	22,72	48,10
07:11:14:422	insp.	11,48	25,53	53,30
07:11:14:432	insp.	11,64	27,85	58,70
07:11:14:442	insp.	11,77	29,47	64,00
07:11:14:451	insp.	11,87	30,46	69,30
07:11:14:462	insp.	11,97	30,96	74,50
07:11:14:472	insp.	12,05	31,10	79,70
07:11:14:482	insp.	12,12	31,10	84,90
07:11:14:491	insp.	12,15	31,28	90,00
07:11:14:501	insp.	12,17	31,52	95,00
07:11:14:512	insp.	12,16	31,56	99,90
07:11:14:523	insp.	12,15	31,37	104,80
07:11:14:532	insp.	12,15	31,10	109,60
07:11:14:541	insp.	12,17	30,77	114,20
07:11:14:551	insp.	12,18	30,39	118,90
07:11:14:562	insp.	12,21	29,98	123,40
07:11:14:571	insp.	12,24	29,57	127,80
07:11:14:582	insp.	12,25	29,12	132,10
07:11:14:592	insp.	12,26	28,61	136,40
07:11:14:601	insp.	12,27	28,09	140,50
07:11:14:612	insp.	12,27	27,58	144,60
07:11:14:622	insp.	12,28	27,06	148,60
07:11:14:631	insp.	12,28	26,54	152,50
07:11:14:642	insp.	12,29	26,02	156,30
07:11:14:651	insp.	12,32	25,49	160,00
07:11:14:662	insp.	12,34	24,95	163,60
07:11:14:672	insp.	12,38	24,40	167,10
07:11:14:682	insp.	12,44	23,86	170,50
07:11:14:692	insp.	12,47	23,32	173,80
07:11:14:702	insp.	12,47	22,76	177,00
07:11:14:712	insp.	12,48	22,19	180,00
07:11:14:723	insp.	12,50	21,59	183,00
07:11:14:732	insp.	12,54	20,99	185,90
07:11:14:741	insp.	12,55	20,38	188,60
07:11:14:751	insp.	12,55	19,74	191,20
07:11:14:762	insp.	12,53	19,09	193,70
07:11:14:772	insp.	12,50	18,43	196,20
07:11:14:782	insp.	12,47	17,75	198,50
07:11:14:791	insp.	12,46	17,09	200,70
07:11:14:801	insp.	12,48	16,45	202,80
07:11:14:812	insp.	12,51	15,82	204,80
07:11:14:822	insp.	12,52	15,18	206,70
07:11:14:833	exp.	12,53	14,53	208,40
07:11:14:842	exp.	12,50	13,87	210,10
07:11:14:852	exp.	11,85	13,22	211,60
07:11:14:862	exp.	11,64	12,59	213,00
07:11:14:872	exp.	11,21	12,08	213,80
07:11:14:882	exp.	10,27	11,44	214,00
07:11:14:892	exp.	9,78	10,52	213,50
07:11:14:902	exp.	9,65	9,26	212,20
07:11:14:912	exp.	9,52	7,47	209,90
07:11:14:926	exp.	9,41	5,08	206,80
07:11:14:932	exp.	9,44	2,13	203,20
07:11:14:942	exp.	9,48	-1,21	199,20
07:11:14:951	exp.	9,41	-4,70	195,00
07:11:14:962	exp.	9,34	-8,33	190,80
07:11:14:972	exp.	9,31	-12,02	186,70
07:11:14:982	exp.	9,27	-15,35	182,80
07:11:14:991	exp.	9,25	-18,26	178,90
07:11:15:001	exp.	9,23	-20,70	175,10
07:11:15:012	exp.	9,19	-22,49	171,40
07:11:15:021	exp.	9,15	-23,56	167,80
07:11:15:032	exp.	9,13	-23,96	164,30
07:11:15:042	exp.	9,11	-23,86	160,80
07:11:15:051	exp.	9,10	-23,51	157,40
07:11:15:062	exp.	9,06	-22,90	154,10
07:11:15:072	exp.	8,99	-22,27	150,90
07:11:15:082	exp.	8,94	-21,73	147,70
07:11:15:092	exp.	8,90	-21,25	144,60
07:11:15:102	exp.	8,87	-20,78	141,60
07:11:15:112	exp.	8,86	-20,32	138,80
07:11:15:123	exp.	8,87	-19,85	135,90
07:11:15:132	exp.	8,87	-19,37	133,20
07:11:15:141	exp.	8,84	-18,88	130,40
07:11:15:152	exp.	8,82	-18,43	127,80
07:11:15:162	exp.	8,79	-17,98	125,20
07:11:15:172	exp.	8,76	-17,55	122,60
07:11:15:182	exp.	8,74	-17,13	120,10
07:11:15:192	exp.	8,72	-16,71	117,70
07:11:15:202	exp.	8,70	-16,31	115,30
07:11:15:212	exp.	8,69	-15,94	112,90
07:11:15:222	exp.	8,69	-15,61	110,60
07:11:15:232	exp.	8,69	-15,31	108,30
07:11:15:241	exp.	8,68	-15,03	106,10
07:11:15:252	exp.	8,67	-14,74	103,90
07:11:15:262	exp.	8,63	-14,46	101,70
07:11:15:272	exp.	8,57	-14,20	99,60
07:11:15:282	exp.	8,51	-13,95	97,50
07:11:15:292	exp.	8,45	-13,70	95,50
07:11:15:301	exp.	8,40	-13,46	93,60
07:11:15:312	exp.	8,35	-13,20	91,80
07:11:15:323	exp.	8,27	-12,91	90,10
07:11:15:332	exp.	8,19	-12,56	88,50
07:11:15:342	exp.	8,11	-12,17	87,10
07:11:15:352	exp.	8,05	-11,74	85,80
07:11:15:362	exp.	8,03	-11,23	84,60
07:11:15:372	exp.	8,04	-10,64	83,60
07:11:15:382	exp.	8,07	-9,98	82,70
07:11:15:392	exp.	8,12	-9,28	81,80
07:11:15:402	exp.	8,16	-8,56	81,10
07:11:15:412	exp.	8,18	-7,84	80,40
07:11:15:422	exp.	8,20	-7,15	79,80
07:11:15:432	exp.	8,20	-6,47	79,20
07:11:15:442	exp.	8,20	-5,84	78,60
07:11:15:451	exp.	8,21	-5,25	78,10
07:11:15:462	exp.	8,24	-4,73	77,60
07:11:15:472	exp.	8,29	-4,29	77,10
07:11:15:482	exp.	8,34	-3,94	76,60
07:11:15:491	exp.	8,39	-3,68	76,10
07:11:15:502	exp.	8,41	-3,48	75,60
07:11:15:512	exp.	8,44	-3,32	75,00
07:11:15:523	exp.	8,47	-3,21	74,50
07:11:15:532	exp.	8,48	-3,11	74,00
07:11:15:542	exp.	8,52	-3,05	73,50
07:11:15:551	exp.	8,56	-3,02	72,90
07:11:15:562	exp.	8,58	-3,04	72,20
07:11:15:572	exp.	8,58	-3,10	71,50
07:11:15:582	exp.	8,56	-3,22	70,70
07:11:15:591	exp.	8,56	-3,37	69,90
07:11:15:602	exp.	8,56	-3,55	69,00
07:11:15:612	exp.	8,56	-3,77	68,00
07:11:15:622	exp.	8,53	-4,03	67,10
07:11:15:631	exp.	8,49	-4,33	66,10
07:11:15:641	exp.	8,42	-4,64	65,10
07:11:15:651	exp.	8,38	-4,95	64,10
07:11:15:662	exp.	8,35	-5,24	63,10
07:11:15:672	exp.	8,35	-5,47	62,10
07:11:15:682	exp.	8,38	-5,63	61,20
07:11:15:692	exp.	8,39	-5,75	60,20
07:11:15:701	exp.	8,39	-5,84	59,20
07:11:15:712	exp.	8,37	-5,89	58,30
07:11:15:723	exp.	8,34	-5,89	57,40
07:11:15:732	exp.	8,33	-5,86	56,50
07:11:15:742	exp.	8,33	-5,80	55,70
07:11:15:751	exp.	8,32	-5,71	54,80
07:11:15:761	exp.	8,32	-5,60	54,00
07:11:15:772	exp.	8,30	-5,51	53,20
07:11:15:782	exp.	8,29	-5,44	52,40
07:11:15:791	exp.	8,29	-5,35	51,60
07:11:15:802	exp.	8,31	-5,23	50,80
07:11:15:812	exp.	8,33	-5,10	50,10
07:11:15:822	exp.	8,33	-4,97	49,40
07:11:15:832	exp.	8,33	-4,85	48,60
07:11:15:842	exp.	8,30	-4,76	47,90
07:11:15:852	exp.	8,28	-4,68	47,20
07:11:15:862	exp.	8,27	-4,61	46,50
07:11:15:872	exp.	8,26	-4,54	45,80
07:11:15:882	exp.	8,23	-4,45	45,20
07:11:15:892	exp.	8,19	-4,36	44,60
07:11:15:902	exp.	8,14	-4,28	44,00
07:11:15:912	exp.	8,12	-4,19	43,50
07:11:15:922	exp.	8,12	-4,07	43,00
07:11:15:932	exp.	8,14	-3,92	42,60
07:11:15:942	exp.	8,16	-3,74	42,20
07:11:15:951	exp.	8,17	-3,54	41,80
07:11:15:962	exp.	8,17	-3,33	41,50
07:11:15:972	exp.	8,15	-3,12	41,20
07:11:15:982	exp.	8,13	-2,90	40,90
07:11:15:991	exp.	8,13	-2,68	40,70
07:11:16:001	exp.	8,15	-2,44	40,40
07:11:16:012	exp.	8,16	-2,21	40,20
07:11:16:021	exp.	8,18	-2,02	40,00
07:11:16:032	exp.	8,21	-1,85	39,80
07:11:16:042	exp.	8,23	-1,72	39,50
07:11:16:051	exp.	8,26	-1,61	39,30
07:11:16:062	exp.	8,28	-1,52	39,10
07:11:16:071	exp.	8,31	-1,45	38,80
07:11:16:082	exp.	8,35	-1,40	38,50
07:11:16:092	exp.	8,39	-1,38	38,20
07:11:16:102	exp.	8,43	-1,41	37,80
07:11:16:112	exp.	8,47	-1,48	37,40
07:11:16:122	exp.	8,49	-1,59	36,90
07:11:16:132	exp.	8,49	-1,73	36,30
07:11:16:141	exp.	8,50	-1,91	35,70
07:11:16:151	exp.	8,51	-2,12	35,10
07:11:16:162	exp.	8,52	-2,37	34,30
07:11:16:172	exp.	8,53	-2,65	33,50
07:11:16:182	exp.	8,52	-2,96	32,70
07:11:16:192	exp.	8,45	-3,31	31,90
07:11:16:202	exp.	8,40	-3,65	31,00
07:11:16:212	exp.	8,35	-3,98	30,10
07:11:16:222	exp.	8,34	-4,27	29,30
07:11:16:232	exp.	8,34	-4,51	28,40
07:11:16:241	exp.	8,34	-4,70	27,60
07:11:16:252	exp.	8,35	-4,85	26,80
07:11:16:262	exp.	8,32	-4,97	25,90
07:11:16:271	exp.	8,28	-5,08	25,10
07:11:16:282	exp.	8,25	-5,14	24,30
07:11:16:292	exp.	8,23	-5,14	23,60
07:11:16:301	exp.	8,20	-5,07	22,90
07:11:16:311	exp.	8,16	-4,96	22,30
07:11:16:323	exp.	8,12	-4,82	21,80
07:11:16:332	exp.	8,08	-4,66	21,30
07:11:16:342	exp.	8,05	-4,45	21,00
07:11:16:352	exp.	8,04	-4,21	20,70
07:11:16:362	exp.	8,02	-3,90	20,40
07:11:16:371	exp.	8,00	-3,53	20,20
07:11:16:382	exp.	7,94	-3,13	20,10
07:11:16:392	exp.	7,85	-2,72	20,10
07:11:16:402	exp.	7,77	-2,32	20,10
07:11:16:412	exp.	7,69	-1,90	20,10
07:11:16:422	exp.	7,60	-1,49	20,10
07:11:16:432	exp.	7,50	-1,09	20,10
07:11:16:442	exp.	7,39	-0,69	20,10
07:11:16:451	exp.	7,25	-0,31	20,10
07:11:16:462	exp.	7,09	0,04	20,10
07:11:16:472	exp.	6,93	0,37	20,10
07:11:16:482	exp.	6,78	0,71	20,10
07:11:16:492	exp.	6,65	1,07	20,10
07:11:16:501	exp.	6,53	1,43	20,10
07:11:16:512	exp.	6,42	1,78	20,10
07:11:16:522	exp.	6,31	2,09	20,10
07:11:16:532	exp.	6,22	2,36	20,10
07:11:16:541	exp.	6,12	2,59	20,10
07:11:16:551	exp.	6,04	2,78	20,10
07:11:16:563	insp.	5,96	2,95	0,50	Pression
07:11:16:572	insp.	5,92	3,07	1,00
07:11:16:582	insp.	5,87	3,14	1,50
07:11:16:591	insp.	6,58	3,13	2,10
07:11:16:602	insp.	8,42	3,09	2,80
07:11:16:612	insp.	9,64	3,05	3,80
07:11:16:621	insp.	9,37	2,99	5,60
07:11:16:631	insp.	8,88	3,20	8,40
07:11:16:641	insp.	9,11	4,06	11,90
07:11:16:651	insp.	9,54	5,65	15,90
07:11:16:662	insp.	9,81	7,83	20,50
07:11:16:672	insp.	10,16	10,42	25,60
07:11:16:682	insp.	10,57	13,30	30,80
07:11:16:692	insp.	10,77	16,22	35,80
07:11:16:701	insp.	10,88	18,92	41,00
07:11:16:712	insp.	11,06	21,60	46,30
07:11:16:723	insp.	11,26	24,49	51,80
07:11:16:732	insp.	11,40	27,23	57,20
07:11:16:741	insp.	11,51	29,37	62,80
07:11:16:751	insp.	11,61	30,80	68,40
07:11:16:762	insp.	11,66	31,67	73,90
07:11:16:771	insp.	11,69	32,11	79,40
07:11:16:782	insp.	11,75	32,25	85,00
07:11:16:791	insp.	11,83	32,41	90,50
07:11:16:801	insp.	11,88	32,77	95,90
07:11:16:812	insp.	11,91	33,10	101,30
07:11:16:821	insp.	11,94	33,20	106,70
07:11:16:832	insp.	11,97	33,13	112,00
07:11:16:842	insp.	11,97	32,99	117,20
07:11:16:852	insp.	11,96	32,81	122,40
07:11:16:862	insp.	11,99	32,57	127,50
07:11:16:871	insp.	12,05	32,33	132,50
07:11:16:882	insp.	12,04	32,06	137,50
07:11:16:892	insp.	12,08	31,73	142,40
07:11:16:902	insp.	12,18	31,36	147,20
07:11:16:912	insp.	12,21	30,96	151,90
07:11:16:924	insp.	12,22	30,54	156,50
07:11:16:932	insp.	12,27	30,11	161,00
07:11:16:942	insp.	12,30	29,67	165,40
07:11:16:952	insp.	12,30	29,21	169,80
07:11:16:962	insp.	12,30	28,73	174,00
07:11:16:972	insp.	12,33	28,21	178,20
07:11:16:982	insp.	12,34	27,70	182,30
07:11:16:991	insp.	12,33	27,17	186,20
07:11:17:001	insp.	12,31	26,61	190,10
07:11:17:012	insp.	12,31	26,05	193,90
07:11:17:022	insp.	12,31	25,51	197,60
07:11:17:032	insp.	12,34	24,96	201,20
07:11:17:042	insp.	12,38	24,40	204,70
07:11:17:051	insp.	12,45	23,83	208,00
07:11:17:062	insp.	12,51	23,27	211,30
07:11:17:071	insp.	12,57	22,67	214,40
07:11:17:082	insp.	12,63	22,05	217,40
07:11:17:092	insp.	12,68	21,42	220,30
07:11:17:101	insp.	12,72	20,78	223,00
07:11:17:112	insp.	12,75	20,12	225,60
07:11:17:123	insp.	12,81	19,42	228,10
07:11:17:132	insp.	12,86	18,71	230,40
07:11:17:142	insp.	12,90	17,97	232,60
07:11:17:151	insp.	12,94	17,19	234,60
07:11:17:162	exp.	12,96	16,38	236,40
07:11:17:173	exp.	12,96	15,55	238,10
07:11:17:182	exp.	12,16	14,71	239,60
07:11:17:191	exp.	12,23	13,87	240,80
07:11:17:201	exp.	11,72	13,07	241,30
07:11:17:212	exp.	10,70	12,07	241,20
07:11:17:222	exp.	10,12	10,75	240,30
07:11:17:232	exp.	9,88	9,07	238,50
07:11:17:242	exp.	9,62	6,87	235,70
07:11:17:251	exp.	9,49	4,06	232,10
07:11:17:262	exp.	9,53	0,71	228,00
07:11:17:271	exp.	9,54	-2,97	223,50
07:11:17:282	exp.	9,49	-6,80	218,80
07:11:17:292	exp.	9,40	-10,80	214,10
07:11:17:302	exp.	9,34	-14,75	209,60
07:11:17:312	exp.	9,26	-18,23	205,20
07:11:17:323	exp.	9,22	-21,20	201,00
07:11:17:332	exp.	9,21	-23,63	196,90
07:11:17:342	exp.	9,18	-25,33	193,00
07:11:17:352	exp.	9,16	-26,24	189,20
07:11:17:362	exp.	9,14	-26,48	185,40
07:11:17:371	exp.	9,11	-26,21	181,80
07:11:17:382	exp.	9,07	-25,63	178,40
07:11:17:391	exp.	9,03	-24,76	175,00
07:11:17:401	exp.	9,01	-23,85	171,70
07:11:17:412	exp.	9,00	-23,05	168,50
07:11:17:422	exp.	9,00	-22,30	165,40
07:11:17:432	exp.	8,97	-21,61	162,30
07:11:17:442	exp.	8,94	-20,99	159,40
07:11:17:452	exp.	8,91	-20,41	156,40
07:11:17:462	exp.	8,89	-19,86	153,60
07:11:17:472	exp.	8,89	-19,33	150,80
07:11:17:482	exp.	8,88	-18,82	148,00
07:11:17:491	exp.	8,88	-18,35	145,30
07:11:17:502	exp.	8,84	-17,92	142,60
07:11:17:512	exp.	8,81	-17,55	140,00
07:11:17:523	exp.	8,77	-17,21	137,40
07:11:17:532	exp.	8,75	-16,90	134,90
07:11:17:542	exp.	8,71	-16,61	132,30
07:11:17:551	exp.	8,68	-16,33	129,90
07:11:17:562	exp.	8,63	-16,06	127,50
07:11:17:572	exp.	8,59	-15,79	125,20
07:11:17:582	exp.	8,57	-15,52	122,90
07:11:17:591	exp.	8,56	-15,24	120,70
07:11:17:601	exp.	8,55	-14,94	118,60
07:11:17:612	exp.	8,55	-14,62	116,50
07:11:17:622	exp.	8,54	-14,27	114,60
07:11:17:632	exp.	8,51	-13,91	112,60
07:11:17:642	exp.	8,50	-13,54	110,70
07:11:17:651	exp.	8,48	-13,16	108,90
07:11:17:662	exp.	8,46	-12,77	107,20
07:11:17:672	exp.	8,45	-12,38	105,50
07:11:17:682	exp.	8,44	-11,99	103,80
07:11:17:692	exp.	8,44	-11,62	102,20
07:11:17:701	exp.	8,44	-11,27	100,60
07:11:17:712	exp.	8,43	-10,94	99,10
07:11:17:723	exp.	8,45	-10,63	97,60
07:11:17:732	exp.	8,46	-10,31	96,10
07:11:17:741	exp.	8,46	-10,02	94,60
07:11:17:751	exp.	8,47	-9,75	93,20
07:11:17:762	exp.	8,47	-9,50	91,80
07:11:17:772	exp.	8,50	-9,29	90,30
07:11:17:782	exp.	8,52	-9,11	88,90
07:11:17:791	exp.	8,52	-8,96	87,50
07:11:17:801	exp.	8,53	-8,84	86,00
07:11:17:812	exp.	8,53	-8,74	84,60
07:11:17:821	exp.	8,53	-8,66	83,20
07:11:17:832	exp.	8,54	-8,62	81,80
07:11:17:842	exp.	8,54	-8,59	80,30
07:11:17:852	exp.	8,52	-8,57	78,90
07:11:17:862	exp.	8,47	-8,57	77,50
07:11:17:872	exp.	8,42	-8,57	76,20
07:11:17:882	exp.	8,37	-8,55	74,80
07:11:17:892	exp.	8,36	-8,51	73,50
07:11:17:902	exp.	8,35	-8,44	72,30
07:11:17:912	exp.	8,36	-8,35	71,00
07:11:17:922	exp.	8,36	-8,23	69,80
07:11:17:932	exp.	8,36	-8,10	68,60
07:11:17:942	exp.	8,35	-7,97	67,50
07:11:17:951	exp.	8,33	-7,83	66,30
07:11:17:962	exp.	8,31	-7,66	65,30
07:11:17:972	exp.	8,29	-7,48	64,20
07:11:17:982	exp.	8,28	-7,28	63,20
07:11:17:991	exp.	8,27	-7,08	62,20
07:11:18:002	exp.	8,27	-6,89	61,20
07:11:18:012	exp.	8,27	-6,73	60,20
07:11:18:022	exp.	8,28	-6,57	59,20
07:11:18:032	exp.	8,31	-6,41	58,30
07:11:18:041	exp.	8,34	-6,26	57,30
07:11:18:051	exp.	8,35	-6,12	56,40
07:11:18:062	exp.	8,35	-5,99	55,50
07:11:18:072	exp.	8,33	-5,90	54,50
07:11:18:082	exp.	8,32	-5,82	53,60
07:11:18:092	exp.	8,32	-5,75	52,70
07:11:18:101	exp.	8,30	-5,69	51,90
07:11:18:112	exp.	8,27	-5,62	51,00
07:11:18:123	exp.	8,24	-5,56	50,20
07:11:18:132	exp.	8,19	-5,50	49,40
07:11:18:142	exp.	8,16	-5,42	48,60
07:11:18:151	exp.	8,14	-5,33	48,00
07:11:18:161	exp.	8,16	-5,20	47,30
07:11:18:172	exp.	8,18	-5,02	46,70
07:11:18:182	exp.	8,19	-4,81	46,20
07:11:18:191	exp.	8,19	-4,60	45,60
07:11:18:201	exp.	8,19	-4,38	45,10
07:11:18:212	exp.	8,19	-4,16	44,70
07:11:18:222	exp.	8,19	-3,93	44,20
07:11:18:232	exp.	8,19	-3,68	43,80
07:11:18:242	exp.	8,19	-3,43	43,50
07:11:18:251	exp.	8,19	-3,18	43,10
07:11:18:262	exp.	8,19	-2,96	42,80
07:11:18:271	exp.	8,20	-2,76	42,50
07:11:18:282	exp.	8,22	-2,58	42,30
07:11:18:292	exp.	8,25	-2,42	42,00
07:11:18:302	exp.	8,29	-2,26	41,70
07:11:18:312	exp.	8,32	-2,11	41,40
07:11:18:325	exp.	8,36	-1,97	41,10
07:11:18:332	exp.	8,39	-1,87	40,80
07:11:18:342	exp.	8,43	-1,80	40,50
07:11:18:352	exp.	8,45	-1,76	40,10
07:11:18:362	exp.	8,45	-1,76	39,70
07:11:18:371	exp.	8,44	-1,79	39,30
07:11:18:382	exp.	8,44	-1,84	38,90
07:11:18:392	exp.	8,44	-1,93	38,40
07:11:18:401	exp.	8,44	-2,04	37,90
07:11:18:412	exp.	8,42	-2,18	37,40
07:11:18:422	exp.	8,35	-2,33	36,80
07:11:18:432	exp.	8,26	-2,50	36,30
07:11:18:442	exp.	8,18	-2,67	35,80
07:11:18:451	exp.	8,11	-2,81	35,30
07:11:18:462	exp.	8,09	-2,91	34,90
07:11:18:472	exp.	8,07	-2,95	34,60
07:11:18:482	exp.	8,04	-2,95	34,30
07:11:18:491	exp.	7,97	-2,90	34,00
07:11:18:502	exp.	7,87	-2,80	33,90
07:11:18:512	exp.	7,74	-2,65	33,80
07:11:18:523	exp.	7,61	-2,40	33,90
07:11:18:532	exp.	7,47	-2,06	34,10
07:11:18:542	exp.	7,34	-1,64	34,30
07:11:18:551	exp.	7,20	-1,16	34,70
07:11:18:562	exp.	7,08	-0,66	35,10
07:11:18:572	exp.	6,97	-0,16	35,50
07:11:18:582	exp.	6,88	0,33	35,90
07:11:18:591	exp.	6,80	0,81	36,40
07:11:18:601	exp.	6,72	1,28	36,90
07:11:18:612	exp.	6,63	1,70	37,40
07:11:18:622	exp.	6,55	2,06	37,80
07:11:18:632	exp.	6,45	2,35	38,30
07:11:18:642	exp.	6,37	2,55	38,80
07:11:18:651	exp.	6,29	2,69	39,30
07:11:18:662	exp.	6,18	2,78	39,80
07:11:18:672	exp.	6,07	2,84	39,80
07:11:18:683	insp.	5,96	2,89	0,50	Pression
07:11:18:692	insp.	5,87	2,92	1,00
07:11:18:701	insp.	5,78	2,95	1,60
07:11:18:712	insp.	5,97	2,95	2,10
07:11:18:723	insp.	7,57	2,93	2,90
07:11:18:732	insp.	9,58	2,99	3,80
07:11:18:741	insp.	9,90	3,01	5,20
07:11:18:751	insp.	9,15	3,10	7,60
07:11:18:762	insp.	9,03	3,70	11,00
07:11:18:772	insp.	9,49	5,08	14,90
07:11:18:782	insp.	9,79	7,13	19,40
07:11:18:791	insp.	10,03	9,68	24,60
07:11:18:801	insp.	10,47	12,58	30,00
07:11:18:812	insp.	10,85	15,65	35,20
07:11:18:821	insp.	10,95	18,53	40,30
07:11:18:832	insp.	11,05	21,16	45,70
07:11:18:842	insp.	11,26	23,98	51,20
07:11:18:852	insp.	11,47	26,92	56,70
07:11:18:862	insp.	11,63	29,40	62,30
07:11:18:872	insp.	11,79	31,09	67,90
07:11:18:882	insp.	11,92	32,12	73,40
07:11:18:892	insp.	12,02	32,63	78,90
07:11:18:901	insp.	12,09	32,72	84,30
07:11:18:912	insp.	12,14	32,61	89,70
07:11:18:924	insp.	12,21	32,70	95,00
07:11:18:932	insp.	12,26	32,94	100,20
07:11:18:942	insp.	12,30	32,97	105,30
07:11:18:952	insp.	12,37	32,75	110,20
07:11:18:962	insp.	12,38	32,42	115,10
07:11:18:972	insp.	12,33	32,00	119,90
07:11:18:982	insp.	12,33	31,50	124,50
07:11:18:991	insp.	12,35	30,96	129,10
07:11:19:001	insp.	12,34	30,43	133,50
07:11:19:012	insp.	12,33	29,87	137,90
07:11:19:022	insp.	12,35	29,26	142,10
07:11:19:031	insp.	12,38	28,63	146,20
07:11:19:041	insp.	12,38	27,98	150,20
07:11:19:051	insp.	12,37	27,31	154,10
07:11:19:061	insp.	12,37	26,65	157,90
07:11:19:072	insp.	12,37	26,02	161,60
07:11:19:082	insp.	12,37	25,37	165,20
07:11:19:092	insp.	12,39	24,73	168,70
07:11:19:101	insp.	12,41	24,10	172,10
07:11:19:112	insp.	12,42	23,45	175,40
07:11:19:123	insp.	12,43	22,81	178,50
07:11:19:132	insp.	12,45	22,15	181,60
07:11:19:142	insp.	12,48	21,51	184,50
07:11:19:152	insp.	12,53	20,88	187,30
07:11:19:162	insp.	12,56	20,24	190,00
07:11:19:172	insp.	12,55	19,59	192,60
07:11:19:182	insp.	12,54	18,93	195,10
07:11:19:192	insp.	12,54	18,26	197,50
07:11:19:202	insp.	12,54	17,59	199,70
07:11:19:212	insp.	12,56	16,93	201,90
07:11:19:222	insp.	12,57	16,27	203,90
07:11:19:233	exp.	12,56	15,61	205,90
07:11:19:242	exp.	12,50	14,93	207,70
07:11:19:251	exp.	12,00	14,25	209,40
07:11:19:262	exp.	11,51	13,57	210,90
07:11:19:272	exp.	11,14	13,03	211,90
07:11:19:282	exp.	10,23	12,40	212,40
07:11:19:292	exp.	9,74	11,53	212,10
07:11:19:302	exp.	9,71	10,32	210,90
07:11:19:312	exp.	9,61	8,59	208,80
07:11:19:324	exp.	9,51	6,18	205,70
07:11:19:332	exp.	9,54	3,19	202,20
07:11:19:342	exp.	9,51	-0,23	198,30
07:11:19:352	exp.	9,37	-3,80	194,10
07:11:19:362	exp.	9,27	-7,48	190,00
07:11:19:372	exp.	9,26	-11,22	186,00
07:11:19:382	exp.	9,23	-14,63	182,10
07:11:19:392	exp.	9,23	-17,63	178,30
07:11:19:401	exp.	9,24	-20,18	174,50
07:11:19:412	exp.	9,23	-22,09	170,90
07:11:19:422	exp.	9,21	-23,22	167,30
07:11:19:432	exp.	9,21	-23,66	163,70
07:11:19:442	exp.	9,19	-23,56	160,30
07:11:19:452	exp.	9,20	-23,23	156,80
07:11:19:462	exp.	9,22	-22,66	153,50
07:11:19:472	exp.	9,19	-22,07	150,10
07:11:19:482	exp.	9,15	-21,63	146,80
07:11:19:491	exp.	9,12	-21,27	143,50
07:11:19:502	exp.	9,10	-20,95	140,30
07:11:19:512	exp.	9,06	-20,65	137,10
07:11:19:523	exp.	9,05	-20,38	134,00
07:11:19:532	exp.	9,02	-20,10	130,90
07:11:19:541	exp.	8,96	-19,84	127,80
07:11:19:551	exp.	8,92	-19,60	124,80
07:11:19:562	exp.	8,86	-19,37	121,90
07:11:19:572	exp.	8,83	-19,12	119,00
07:11:19:582	exp.	8,83	-18,85	116,20
07:11:19:591	exp.	8,82	-18,56	113,40
07:11:19:601	exp.	8,81	-18,23	110,80
07:11:19:612	exp.	8,80	-17,90	108,10
07:11:19:621	exp.	8,79	-17,56	105,60
07:11:19:632	exp.	8,78	-17,22	103,00
07:11:19:642	exp.	8,75	-16,88	100,60
07:11:19:651	exp.	8,73	-16,52	98,10
07:11:19:662	exp.	8,72	-16,16	95,70
07:11:19:672	exp.	8,70	-15,82	93,40
07:11:19:682	exp.	8,68	-15,49	91,00
07:11:19:691	exp.	8,66	-15,20	88,80
07:11:19:702	exp.	8,65	-14,93	86,50
07:11:19:712	exp.	8,65	-14,67	84,30
07:11:19:723	exp.	8,67	-14,42	82,10
07:11:19:732	exp.	8,68	-14,18	79,90
07:11:19:742	exp.	8,67	-13,94	77,80
07:11:19:752	exp.	8,65	-13,73	75,70
07:11:19:762	exp.	8,61	-13,53	73,60
07:11:19:772	exp.	8,60	-13,34	71,60
07:11:19:782	exp.	8,58	-13,16	69,60
07:11:19:791	exp.	8,53	-12,97	67,60
07:11:19:801	exp.	8,49	-12,79	65,70
07:11:19:812	exp.	8,44	-12,59	63,90
07:11:19:821	exp.	8,41	-12,37	62,10
07:11:19:832	exp.	8,39	-12,15	60,40
07:11:19:842	exp.	8,39	-11,90	58,70
07:11:19:852	exp.	8,41	-11,63	57,10
07:11:19:862	exp.	8,42	-11,33	55,60
07:11:19:872	exp.	8,43	-11,01	54,00
07:11:19:882	exp.	8,41	-10,69	52,60
07:11:19:892	exp.	8,38	-10,37	51,10
07:11:19:902	exp.	8,34	-10,05	49,80
07:11:19:912	exp.	8,33	-9,73	48,50
07:11:19:924	exp.	8,33	-9,40	47,20
07:11:19:932	exp.	8,33	-9,08	45,90
07:11:19:942	exp.	8,32	-8,78	44,80
07:11:19:952	exp.	8,32	-8,50	43,60
07:11:19:962	exp.	8,32	-8,23	42,50
07:11:19:972	exp.	8,36	-7,96	41,40
07:11:19:982	exp.	8,40	-7,70	40,30
07:11:19:991	exp.	8,41	-7,45	39,20
07:11:20:002	exp.	8,44	-7,22	38,10
07:11:20:012	exp.	8,47	-7,03	37,00
07:11:20:022	exp.	8,50	-6,88	35,90
07:11:20:032	exp.	8,52	-6,77	34,80
07:11:20:041	exp.	8,53	-6,68	33,60
07:11:20:052	exp.	8,53	-6,64	32,50
07:11:20:061	exp.	8,54	-6,62	31,30
07:11:20:072	exp.	8,58	-6,62	30,10
07:11:20:082	exp.	8,60	-6,67	28,90
07:11:20:092	exp.	8,60	-6,74	27,70
07:11:20:101	exp.	8,55	-6,84	26,40
07:11:20:112	exp.	8,48	-6,96	25,10
07:11:20:122	exp.	8,42	-7,09	23,90
07:11:20:132	exp.	8,38	-7,21	22,60
07:11:20:142	exp.	8,36	-7,30	21,40
07:11:20:151	exp.	8,36	-7,35	20,20
07:11:20:162	exp.	8,39	-7,39	19,00
07:11:20:172	exp.	8,41	-7,40	17,90
07:11:20:182	exp.	8,39	-7,40	16,70
07:11:20:191	exp.	8,37	-7,38	15,60
07:11:20:201	exp.	8,35	-7,32	14,50
07:11:20:212	exp.	8,34	-7,22	13,50
07:11:20:222	exp.	8,33	-7,08	12,40
07:11:20:232	exp.	8,33	-6,92	11,40
07:11:20:241	exp.	8,30	-6,78	10,40
07:11:20:251	exp.	8,28	-6,64	9,50
07:11:20:262	exp.	8,29	-6,52	8,50
07:11:20:271	exp.	8,30	-6,39	7,60
07:11:20:282	exp.	8,33	-6,25	6,60
07:11:20:292	exp.	8,36	-6,11	5,70
07:11:20:301	exp.	8,37	-5,97	4,80
07:11:20:312	exp.	8,37	-5,86	3,90
07:11:20:322	exp.	8,35	-5,77	3,00
07:11:20:332	exp.	8,34	-5,71	2,00
07:11:20:342	exp.	8,33	-5,65	1,10
07:11:20:352	exp.	8,33	-5,60	0,20
07:11:20:362	exp.	8,29	-5,55	-0,60
07:11:20:372	exp.	8,25	-5,51	-1,50
07:11:20:382	exp.	8,20	-5,48	-2,30
07:11:20:392	exp.	8,16	-5,44	-3,00
07:11:20:401	exp.	8,16	-5,36	-3,70
07:11:20:412	exp.	8,18	-5,25	-4,40
07:11:20:422	exp.	8,19	-5,08	-5,00
07:11:20:432	exp.	8,20	-4,88	-5,50
07:11:20:442	exp.	8,21	-4,65	-6,00
07:11:20:451	exp.	8,21	-4,42	-6,50
07:11:20:462	exp.	8,20	-4,18	-6,90
07:11:20:472	exp.	8,19	-3,93	-7,30
07:11:20:482	exp.	8,17	-3,65	-7,70
07:11:20:491	exp.	8,14	-3,37	-8,00
07:11:20:502	exp.	8,11	-3,09	-8,30
07:11:20:512	exp.	8,08	-2,83	-8,50
07:11:20:523	exp.	8,06	-2,57	-8,70
07:11:20:532	exp.	8,04	-2,34	-8,80
07:11:20:541	exp.	8,01	-2,11	-9,00
07:11:20:551	exp.	7,98	-1,88	-9,10
07:11:20:562	exp.	7,94	-1,66	-9,20
07:11:20:572	exp.	7,91	-1,44	-9,30
07:11:20:582	exp.	7,88	-1,24	-9,30
07:11:20:591	exp.	7,84	-1,04	-9,30
07:11:20:601	exp.	7,77	-0,86	-9,30
07:11:20:612	exp.	7,70	-0,69	-9,20
07:11:20:621	exp.	7,62	-0,53	-9,10
07:11:20:632	exp.	7,53	-0,37	-8,90
07:11:20:642	exp.	7,46	-0,19	-8,70
07:11:20:651	exp.	7,37	0,01	-8,50
07:11:20:662	exp.	7,25	0,22	-8,20
07:11:20:672	exp.	7,11	0,45	-7,80
07:11:20:682	exp.	6,95	0,70	-7,40
07:11:20:692	exp.	6,78	0,96	-6,90
07:11:20:702	exp.	6,65	1,25	-6,40
07:11:20:712	exp.	6,54	1,55	-5,90
07:11:20:723	exp.	6,44	1,88	-5,30
07:11:20:732	exp.	6,36	2,19	-4,80
07:11:20:741	exp.	6,28	2,46	-4,80
07:11:20:751	exp.	6,18	2,68	-4,80
07:11:20:762	exp.	6,07	2,84	-4,80
07:11:20:773	insp.	5,94	2,96	0,50	Pression
07:11:20:782	insp.	5,85	3,05	1,00
07:11:20:791	insp.	5,73	3,13	1,50
07:11:20:801	insp.	5,95	3,15	2,20
07:11:20:812	insp.	7,56	3,13	2,90
07:11:20:822	insp.	9,47	3,13	3,90
07:11:20:832	insp.	9,78	3,11	5,40
07:11:20:842	insp.	9,08	3,20	8,00
07:11:20:852	insp.	9,01	3,84	11,40
07:11:20:862	insp.	9,47	5,29	15,50
07:11:20:872	insp.	9,74	7,42	20,10
07:11:20:882	insp.	9,95	10,04	25,40
07:11:20:892	insp.	10,37	13,02	30,90
07:11:20:902	insp.	10,72	16,17	36,20
07:11:20:912	insp.	10,79	19,12	41,60
07:11:20:922	insp.	10,84	21,84	47,20
07:11:20:932	insp.	10,99	24,75	52,90
07:11:20:942	insp.	11,14	27,76	58,70
07:11:20:951	insp.	11,25	30,31	64,60
07:11:20:962	insp.	11,37	32,11	70,60
07:11:20:972	insp.	11,50	33,27	76,50
07:11:20:982	insp.	11,59	33,96	82,40
07:11:20:991	insp.	11,66	34,24	88,40
07:11:21:001	insp.	11,73	34,35	94,30
07:11:21:012	insp.	11,82	34,67	100,10
07:11:21:022	insp.	11,90	35,14	105,90
07:11:21:032	insp.	11,95	35,41	111,70
07:11:21:042	insp.	11,99	35,45	117,40
07:11:21:051	insp.	12,06	35,38	123,00
07:11:21:062	insp.	12,12	35,25	128,60
07:11:21:072	insp.	12,15	35,02	134,10
07:11:21:082	insp.	12,18	34,73	139,40
07:11:21:092	insp.	12,25	34,43	144,70
07:11:21:101	insp.	12,29	34,10	149,90
07:11:21:112	insp.	12,29	33,68	155,00
07:11:21:122	insp.	12,33	33,22	160,00
07:11:21:132	insp.	12,40	32,72	164,80
07:11:21:141	insp.	12,45	32,21	169,60
07:11:21:152	insp.	12,48	31,64	174,20
07:11:21:162	insp.	12,51	31,04	178,70
07:11:21:172	insp.	12,51	30,41	183,00
07:11:21:182	insp.	12,52	29,75	187,30
07:11:21:191	insp.	12,53	29,07	191,40
07:11:21:201	insp.	12,53	28,37	195,40
07:11:21:212	insp.	12,51	27,67	199,30
07:11:21:222	insp.	12,49	26,96	203,10
07:11:21:232	insp.	12,44	26,21	206,70
07:11:21:241	insp.	12,42	25,47	210,20
07:11:21:251	insp.	12,40	24,74	213,70
07:11:21:262	insp.	12,38	24,02	217,00
07:11:21:272	insp.	12,35	23,33	220,30
07:11:21:282	insp.	12,36	22,64	223,40
07:11:21:292	insp.	12,36	21,98	226,40
07:11:21:301	insp.	12,36	21,33	229,40
07:11:21:312	insp.	12,37	20,68	232,20
07:11:21:325	insp.	12,36	20,04	235,00
07:11:21:332	insp.	12,35	19,43	237,60
07:11:21:342	insp.	12,38	18,83	240,20
07:11:21:352	insp.	12,41	18,25	242,70
07:11:21:361	insp.	12,44	17,67	245,00
07:11:21:372	insp.	12,47	17,09	247,30
07:11:21:382	insp.	12,51	16,51	249,40
07:11:21:392	insp.	12,57	15,93	251,50
07:11:21:402	exp.	12,64	15,34	253,40
07:11:21:412	exp.	12,64	14,75	255,20
07:11:21:422	exp.	11,87	14,15	256,90
07:11:21:432	exp.	11,81	13,55	258,30
07:11:21:442	exp.	11,45	13,03	259,20
07:11:21:451	exp.	10,58	12,34	259,30
07:11:21:462	exp.	10,05	11,32	258,90
07:11:21:473	exp.	9,79	9,92	257,50
07:11:21:482	exp.	9,51	8,00	255,10
07:11:21:492	exp.	9,35	5,46	252,00
07:11:21:502	exp.	9,35	2,39	248,40
07:11:21:512	exp.	9,31	-1,04	244,50
07:11:21:522	exp.	9,23	-4,60	240,40
07:11:21:532	exp.	9,17	-8,28	236,30
07:11:21:541	exp.	9,13	-11,98	232,30
07:11:21:551	exp.	9,07	-15,32	228,50
07:11:21:562	exp.	9,04	-18,17	224,80
07:11:21:572	exp.	9,01	-20,50	221,30
07:11:21:582	exp.	8,97	-22,12	217,90
07:11:21:591	exp.	8,93	-22,96	214,60
07:11:21:601	exp.	8,89	-23,14	211,50
07:11:21:612	exp.	8,86	-22,81	208,50
07:11:21:621	exp.	8,84	-22,21	205,60
07:11:21:632	exp.	8,84	-21,37	202,80
07:11:21:642	exp.	8,85	-20,46	200,00
07:11:21:651	exp.	8,86	-19,65	197,40
07:11:21:662	exp.	8,87	-18,91	194,70
07:11:21:672	exp.	8,85	-18,25	192,10
07:11:21:682	exp.	8,83	-17,66	189,60
07:11:21:692	exp.	8,80	-17,15	187,10
07:11:21:702	exp.	8,79	-16,68	184,60
07:11:21:712	exp.	8,79	-16,25	182,20
07:11:21:723	exp.	8,77	-15,89	179,80
07:11:21:732	exp.	8,74	-15,57	177,50
07:11:21:741	exp.	8,69	-15,29	175,10
07:11:21:751	exp.	8,64	-15,05	172,90
07:11:21:762	exp.	8,61	-14,82	170,70
07:11:21:772	exp.	8,60	-14,57	168,50
07:11:21:782	exp.	8,58	-14,31	166,40
07:11:21:791	exp.	8,53	-14,05	164,40
07:11:21:801	exp.	8,48	-13,78	162,40
07:11:21:812	exp.	8,44	-13,50	160,60
07:11:21:822	exp.	8,41	-13,19	158,80
07:11:21:832	exp.	8,41	-12,86	157,00
07:11:21:842	exp.	8,42	-12,49	155,40
07:11:21:852	exp.	8,42	-12,07	153,80
07:11:21:862	exp.	8,41	-11,65	152,30
07:11:21:872	exp.	8,37	-11,23	150,80
07:11:21:882	exp.	8,34	-10,82	149,40
07:11:21:892	exp.	8,34	-10,40	148,10
07:11:21:902	exp.	8,34	-9,98	146,80
07:11:21:912	exp.	8,33	-9,55	145,60
07:11:21:922	exp.	8,30	-9,14	144,40
07:11:21:932	exp.	8,29	-8,75	143,30
07:11:21:942	exp.	8,28	-8,38	142,20
07:11:21:951	exp.	8,30	-8,05	141,10
07:11:21:962	exp.	8,34	-7,73	140,10
07:11:21:972	exp.	8,39	-7,43	139,00
07:11:21:982	exp.	8,42	-7,15	138,00
07:11:21:992	exp.	8,43	-6,91	136,90
07:11:22:002	exp.	8,43	-6,74	135,80
07:11:22:012	exp.	8,44	-6,62	134,70
07:11:22:021	exp.	8,46	-6,52	133,70
07:11:22:032	exp.	8,48	-6,45	132,60
07:11:22:041	exp.	8,49	-6,40	131,50
07:11:22:052	exp.	8,47	-6,38	130,40
07:11:22:062	exp.	8,44	-6,38	129,40
07:11:22:071	exp.	8,43	-6,40	128,30
07:11:22:082	exp.	8,44	-6,43	127,20
07:11:22:092	exp.	8,45	-6,44	126,10
07:11:22:101	exp.	8,48	-6,43	125,10
07:11:22:112	exp.	8,50	-6,41	123,90
07:11:22:123	exp.	8,51	-6,43	122,80
07:11:22:132	exp.	8,51	-6,48	121,60
07:11:22:141	exp.	8,51	-6,54	120,40
07:11:22:151	exp.	8,51	-6,61	119,30
07:11:22:162	exp.	8,51	-6,67	118,10
07:11:22:172	exp.	8,51	-6,73	116,90
07:11:22:182	exp.	8,52	-6,80	115,70
07:11:22:191	exp.	8,53	-6,87	114,50
07:11:22:202	exp.	8,55	-6,94	113,30
07:11:22:212	exp.	8,57	-7,01	112,10
07:11:22:222	exp.	8,59	-7,07	110,90
07:11:22:232	exp.	8,61	-7,10	109,70
07:11:22:242	exp.	8,62	-7,12	108,50
07:11:22:251	exp.	8,64	-7,15	107,20
07:11:22:262	exp.	8,65	-7,19	105,90
07:11:22:272	exp.	8,66	-7,26	104,50
07:11:22:282	exp.	8,66	-7,35	103,10
07:11:22:292	exp.	8,65	-7,46	101,70
07:11:22:301	exp.	8,64	-7,60	100,20
07:11:22:312	exp.	8,63	-7,76	98,70
07:11:22:323	exp.	8,64	-7,94	97,20
07:11:22:332	exp.	8,63	-8,13	95,70
07:11:22:342	exp.	8,61	-8,33	94,20
07:11:22:352	exp.	8,56	-8,53	92,60
07:11:22:362	exp.	8,51	-8,70	91,10
07:11:22:372	exp.	8,47	-8,84	89,70
07:11:22:382	exp.	8,45	-8,94	88,30
07:11:22:392	exp.	8,45	-8,98	86,90
07:11:22:402	exp.	8,46	-8,97	85,50
07:11:22:412	exp.	8,46	-8,93	84,10
07:11:22:422	exp.	8,46	-8,87	82,70
07:11:22:432	exp.	8,46	-8,78	81,40
07:11:22:442	exp.	8,42	-8,66	80,10
07:11:22:451	exp.	8,40	-8,53	78,80
07:11:22:462	exp.	8,38	-8,38	77,60
07:11:22:472	exp.	8,38	-8,20	76,40
07:11:22:482	exp.	8,37	-8,03	75,20
07:11:22:492	exp.	8,35	-7,88	74,00
07:11:22:502	exp.	8,34	-7,74	72,90
07:11:22:512	exp.	8,34	-7,60	71,70
07:11:22:522	exp.	8,35	-7,47	70,60
07:11:22:532	exp.	8,36	-7,34	69,50
07:11:22:541	exp.	8,36	-7,21	68,40
07:11:22:551	exp.	8,33	-7,08	67,30
07:11:22:561	exp.	8,30	-6,97	66,20
07:11:22:572	exp.	8,26	-6,89	65,20
07:11:22:582	exp.	8,22	-6,80	64,20
07:11:22:591	exp.	8,18	-6,70	63,30
07:11:22:601	exp.	8,08	-6,58	62,40
07:11:22:612	exp.	7,96	-6,43	61,70
07:11:22:621	exp.	7,80	-6,25	61,10
07:11:22:632	exp.	7,63	-6,01	60,60
07:11:22:642	exp.	7,46	-5,68	60,30
07:11:22:651	exp.	7,27	-5,24	60,30
07:11:22:662	exp.	7,04	-4,68	60,40
07:11:22:672	exp.	6,77	-4,00	60,70
07:11:22:682	exp.	6,52	-3,21	61,20
07:11:22:692	exp.	6,27	-2,33	61,80
07:11:22:702	exp.	6,05	-1,40	62,40
07:11:22:714	insp.	5,85	-0,43	0,70	Pression
07:11:22:723	insp.	5,68	0,53	1,40
07:11:22:732	insp.	5,66	1,42	2,20
07:11:22:742	insp.	6,84	2,17	3,00
07:11:22:751	insp.	8,82	2,82	4,00
07:11:22:762	insp.	9,55	3,33	5,50
07:11:22:772	insp.	8,96	3,74	7,90
07:11:22:782	insp.	8,66	4,44	11,20
07:11:22:792	insp.	9,08	5,78	15,20
07:11:22:802	insp.	9,40	7,75	19,80
07:11:22:812	insp.	9,60	10,21	25,20
07:11:22:821	insp.	10,04	13,03	30,80
07:11:22:832	insp.	10,47	16,12	36,40
07:11:22:842	insp.	10,61	19,14	42,00
07:11:22:852	insp.	10,68	21,95	47,70
07:11:22:862	insp.	10,91	24,88	53,70
07:11:22:871	insp.	11,15	28,00	59,70
07:11:22:882	insp.	11,31	30,79	65,80
07:11:22:892	insp.	11,42	32,84	71,90
07:11:22:902	insp.	11,53	34,22	78,10
07:11:22:912	insp.	11,59	35,07	84,20
07:11:22:922	insp.	11,62	35,47	90,40
07:11:22:932	insp.	11,64	35,62	96,50
07:11:22:942	insp.	11,67	35,90	102,70
07:11:22:952	insp.	11,72	36,39	108,80
07:11:22:962	insp.	11,74	36,75	114,90
07:11:22:972	insp.	11,76	36,85	120,90
07:11:22:982	insp.	11,78	36,85	126,90
07:11:22:991	insp.	11,79	36,79	132,80
07:11:23:001	insp.	11,79	36,66	138,70
07:11:23:012	insp.	11,82	36,49	144,60
07:11:23:022	insp.	11,85	36,34	150,40
07:11:23:032	insp.	11,86	36,16	156,10
07:11:23:042	insp.	11,89	35,92	161,80
07:11:23:051	insp.	11,91	35,63	167,40
07:11:23:062	insp.	11,95	35,34	173,00
07:11:23:071	insp.	12,00	35,05	178,50
07:11:23:082	insp.	12,04	34,73	183,90
07:11:23:092	insp.	12,06	34,39	189,20
07:11:23:101	insp.	12,08	34,05	194,50
07:11:23:112	insp.	12,11	33,68	199,70
07:11:23:122	insp.	12,10	33,29	204,80
07:11:23:132	insp.	12,12	32,88	209,80
07:11:23:141	insp.	12,14	32,46	214,80
07:11:23:152	insp.	12,13	32,03	219,70
07:11:23:162	insp.	12,10	31,58	224,50
07:11:23:172	insp.	12,09	31,12	229,20
07:11:23:182	insp.	12,11	30,67	233,90
07:11:23:191	insp.	12,13	30,22	238,50
07:11:23:201	insp.	12,15	29,77	243,00
07:11:23:212	insp.	12,16	29,32	247,40
07:11:23:222	insp.	12,17	28,88	251,80
07:11:23:232	insp.	12,19	28,43	256,10
07:11:23:241	insp.	12,22	27,97	260,20
07:11:23:251	insp.	12,23	27,50	264,40
07:11:23:262	insp.	12,25	27,05	268,40
07:11:23:272	insp.	12,27	26,60	272,30
07:11:23:282	insp.	12,30	26,12	276,20
07:11:23:291	insp.	12,34	25,64	280,00
07:11:23:301	insp.	12,39	25,16	283,60
07:11:23:312	insp.	12,48	24,67	287,20
07:11:23:325	insp.	12,58	24,16	290,60
07:11:23:332	insp.	12,69	23,63	293,90
07:11:23:342	insp.	12,78	23,08	297,10
07:11:23:352	insp.	12,88	22,48	300,10
07:11:23:362	insp.	13,01	21,83	302,90
07:11:23:371	insp.	13,12	21,13	305,50
07:11:23:382	insp.	13,22	20,39	308,00
07:11:23:392	insp.	13,31	19,58	310,20
07:11:23:402	exp.	13,34	18,70	312,30
07:11:23:413	exp.	12,90	17,77	314,10
07:11:23:422	exp.	12,52	16,76	315,60
07:11:23:432	exp.	12,17	15,83	316,50
07:11:23:442	exp.	11,05	14,71	316,70
07:11:23:451	exp.	10,33	13,28	316,10
07:11:23:462	exp.	10,11	11,50	314,40
07:11:23:473	exp.	9,88	9,15	311,60
07:11:23:482	exp.	9,70	6,11	307,80
07:11:23:492	exp.	9,69	2,43	303,60
07:11:23:502	exp.	9,70	-1,67	298,80
07:11:23:512	exp.	9,67	-5,92	293,70
07:11:23:522	exp.	9,66	-10,30	288,60
07:11:23:532	exp.	9,68	-14,71	283,50
07:11:23:541	exp.	9,68	-18,67	278,60
07:11:23:551	exp.	9,68	-22,15	273,80
07:11:23:562	exp.	9,68	-25,14	269,00
07:11:23:572	exp.	9,64	-27,43	264,30
07:11:23:582	exp.	9,63	-28,87	259,60
07:11:23:591	exp.	9,60	-29,54	255,10
07:11:23:601	exp.	9,57	-29,63	250,60
07:11:23:612	exp.	9,52	-29,41	246,20
07:11:23:621	exp.	9,50	-28,87	241,80
07:11:23:632	exp.	9,48	-28,28	237,50
07:11:23:642	exp.	9,47	-27,80	233,30
07:11:23:651	exp.	9,45	-27,37	229,10
07:11:23:662	exp.	9,41	-26,95	225,00
07:11:23:672	exp.	9,37	-26,56	220,90
07:11:23:682	exp.	9,35	-26,18	216,90
07:11:23:691	exp.	9,32	-25,81	212,90
07:11:23:702	exp.	9,27	-25,43	209,00
07:11:23:712	exp.	9,22	-25,09	205,10
07:11:23:723	exp.	9,18	-24,76	201,30
07:11:23:732	exp.	9,14	-24,43	197,60
07:11:23:741	exp.	9,12	-24,13	193,90
07:11:23:751	exp.	9,10	-23,83	190,20
07:11:23:762	exp.	9,10	-23,51	186,70
07:11:23:772	exp.	9,10	-23,18	183,20
07:11:23:782	exp.	9,10	-22,84	179,70
07:11:23:791	exp.	9,10	-22,50	176,30
07:11:23:801	exp.	9,07	-22,15	172,90
07:11:23:812	exp.	9,04	-21,81	169,60
07:11:23:822	exp.	9,02	-21,49	166,30
07:11:23:832	exp.	9,01	-21,17	163,10
07:11:23:842	exp.	9,00	-20,86	159,90
07:11:23:852	exp.	8,97	-20,54	156,80
07:11:23:862	exp.	8,97	-20,23	153,70
07:11:23:872	exp.	8,97	-19,93	150,60
07:11:23:882	exp.	8,96	-19,64	147,60
07:11:23:892	exp.	8,96	-19,36	144,60
07:11:23:902	exp.	8,98	-19,10	141,60
07:11:23:912	exp.	8,98	-18,85	138,70
07:11:23:922	exp.	8,99	-18,62	135,70
07:11:23:932	exp.	8,99	-18,41	132,70
07:11:23:942	exp.	8,99	-18,24	129,70
07:11:23:951	exp.	8,97	-18,10	126,80
07:11:23:962	exp.	8,94	-18,00	123,80
07:11:23:972	exp.	8,88	-17,93	120,90
07:11:23:982	exp.	8,83	-17,87	118,00
07:11:23:992	exp.	8,80	-17,81	115,20
07:11:24:002	exp.	8,79	-17,74	112,30
07:11:24:012	exp.	8,78	-17,66	109,50
07:11:24:022	exp.	8,74	-17,56	106,80
07:11:24:032	exp.	8,69	-17,44	104,10
07:11:24:041	exp.	8,67	-17,30	101,50
07:11:24:052	exp.	8,65	-17,13	98,90
07:11:24:062	exp.	8,65	-16,91	96,40
07:11:24:071	exp.	8,65	-16,64	94,00
07:11:24:082	exp.	8,62	-16,34	91,60
07:11:24:092	exp.	8,60	-16,01	89,30
07:11:24:101	exp.	8,59	-15,69	87,00
07:11:24:112	exp.	8,58	-15,35	84,80
07:11:24:123	exp.	8,58	-15,01	82,60
07:11:24:132	exp.	8,57	-14,66	80,50
07:11:24:141	exp.	8,55	-14,32	78,40
07:11:24:151	exp.	8,52	-13,97	76,40
07:11:24:162	exp.	8,50	-13,63	74,40
07:11:24:172	exp.	8,49	-13,31	72,50
07:11:24:182	exp.	8,51	-13,01	70,60
07:11:24:191	exp.	8,53	-12,72	68,70
07:11:24:202	exp.	8,54	-12,45	66,90
07:11:24:212	exp.	8,52	-12,20	65,10
07:11:24:221	exp.	8,48	-11,97	63,30
07:11:24:232	exp.	8,46	-11,73	61,50
07:11:24:241	exp.	8,46	-11,50	59,80
07:11:24:251	exp.	8,46	-11,28	58,10
07:11:24:262	exp.	8,42	-11,08	56,50
07:11:24:272	exp.	8,36	-10,88	54,90
07:11:24:282	exp.	8,30	-10,70	53,40
07:11:24:292	exp.	8,25	-10,50	51,90
07:11:24:302	exp.	8,25	-10,27	50,50
07:11:24:312	exp.	8,25	-9,99	49,20
07:11:24:325	exp.	8,26	-9,67	48,00
07:11:24:332	exp.	8,27	-9,34	46,80
07:11:24:342	exp.	8,27	-9,00	45,60
07:11:24:352	exp.	8,25	-8,67	44,50
07:11:24:362	exp.	8,24	-8,34	43,40
07:11:24:371	exp.	8,23	-8,01	42,30
07:11:24:382	exp.	8,23	-7,67	41,30
07:11:24:392	exp.	8,22	-7,34	40,40
07:11:24:401	exp.	8,22	-7,03	39,50
07:11:24:412	exp.	8,22	-6,74	38,60
07:11:24:422	exp.	8,23	-6,49	37,80
07:11:24:432	exp.	8,25	-6,25	36,90
07:11:24:442	exp.	8,27	-6,02	36,10
07:11:24:451	exp.	8,29	-5,78	35,30
07:11:24:462	exp.	8,32	-5,56	34,50
07:11:24:472	exp.	8,36	-5,35	33,70
07:11:24:482	exp.	8,40	-5,17	32,90
07:11:24:491	exp.	8,45	-5,05	32,10
07:11:24:501	exp.	8,46	-4,96	31,20
07:11:24:512	exp.	8,46	-4,91	30,30
07:11:24:523	exp.	8,46	-4,91	29,40
07:11:24:532	exp.	8,46	-4,93	28,50
07:11:24:541	exp.	8,46	-4,97	27,60
07:11:24:551	exp.	8,46	-5,04	26,60
07:11:24:562	exp.	8,46	-5,14	25,60
07:11:24:572	exp.	8,43	-5,26	24,60
07:11:24:582	exp.	8,39	-5,40	23,60
07:11:24:591	exp.	8,33	-5,54	22,60
07:11:24:601	exp.	8,30	-5,66	21,60
07:11:24:612	exp.	8,29	-5,75	20,70
07:11:24:622	exp.	8,29	-5,81	19,70
07:11:24:632	exp.	8,30	-5,84	18,80
07:11:24:642	exp.	8,31	-5,86	17,90
07:11:24:651	exp.	8,31	-5,86	17,00
07:11:24:662	exp.	8,32	-5,86	16,10
07:11:24:672	exp.	8,31	-5,82	15,20
07:11:24:682	exp.	8,29	-5,75	14,30
07:11:24:692	exp.	8,27	-5,65	13,50
07:11:24:702	exp.	8,27	-5,54	12,70
07:11:24:712	exp.	8,27	-5,42	12,00
07:11:24:723	exp.	8,28	-5,29	11,20
07:11:24:732	exp.	8,32	-5,17	10,50
07:11:24:741	exp.	8,34	-5,05	9,70
07:11:24:751	exp.	8,35	-4,93	9,00
07:11:24:762	exp.	8,35	-4,82	8,20
07:11:24:772	exp.	8,34	-4,73	7,50
07:11:24:782	exp.	8,32	-4,64	6,70
07:11:24:791	exp.	8,32	-4,58	6,00
07:11:24:801	exp.	8,29	-4,52	5,30
07:11:24:812	exp.	8,26	-4,48	4,60
07:11:24:821	exp.	8,23	-4,46	3,90
07:11:24:832	exp.	8,19	-4,43	3,30
07:11:24:842	exp.	8,19	-4,39	2,70
07:11:24:852	exp.	8,19	-4,31	2,20
07:11:24:862	exp.	8,21	-4,19	1,70
07:11:24:872	exp.	8,22	-4,03	1,20
07:11:24:882	exp.	8,22	-3,86	0,70
07:11:24:892	exp.	8,21	-3,70	0,30
07:11:24:902	exp.	8,20	-3,53	-0,10
07:11:24:912	exp.	8,19	-3,35	-0,50
07:11:24:925	exp.	8,18	-3,16	-0,80
07:11:24:932	exp.	8,15	-2,95	-1,10
07:11:24:942	exp.	8,11	-2,74	-1,40
07:11:24:951	exp.	8,08	-2,54	-1,60
07:11:24:962	exp.	8,06	-2,33	-1,70
07:11:24:972	exp.	8,04	-2,14	-1,90
07:11:24:982	exp.	8,02	-1,94	-2,00
07:11:24:992	exp.	7,97	-1,74	-2,10
07:11:25:002	exp.	7,92	-1,54	-2,20
07:11:25:012	exp.	7,87	-1,33	-2,20
07:11:25:022	exp.	7,83	-1,12	-2,20
07:11:25:032	exp.	7,79	-0,92	-2,20
07:11:25:041	exp.	7,75	-0,72	-2,20
07:11:25:051	exp.	7,71	-0,54	-2,20
07:11:25:062	exp.	7,63	-0,37	-2,20
07:11:25:072	exp.	7,56	-0,20	-2,20
07:11:25:082	exp.	7,47	-0,03	-2,20
07:11:25:092	exp.	7,38	0,14	-2,20
07:11:25:101	exp.	7,29	0,34	-2,20
07:11:25:112	exp.	7,16	0,55	-2,20
07:11:25:123	exp.	7,01	0,78	-2,20
07:11:25:132	exp.	6,83	1,01	-2,20
07:11:25:142	exp.	6,66	1,26	-2,20
07:11:25:151	exp.	6,51	1,53	-2,20
07:11:25:162	exp.	6,40	1,82	-2,20
07:11:25:172	exp.	6,28	2,13	-2,20
07:11:25:182	exp.	6,19	2,43	-2,20
07:11:25:191	exp.	6,10	2,69	-2,20
07:11:25:202	exp.	6,00	2,91	-2,20
07:11:25:214	insp.	5,89	3,06	0,50	Pression
07:11:25:223	insp.	5,79	3,17	1,00
07:11:25:232	insp.	5,76	3,23	1,60
07:11:25:241	insp.	6,79	3,22	2,30
07:11:25:251	insp.	8,77	3,25	3,20
07:11:25:261	insp.	9,69	3,25	4,40
07:11:25:272	insp.	9,16	3,26	6,60
07:11:25:282	insp.	8,76	3,64	9,80
07:11:25:292	insp.	9,12	4,75	13,70
07:11:25:302	insp.	9,47	6,63	18,10
07:11:25:312	insp.	9,65	9,08	23,30
07:11:25:325	insp.	10,01	11,96	28,80
07:11:25:332	insp.	10,44	15,13	34,30
07:11:25:342	insp.	10,61	18,25	39,80
07:11:25:352	insp.	10,64	21,10	45,40
07:11:25:362	insp.	10,79	24,01	51,30
07:11:25:372	insp.	11,00	27,11	57,20
07:11:25:382	insp.	11,16	29,96	63,20
07:11:25:392	insp.	11,27	32,11	69,40
07:11:25:402	insp.	11,42	33,58	75,50
07:11:25:412	insp.	11,55	34,53	81,60
07:11:25:422	insp.	11,63	35,03	87,70
07:11:25:432	insp.	11,71	35,24	93,80
07:11:25:442	insp.	11,79	35,54	99,90
07:11:25:451	insp.	11,86	36,04	106,00
07:11:25:462	insp.	11,92	36,45	112,00
07:11:25:472	insp.	11,96	36,59	117,90
07:11:25:482	insp.	12,00	36,57	123,80
07:11:25:492	insp.	12,03	36,49	129,60
07:11:25:501	insp.	12,10	36,31	135,30
07:11:25:512	insp.	12,15	36,05	140,90
07:11:25:523	insp.	12,20	35,78	146,40
07:11:25:532	insp.	12,26	35,47	151,80
07:11:25:542	insp.	12,31	35,09	157,20
07:11:25:551	insp.	12,35	34,64	162,40
07:11:25:562	insp.	12,35	34,14	167,50
07:11:25:572	insp.	12,38	33,62	172,50
07:11:25:582	insp.	12,43	33,06	177,30
07:11:25:591	insp.	12,46	32,48	182,10
07:11:25:601	insp.	12,48	31,87	186,70
07:11:25:612	insp.	12,48	31,23	191,20
07:11:25:621	insp.	12,48	30,56	195,60
07:11:25:632	insp.	12,52	29,88	199,90
07:11:25:642	insp.	12,55	29,18	204,00
07:11:25:651	insp.	12,55	28,48	208,00
07:11:25:662	insp.	12,54	27,77	211,90
07:11:25:672	insp.	12,51	27,05	215,70
07:11:25:682	insp.	12,51	26,32	219,30
07:11:25:692	insp.	12,53	25,58	222,90
07:11:25:702	insp.	12,58	24,85	226,30
07:11:25:712	insp.	12,62	24,11	229,50
07:11:25:723	insp.	12,63	23,38	232,70
07:11:25:732	insp.	12,66	22,63	235,70
07:11:25:741	insp.	12,69	21,87	238,50
07:11:25:752	insp.	12,70	21,10	241,30
07:11:25:762	insp.	12,71	20,33	243,90
07:11:25:771	insp.	12,74	19,56	246,30
07:11:25:782	insp.	12,80	18,79	248,60
07:11:25:792	insp.	12,85	18,01	250,80
07:11:25:802	exp.	12,89	17,20	252,80
07:11:25:812	exp.	12,71	16,37	254,60
07:11:25:822	exp.	11,79	15,52	256,30
07:11:25:832	exp.	11,83	14,77	257,40
07:11:25:842	exp.	11,06	13,96	257,80
07:11:25:852	exp.	10,28	12,86	257,60
07:11:25:862	exp.	10,02	11,42	256,40
07:11:25:872	exp.	9,84	9,52	254,30
07:11:25:882	exp.	9,62	6,96	251,00
07:11:25:892	exp.	9,55	3,76	247,30
07:11:25:902	exp.	9,54	0,08	243,10
07:11:25:912	exp.	9,48	-3,80	238,50
07:11:25:922	exp.	9,42	-7,78	233,80
07:11:25:932	exp.	9,41	-11,90	229,30
07:11:25:942	exp.	9,37	-15,74	224,90
07:11:25:952	exp.	9,36	-19,09	220,60
07:11:25:962	exp.	9,39	-21,94	216,40
07:11:25:972	exp.	9,41	-24,17	212,30
07:11:25:982	exp.	9,42	-25,61	208,20
07:11:25:991	exp.	9,40	-26,29	204,30
07:11:26:001	exp.	9,38	-26,36	200,30
07:11:26:012	exp.	9,35	-26,12	196,40
07:11:26:022	exp.	9,35	-25,63	192,60
07:11:26:032	exp.	9,35	-25,00	188,80
07:11:26:042	exp.	9,35	-24,47	185,00
07:11:26:051	exp.	9,36	-24,05	181,30
07:11:26:062	exp.	9,36	-23,68	177,60
07:11:26:072	exp.	9,36	-23,37	173,90
07:11:26:082	exp.	9,35	-23,12	170,20
07:11:26:092	exp.	9,32	-22,91	166,50
07:11:26:101	exp.	9,30	-22,71	162,90
07:11:26:112	exp.	9,28	-22,52	159,30
07:11:26:123	exp.	9,28	-22,35	155,60
07:11:26:132	exp.	9,27	-22,19	152,00
07:11:26:141	exp.	9,25	-22,07	148,40
07:11:26:151	exp.	9,23	-21,97	144,80
07:11:26:162	exp.	9,20	-21,90	141,20
07:11:26:172	exp.	9,16	-21,85	137,60
07:11:26:182	exp.	9,14	-21,79	134,10
07:11:26:192	exp.	9,14	-21,73	130,50
07:11:26:202	exp.	9,11	-21,65	127,00
07:11:26:212	exp.	9,06	-21,56	123,60
07:11:26:222	exp.	9,00	-21,47	120,20
07:11:26:232	exp.	8,96	-21,37	116,90
07:11:26:241	exp.	8,94	-21,22	113,70
07:11:26:251	exp.	8,93	-21,02	110,50
07:11:26:262	exp.	8,92	-20,77	107,40
07:11:26:272	exp.	8,92	-20,47	104,30
07:11:26:282	exp.	8,91	-20,15	101,30
07:11:26:291	exp.	8,90	-19,82	98,30
07:11:26:301	exp.	8,89	-19,49	95,40
07:11:26:312	exp.	8,88	-19,16	92,50
07:11:26:323	exp.	8,88	-18,82	89,60
07:11:26:332	exp.	8,85	-18,50	86,80
07:11:26:342	exp.	8,82	-18,19	84,00
07:11:26:352	exp.	8,80	-17,91	81,30
07:11:26:362	exp.	8,80	-17,65	78,50
07:11:26:371	exp.	8,81	-17,41	75,80
07:11:26:382	exp.	8,82	-17,18	73,20
07:11:26:392	exp.	8,82	-16,96	70,60
07:11:26:402	exp.	8,80	-16,74	68,00
07:11:26:412	exp.	8,77	-16,54	65,40
07:11:26:422	exp.	8,74	-16,35	62,90
07:11:26:432	exp.	8,71	-16,16	60,40
07:11:26:442	exp.	8,67	-15,97	57,90
07:11:26:451	exp.	8,61	-15,77	55,50
07:11:26:461	exp.	8,57	-15,56	53,20
07:11:26:473	exp.	8,56	-15,36	50,90
07:11:26:482	exp.	8,55	-15,14	48,70
07:11:26:492	exp.	8,54	-14,89	46,50
07:11:26:501	exp.	8,55	-14,62	44,40
07:11:26:512	exp.	8,56	-14,32	42,30
07:11:26:522	exp.	8,57	-14,01	40,30
07:11:26:532	exp.	8,57	-13,68	38,40
07:11:26:541	exp.	8,55	-13,36	36,50
07:11:26:552	exp.	8,53	-13,02	34,60
07:11:26:562	exp.	8,51	-12,69	32,80
07:11:26:572	exp.	8,51	-12,36	31,00
07:11:26:582	exp.	8,53	-12,05	29,20
07:11:26:591	exp.	8,55	-11,77	27,40
07:11:26:601	exp.	8,56	-11,52	25,70
07:11:26:612	exp.	8,59	-11,30	23,90
07:11:26:621	exp.	8,61	-11,10	22,20
07:11:26:632	exp.	8,62	-10,93	20,50
07:11:26:641	exp.	8,64	-10,78	18,80
07:11:26:651	exp.	8,66	-10,65	17,10
07:11:26:662	exp.	8,68	-10,54	15,30
07:11:26:672	exp.	8,72	-10,45	13,60
07:11:26:682	exp.	8,74	-10,40	11,80
07:11:26:692	exp.	8,75	-10,39	10,00
07:11:26:701	exp.	8,74	-10,40	8,10
07:11:26:712	exp.	8,71	-10,46	6,20
07:11:26:722	exp.	8,69	-10,54	4,30
07:11:26:732	exp.	8,68	-10,64	2,40
07:11:26:742	exp.	8,67	-10,75	0,50
07:11:26:752	exp.	8,64	-10,88	-1,40
07:11:26:762	exp.	8,58	-11,03	-3,30
07:11:26:771	exp.	8,50	-11,18	-5,20
07:11:26:782	exp.	8,45	-11,30	-7,10
07:11:26:791	exp.	8,40	-11,38	-8,90
07:11:26:801	exp.	8,39	-11,41	-10,60
07:11:26:812	exp.	8,38	-11,37	-12,30
07:11:26:822	exp.	8,37	-11,27	-13,90
07:11:26:832	exp.	8,34	-11,12	-15,50
07:11:26:842	exp.	8,29	-10,93	-16,90
07:11:26:852	exp.	8,26	-10,68	-18,30
07:11:26:862	exp.	8,24	-10,38	-19,60
07:11:26:872	exp.	8,22	-10,02	-20,80
07:11:26:882	exp.	8,17	-9,62	-22,00
07:11:26:892	exp.	8,12	-9,19	-23,00
07:11:26:902	exp.	8,07	-8,74	-24,00
07:11:26:912	exp.	8,03	-8,29	-24,90
07:11:26:925	exp.	7,99	-7,81	-25,60
07:11:26:932	exp.	7,94	-7,32	-26,20
07:11:26:942	exp.	7,87	-6,79	-26,80
07:11:26:951	exp.	7,75	-6,22	-27,10
07:11:26:962	exp.	7,62	-5,63	-27,40
07:11:26:972	exp.	7,48	-5,02	-27,50
07:11:26:982	exp.	7,32	-4,36	-27,40
07:11:26:992	exp.	7,12	-3,67	-27,20
07:11:27:002	exp.	6,89	-2,94	-26,90
07:11:27:012	exp.	6,63	-2,18	-26,50
07:11:27:022	exp.	6,38	-1,39	-25,90
07:11:27:032	exp.	6,16	-0,58	-25,30
07:11:27:043	insp.	5,98	0,24	0,70	Pression
07:11:27:052	insp.	5,87	1,03	1,40
07:11:27:062	insp.	5,81	1,75	2,10
07:11:27:071	insp.	6,75	2,32	2,90
07:11:27:082	insp.	8,72	2,81	3,80
07:11:27:092	insp.	9,69	3,21	5,10
07:11:27:101	insp.	9,15	3,50	7,30
07:11:27:112	insp.	8,69	4,07	10,40
07:11:27:123	insp.	8,97	5,28	14,30
07:11:27:132	insp.	9,32	7,18	18,80
07:11:27:142	insp.	9,56	9,58	24,00
07:11:27:151	insp.	9,95	12,37	29,70
07:11:27:162	insp.	10,37	15,42	35,30
07:11:27:172	insp.	10,56	18,46	40,80
07:11:27:182	insp.	10,65	21,29	46,50
07:11:27:192	insp.	10,84	24,20	52,40
07:11:27:201	insp.	11,10	27,36	58,40
07:11:27:212	insp.	11,28	30,29	64,50
07:11:27:222	insp.	11,43	32,50	70,60
07:11:27:232	insp.	11,59	33,99	76,80
07:11:27:242	insp.	11,70	34,91	82,90
07:11:27:251	insp.	11,78	35,38	89,00
07:11:27:261	insp.	11,87	35,54	95,10
07:11:27:271	insp.	11,98	35,78	101,10
07:11:27:282	insp.	12,06	36,22	107,10
07:11:27:292	insp.	12,09	36,56	113,00
07:11:27:302	insp.	12,09	36,61	118,80
07:11:27:312	insp.	12,06	36,48	124,60
07:11:27:325	insp.	12,02	36,29	130,30
07:11:27:332	insp.	11,99	36,01	135,90
07:11:27:342	insp.	11,99	35,68	141,50
07:11:27:352	insp.	12,03	35,37	147,00
07:11:27:362	insp.	12,05	35,03	152,30
07:11:27:371	insp.	12,05	34,63	157,70
07:11:27:382	insp.	12,06	34,16	162,90
07:11:27:392	insp.	12,06	33,70	168,00
07:11:27:401	insp.	12,09	33,23	173,10
07:11:27:412	insp.	12,09	32,78	178,10
07:11:27:422	insp.	12,09	32,33	183,00
07:11:27:432	insp.	12,14	31,89	187,90
07:11:27:442	insp.	12,18	31,43	192,60
07:11:27:451	insp.	12,20	30,94	197,30
07:11:27:462	insp.	12,25	30,44	201,90
07:11:27:472	insp.	12,28	29,96	206,40
07:11:27:482	insp.	12,29	29,48	210,80
07:11:27:492	insp.	12,32	29,00	215,10
07:11:27:501	insp.	12,35	28,52	219,30
07:11:27:512	insp.	12,36	28,02	223,50
07:11:27:522	insp.	12,37	27,50	227,50
07:11:27:532	insp.	12,35	26,96	231,40
07:11:27:542	insp.	12,34	26,41	235,20
07:11:27:551	insp.	12,31	25,85	239,00
07:11:27:562	insp.	12,30	25,30	242,60
07:11:27:572	insp.	12,31	24,73	246,20
07:11:27:582	insp.	12,36	24,18	249,70
07:11:27:591	insp.	12,41	23,62	253,00
07:11:27:602	insp.	12,46	23,05	256,30
07:11:27:612	insp.	12,53	22,47	259,40
07:11:27:622	insp.	12,58	21,88	262,40
07:11:27:631	insp.	12,64	21,28	265,30
07:11:27:642	insp.	12,69	20,65	268,00
07:11:27:651	insp.	12,73	20,01	270,60
07:11:27:662	insp.	12,77	19,36	273,10
07:11:27:672	insp.	12,84	18,67	275,40
07:11:27:681	insp.	12,91	17,96	277,60
07:11:27:692	exp.	12,98	17,21	279,60
07:11:27:702	exp.	12,94	16,44	281,50
07:11:27:712	exp.	12,00	15,62	283,10
07:11:27:723	exp.	12,10	14,81	284,40
07:11:27:732	exp.	11,48	14,04	284,90
07:11:27:742	exp.	10,57	13,00	284,80
07:11:27:752	exp.	10,17	11,64	283,80
07:11:27:762	exp.	9,97	9,85	281,80
07:11:27:772	exp.	9,73	7,45	278,80
07:11:27:782	exp.	9,62	4,37	275,00
07:11:27:792	exp.	9,62	0,72	270,70
07:11:27:802	exp.	9,56	-3,25	266,00
07:11:27:812	exp.	9,49	-7,31	261,20
07:11:27:822	exp.	9,44	-11,49	256,40
07:11:27:832	exp.	9,44	-15,53	251,80
07:11:27:842	exp.	9,42	-19,07	247,20
07:11:27:852	exp.	9,39	-22,15	242,90
07:11:27:862	exp.	9,35	-24,64	238,60
07:11:27:872	exp.	9,32	-26,36	234,40
07:11:27:882	exp.	9,29	-27,26	230,40
07:11:27:892	exp.	9,26	-27,44	226,40
07:11:27:902	exp.	9,24	-27,16	222,50
07:11:27:912	exp.	9,24	-26,60	218,70
07:11:27:924	exp.	9,23	-25,82	215,00
07:11:27:932	exp.	9,20	-25,11	211,30
07:11:27:942	exp.	9,19	-24,51	207,60
07:11:27:952	exp.	9,18	-23,97	204,00
07:11:27:962	exp.	9,15	-23,48	200,50
07:11:27:972	exp.	9,13	-23,03	197,10
07:11:27:982	exp.	9,11	-22,60	193,70
07:11:27:991	exp.	9,11	-22,19	190,30
07:11:28:001	exp.	9,11	-21,80	187,00
07:11:28:012	exp.	9,11	-21,44	183,70
07:11:28:022	exp.	9,10	-21,11	180,40
07:11:28:032	exp.	9,08	-20,82	177,20
07:11:28:041	exp.	9,04	-20,55	174,00
07:11:28:051	exp.	9,02	-20,30	170,80
07:11:28:062	exp.	9,00	-20,05	167,60
07:11:28:072	exp.	8,99	-19,82	164,50
07:11:28:082	exp.	8,96	-19,62	161,30
07:11:28:092	exp.	8,91	-19,45	158,30
07:11:28:102	exp.	8,86	-19,31	155,30
07:11:28:112	exp.	8,83	-19,16	152,30
07:11:28:122	exp.	8,81	-18,99	149,40
07:11:28:132	exp.	8,81	-18,78	146,50
07:11:28:141	exp.	8,81	-18,53	143,70
07:11:28:152	exp.	8,81	-18,28	141,00
07:11:28:162	exp.	8,80	-18,01	138,30
07:11:28:172	exp.	8,77	-17,74	135,60
07:11:28:182	exp.	8,74	-17,47	133,00
07:11:28:191	exp.	8,71	-17,17	130,50
07:11:28:201	exp.	8,69	-16,85	128,00
07:11:28:212	exp.	8,68	-16,53	125,50
07:11:28:222	exp.	8,67	-16,21	123,10
07:11:28:232	exp.	8,65	-15,91	120,70
07:11:28:242	exp.	8,65	-15,62	118,40
07:11:28:252	exp.	8,65	-15,34	116,10
07:11:28:262	exp.	8,66	-15,07	113,90
07:11:28:272	exp.	8,67	-14,79	111,60
07:11:28:281	exp.	8,68	-14,50	109,50
07:11:28:292	exp.	8,68	-14,23	107,30
07:11:28:302	exp.	8,70	-13,97	105,10
07:11:28:312	exp.	8,72	-13,75	103,00
07:11:28:323	exp.	8,75	-13,55	100,80
07:11:28:332	exp.	8,75	-13,38	98,70
07:11:28:342	exp.	8,74	-13,25	96,50
07:11:28:352	exp.	8,73	-13,15	94,40
07:11:28:362	exp.	8,72	-13,06	92,20
07:11:28:372	exp.	8,72	-13,00	90,00
07:11:28:382	exp.	8,69	-12,95	87,90
07:11:28:392	exp.	8,67	-12,92	85,80
07:11:28:401	exp.	8,63	-12,91	83,70
07:11:28:413	exp.	8,58	-12,91	81,60
07:11:28:422	exp.	8,53	-12,89	79,50
07:11:28:432	exp.	8,52	-12,86	77,50
07:11:28:442	exp.	8,52	-12,79	75,50
07:11:28:451	exp.	8,52	-12,68	73,60
07:11:28:462	exp.	8,53	-12,57	71,60
07:11:28:472	exp.	8,54	-12,43	69,80
07:11:28:482	exp.	8,54	-12,28	67,90
07:11:28:492	exp.	8,54	-12,11	66,10
07:11:28:501	exp.	8,53	-11,92	64,40
07:11:28:512	exp.	8,51	-11,69	62,70
07:11:28:523	exp.	8,49	-11,47	60,90
07:11:28:532	exp.	8,49	-11,24	59,30
07:11:28:542	exp.	8,49	-11,03	57,60
07:11:28:552	exp.	8,51	-10,82	56,00
07:11:28:562	exp.	8,54	-10,62	54,30
07:11:28:572	exp.	8,56	-10,44	52,70
07:11:28:582	exp.	8,56	-10,28	51,10
07:11:28:591	exp.	8,56	-10,14	49,50
07:11:28:602	exp.	8,55	-10,03	47,90
07:11:28:612	exp.	8,55	-9,94	46,30
07:11:28:622	exp.	8,54	-9,85	44,70
07:11:28:632	exp.	8,53	-9,77	43,10
07:11:28:641	exp.	8,49	-9,70	41,60
07:11:28:651	exp.	8,44	-9,64	40,10
07:11:28:661	exp.	8,42	-9,58	38,60
07:11:28:672	exp.	8,43	-9,50	37,10
07:11:28:682	exp.	8,46	-9,41	35,70
07:11:28:691	exp.	8,50	-9,30	34,20
07:11:28:701	exp.	8,52	-9,19	32,80
07:11:28:712	exp.	8,53	-9,07	31,40
07:11:28:723	exp.	8,53	-8,98	29,90
07:11:28:732	exp.	8,49	-8,90	28,50
07:11:28:742	exp.	8,46	-8,82	27,20
07:11:28:751	exp.	8,42	-8,72	25,80
07:11:28:762	exp.	8,39	-8,62	24,50
07:11:28:772	exp.	8,37	-8,51	23,20
07:11:28:782	exp.	8,35	-8,41	22,00
07:11:28:791	exp.	8,35	-8,29	20,80
07:11:28:802	exp.	8,35	-8,17	19,60
07:11:28:812	exp.	8,33	-8,04	18,40
07:11:28:822	exp.	8,31	-7,89	17,30
07:11:28:832	exp.	8,30	-7,72	16,20
07:11:28:842	exp.	8,29	-7,53	15,10
07:11:28:852	exp.	8,29	-7,34	14,00
07:11:28:862	exp.	8,32	-7,15	13,00
07:11:28:872	exp.	8,33	-6,97	12,00
07:11:28:882	exp.	8,32	-6,79	11,00
07:11:28:892	exp.	8,28	-6,65	10,00
07:11:28:901	exp.	8,26	-6,50	9,10
07:11:28:912	exp.	8,25	-6,36	8,20
07:11:28:922	exp.	8,25	-6,20	7,30
07:11:28:932	exp.	8,26	-6,04	6,50
07:11:28:942	exp.	8,23	-5,89	5,70
07:11:28:952	exp.	8,16	-5,74	4,90
07:11:28:962	exp.	8,07	-5,60	4,20
07:11:28:972	exp.	7,99	-5,45	3,60
07:11:28:982	exp.	7,94	-5,25	3,10
07:11:28:991	exp.	7,90	-4,99	2,60
07:11:29:001	exp.	7,85	-4,68	2,30
07:11:29:012	exp.	7,79	-4,32	2,00
07:11:29:022	exp.	7,70	-3,94	1,90
07:11:29:032	exp.	7,59	-3,53	1,80
07:11:29:042	exp.	7,50	-3,08	1,80
07:11:29:051	exp.	7,39	-2,60	1,90
07:11:29:061	exp.	7,24	-2,08	2,20
07:11:29:072	exp.	7,07	-1,51	2,50
07:11:29:082	exp.	6,92	-0,94	2,90
07:11:29:092	exp.	6,77	-0,37	3,30
07:11:29:101	exp.	6,65	0,19	3,90
07:11:29:112	exp.	6,55	0,73	4,40
07:11:29:123	exp.	6,47	1,25	4,90
07:11:29:132	exp.	6,39	1,72	5,50
07:11:29:141	exp.	6,27	2,12	6,00
07:11:29:151	exp.	6,17	2,45	6,50
07:11:29:162	exp.	6,06	2,71	7,00
07:11:29:174	insp.	5,94	2,90	0,50	Pression
07:11:29:182	insp.	5,82	3,04	1,00
07:11:29:192	insp.	5,68	3,13	1,60
07:11:29:202	insp.	5,83	3,15	2,20
07:11:29:212	insp.	7,35	3,13	3,00
07:11:29:221	insp.	9,29	3,15	4,00
07:11:29:232	insp.	9,69	3,16	5,60
07:11:29:241	insp.	8,99	3,29	8,20
07:11:29:252	insp.	8,82	3,96	11,70
07:11:29:262	insp.	9,25	5,42	15,80
07:11:29:272	insp.	9,52	7,58	20,50
07:11:29:282	insp.	9,74	10,25	26,00
07:11:29:292	insp.	10,16	13,28	31,70
07:11:29:301	insp.	10,55	16,52	37,20
07:11:29:312	insp.	10,66	19,60	42,80
07:11:29:325	insp.	10,74	22,44	48,60
07:11:29:332	insp.	10,97	25,45	54,50
07:11:29:342	insp.	11,20	28,56	60,50
07:11:29:352	insp.	11,40	31,23	66,60
07:11:29:362	insp.	11,55	33,13	72,70
07:11:29:372	insp.	11,66	34,36	78,80
07:11:29:382	insp.	11,77	35,08	84,80
07:11:29:391	insp.	11,87	35,36	90,90
07:11:29:401	insp.	11,95	35,44	96,90
07:11:29:411	insp.	12,03	35,70	102,80
07:11:29:422	insp.	12,13	36,11	108,70
07:11:29:432	insp.	12,19	36,31	114,50
07:11:29:442	insp.	12,20	36,23	120,10
07:11:29:452	insp.	12,24	36,03	125,70
07:11:29:462	insp.	12,30	35,77	131,20
07:11:29:472	insp.	12,35	35,41	136,60
07:11:29:482	insp.	12,34	34,99	141,90
07:11:29:492	insp.	12,33	34,55	147,10
07:11:29:501	insp.	12,31	34,07	152,10
07:11:29:512	insp.	12,24	33,50	157,10
07:11:29:522	insp.	12,23	32,89	162,00
07:11:29:532	insp.	12,30	32,29	166,80
07:11:29:541	insp.	12,35	31,70	171,40
07:11:29:551	insp.	12,33	31,09	176,00
07:11:29:562	insp.	12,32	30,46	180,40
07:11:29:572	insp.	12,33	29,81	184,70
07:11:29:582	insp.	12,34	29,17	189,00
07:11:29:591	insp.	12,35	28,54	193,10
07:11:29:601	insp.	12,36	27,92	197,20
07:11:29:612	insp.	12,38	27,31	201,10
07:11:29:622	insp.	12,35	26,71	204,90
07:11:29:632	insp.	12,36	26,08	208,70
07:11:29:641	insp.	12,38	25,45	212,30
07:11:29:651	insp.	12,41	24,83	215,80
07:11:29:661	insp.	12,42	24,23	219,30
07:11:29:672	insp.	12,43	23,63	222,60
07:11:29:682	insp.	12,41	23,02	225,80
07:11:29:692	insp.	12,38	22,41	228,90
07:11:29:701	insp.	12,38	21,80	232,00
07:11:29:712	insp.	12,37	21,18	234,90
07:11:29:723	insp.	12,36	20,57	237,80
07:11:29:732	insp.	12,34	19,99	240,50
07:11:29:742	insp.	12,33	19,39	243,20
07:11:29:751	insp.	12,35	18,80	245,70
07:11:29:762	insp.	12,39	18,22	248,20
07:11:29:772	insp.	12,43	17,64	250,60
07:11:29:782	insp.	12,50	17,08	252,80
07:11:29:791	insp.	12,58	16,52	255,00
07:11:29:802	exp.	12,65	15,95	257,00
07:11:29:812	exp.	12,67	15,35	258,90
07:11:29:822	exp.	11,90	14,74	260,70
07:11:29:832	exp.	11,73	14,14	262,10
07:11:29:842	exp.	11,21	13,61	263,00
07:11:29:852	exp.	10,31	12,91	263,20
07:11:29:862	exp.	9,99	11,86	262,70
07:11:29:872	exp.	9,96	10,43	261,10
07:11:29:882	exp.	9,83	8,39	258,40
07:11:29:892	exp.	9,78	5,63	254,90
07:11:29:902	exp.	9,80	2,27	251,00
07:11:29:913	exp.	9,74	-1,48	246,50
07:11:29:922	exp.	9,63	-5,41	241,80
07:11:29:932	exp.	9,61	-9,47	237,20
07:11:29:942	exp.	9,61	-13,54	232,60
07:11:29:952	exp.	9,60	-17,21	228,10
07:11:29:962	exp.	9,60	-20,46	223,60
07:11:29:972	exp.	9,57	-23,25	219,20
07:11:29:982	exp.	9,53	-25,33	214,80
07:11:29:991	exp.	9,48	-26,64	210,40
07:11:30:001	exp.	9,47	-27,24	206,20
07:11:30:012	exp.	9,43	-27,31	201,90
07:11:30:022	exp.	9,39	-27,12	197,80
07:11:30:032	exp.	9,36	-26,70	193,70
07:11:30:042	exp.	9,29	-26,26	189,70
07:11:30:051	exp.	9,23	-25,94	185,70
07:11:30:062	exp.	9,18	-25,61	181,90
07:11:30:072	exp.	9,16	-25,26	178,10
07:11:30:082	exp.	9,14	-24,87	174,40
07:11:30:092	exp.	9,14	-24,45	170,70
07:11:30:102	exp.	9,12	-24,02	167,20
07:11:30:112	exp.	9,11	-23,60	163,60
07:11:30:122	exp.	9,08	-23,20	160,20
07:11:30:132	exp.	9,05	-22,79	156,80
07:11:30:141	exp.	9,03	-22,36	153,50
07:11:30:151	exp.	8,99	-21,92	150,30
07:11:30:162	exp.	8,96	-21,47	147,10
07:11:30:172	exp.	8,94	-21,05	144,00
07:11:30:182	exp.	8,93	-20,64	140,90
07:11:30:191	exp.	8,93	-20,26	137,90
07:11:30:201	exp.	8,93	-19,88	134,90
07:11:30:212	exp.	8,91	-19,53	131,90
07:11:30:222	exp.	8,87	-19,19	129,00
07:11:30:232	exp.	8,84	-18,86	126,10
07:11:30:242	exp.	8,80	-18,56	123,20
07:11:30:251	exp.	8,78	-18,28	120,40
07:11:30:262	exp.	8,76	-18,02	117,70
07:11:30:271	exp.	8,73	-17,77	115,00
07:11:30:282	exp.	8,70	-17,52	112,30
07:11:30:291	exp.	8,67	-17,27	109,70
07:11:30:302	exp.	8,64	-17,03	107,20
07:11:30:312	exp.	8,61	-16,76	104,80
07:11:30:323	exp.	8,59	-16,46	102,40
07:11:30:332	exp.	8,59	-16,12	100,20
07:11:30:342	exp.	8,59	-15,76	97,90
07:11:30:352	exp.	8,58	-15,38	95,80
07:11:30:362	exp.	8,57	-14,99	93,70
07:11:30:372	exp.	8,55	-14,60	91,70
07:11:30:382	exp.	8,51	-14,21	89,70
07:11:30:392	exp.	8,50	-13,80	87,80
07:11:30:401	exp.	8,49	-13,39	85,90
07:11:30:412	exp.	8,48	-12,98	84,00
07:11:30:422	exp.	8,49	-12,59	82,20
07:11:30:432	exp.	8,50	-12,24	80,50
07:11:30:442	exp.	8,52	-11,92	78,70
07:11:30:451	exp.	8,52	-11,63	77,00
07:11:30:462	exp.	8,53	-11,37	75,30
07:11:30:472	exp.	8,55	-11,12	73,60
07:11:30:482	exp.	8,56	-10,88	71,90
07:11:30:492	exp.	8,60	-10,67	70,30
07:11:30:501	exp.	8,64	-10,50	68,60
07:11:30:512	exp.	8,65	-10,37	66,90
07:11:30:523	exp.	8,66	-10,28	65,20
07:11:30:532	exp.	8,65	-10,23	63,40
07:11:30:542	exp.	8,65	-10,20	61,70
07:11:30:551	exp.	8,66	-10,19	60,00
07:11:30:562	exp.	8,66	-10,19	58,20
07:11:30:571	exp.	8,66	-10,21	56,50
07:11:30:582	exp.	8,63	-10,25	54,70
07:11:30:591	exp.	8,60	-10,31	53,00
07:11:30:602	exp.	8,53	-10,37	51,20
07:11:30:612	exp.	8,49	-10,43	49,50
07:11:30:621	exp.	8,47	-10,45	47,90
07:11:30:631	exp.	8,47	-10,43	46,20
07:11:30:641	exp.	8,48	-10,39	44,50
07:11:30:651	exp.	8,47	-10,34	42,90
07:11:30:661	exp.	8,46	-10,28	41,40
07:11:30:672	exp.	8,44	-10,21	39,80
07:11:30:682	exp.	8,44	-10,10	38,30
07:11:30:692	exp.	8,44	-9,97	36,80
07:11:30:701	exp.	8,44	-9,82	35,30
07:11:30:712	exp.	8,45	-9,63	33,90
07:11:30:723	exp.	8,44	-9,45	32,50
07:11:30:732	exp.	8,44	-9,28	31,10
07:11:30:742	exp.	8,44	-9,12	29,80
07:11:30:752	exp.	8,45	-8,95	28,40
07:11:30:762	exp.	8,45	-8,77	27,10
07:11:30:771	exp.	8,44	-8,60	25,80
07:11:30:782	exp.	8,42	-8,45	24,50
07:11:30:791	exp.	8,42	-8,30	23,20
07:11:30:801	exp.	8,42	-8,18	22,00
07:11:30:812	exp.	8,42	-8,08	20,70
07:11:30:822	exp.	8,39	-7,96	19,60
07:11:30:832	exp.	8,33	-7,85	18,40
07:11:30:842	exp.	8,28	-7,72	17,30
07:11:30:852	exp.	8,26	-7,59	16,20
07:11:30:862	exp.	8,26	-7,43	15,20
07:11:30:871	exp.	8,29	-7,26	14,20
07:11:30:882	exp.	8,30	-7,07	13,20
07:11:30:892	exp.	8,31	-6,88	12,20
07:11:30:901	exp.	8,29	-6,70	11,20
07:11:30:912	exp.	8,27	-6,52	10,30
07:11:30:924	exp.	8,25	-6,35	9,40
07:11:30:932	exp.	8,24	-6,19	8,40
07:11:30:942	exp.	8,23	-6,03	7,60
07:11:30:952	exp.	8,23	-5,89	6,70
07:11:30:962	exp.	8,23	-5,76	5,90
07:11:30:972	exp.	8,23	-5,65	5,00
07:11:30:982	exp.	8,22	-5,55	4,20
07:11:30:992	exp.	8,23	-5,44	3,50
07:11:31:001	exp.	8,24	-5,31	2,80
07:11:31:012	exp.	8,25	-5,17	2,10
07:11:31:022	exp.	8,26	-5,01	1,40
07:11:31:032	exp.	8,26	-4,86	0,70
07:11:31:042	exp.	8,28	-4,70	0,10
07:11:31:051	exp.	8,30	-4,54	-0,50
07:11:31:062	exp.	8,30	-4,38	-1,20
07:11:31:072	exp.	8,30	-4,25	-1,80
07:11:31:082	exp.	8,27	-4,12	-2,40
07:11:31:091	exp.	8,24	-4,02	-3,00
07:11:31:102	exp.	8,23	-3,92	-3,60
07:11:31:112	exp.	8,22	-3,85	-4,10
07:11:31:123	exp.	8,20	-3,76	-4,70
07:11:31:132	exp.	8,13	-3,68	-5,20
07:11:31:141	exp.	8,03	-3,61	-5,60
07:11:31:151	exp.	7,92	-3,54	-6,00
07:11:31:162	exp.	7,82	-3,43	-6,20
07:11:31:172	exp.	7,71	-3,26	-6,40
07:11:31:182	exp.	7,63	-3,02	-6,50
07:11:31:192	exp.	7,53	-2,70	-6,50
07:11:31:202	exp.	7,42	-2,33	-6,30
07:11:31:212	exp.	7,26	-1,92	-6,10
07:11:31:222	exp.	7,11	-1,48	-5,80
07:11:31:232	exp.	6,95	-0,99	-5,40
07:11:31:241	exp.	6,77	-0,46	-4,90
07:11:31:252	exp.	6,60	0,12	-4,40
07:11:31:262	exp.	6,46	0,71	-3,80
07:11:31:271	exp.	6,35	1,29	-3,20
07:11:31:282	exp.	6,25	1,81	-2,60
07:11:31:292	exp.	6,16	2,24	-2,00
07:11:31:301	exp.	6,08	2,59	-1,50
07:11:31:312	exp.	6,01	2,88	-1,50
07:11:31:324	insp.	5,91	3,09	0,50	Pression
07:11:31:332	insp.	5,80	3,22	1,00
07:11:31:342	insp.	5,81	3,27	1,50
07:11:31:352	insp.	6,87	3,25	2,20
07:11:31:362	insp.	8,80	3,22	3,10
07:11:31:371	insp.	9,64	3,19	4,40
07:11:31:382	insp.	9,06	3,17	6,60
07:11:31:392	insp.	8,68	3,56	9,80
07:11:31:401	insp.	9,04	4,70	13,70
07:11:31:412	insp.	9,39	6,59	18,10
07:11:31:422	insp.	9,57	9,07	23,30
07:11:31:432	insp.	9,94	11,98	28,90
07:11:31:442	insp.	10,34	15,17	34,50
07:11:31:451	insp.	10,51	18,31	39,90
07:11:31:462	insp.	10,59	21,22	45,70
07:11:31:472	insp.	10,77	24,17	51,60
07:11:31:482	insp.	11,00	27,33	57,60
07:11:31:492	insp.	11,18	30,21	63,70
07:11:31:501	insp.	11,33	32,39	69,80
07:11:31:512	insp.	11,46	33,87	76,00
07:11:31:523	insp.	11,59	34,83	82,20
07:11:31:532	insp.	11,72	35,35	88,40
07:11:31:541	insp.	11,83	35,59	94,50
07:11:31:551	insp.	11,90	35,90	100,60
07:11:31:562	insp.	11,99	36,38	106,70
07:11:31:572	insp.	12,08	36,76	112,70
07:11:31:582	insp.	12,12	36,85	118,60
07:11:31:592	insp.	12,19	36,79	124,40
07:11:31:601	insp.	12,26	36,65	130,10
07:11:31:612	insp.	12,31	36,41	135,70
07:11:31:621	insp.	12,34	36,08	141,20
07:11:31:632	insp.	12,39	35,70	146,60
07:11:31:642	insp.	12,42	35,27	151,90
07:11:31:651	insp.	12,49	34,78	157,00
07:11:31:662	insp.	12,53	34,21	162,00
07:11:31:672	insp.	12,50	33,60	166,90
07:11:31:682	insp.	12,45	32,95	171,70
07:11:31:692	insp.	12,45	32,26	176,40
07:11:31:702	insp.	12,47	31,56	180,90
07:11:31:712	insp.	12,47	30,84	185,30
07:11:31:723	insp.	12,50	30,11	189,60
07:11:31:732	insp.	12,56	29,39	193,70
07:11:31:741	insp.	12,60	28,66	197,70
07:11:31:752	insp.	12,61	27,89	201,60
07:11:31:762	insp.	12,63	27,11	205,30
07:11:31:771	insp.	12,67	26,35	208,90
07:11:31:782	insp.	12,72	25,58	212,40
07:11:31:791	insp.	12,76	24,81	215,70
07:11:31:802	insp.	12,83	24,02	218,80
07:11:31:812	insp.	12,90	23,21	221,80
07:11:31:822	insp.	12,96	22,38	224,60
07:11:31:832	insp.	13,01	21,50	227,20
07:11:31:842	insp.	13,09	20,61	229,70
07:11:31:852	insp.	13,14	19,70	232,00
07:11:31:863	exp.	13,19	18,77	234,10
07:11:31:872	exp.	13,17	17,80	236,00
07:11:31:882	exp.	12,31	16,79	237,70
07:11:31:892	exp.	12,30	15,80	239,00
07:11:31:902	exp.	11,71	14,86	239,70
07:11:31:912	exp.	10,59	13,71	239,80
07:11:31:924	exp.	10,04	12,28	239,10
07:11:31:933	exp.	9,87	10,50	237,30
07:11:31:942	exp.	9,67	8,17	234,50
07:11:31:952	exp.	9,54	5,18	230,80
07:11:31:962	exp.	9,55	1,64	226,70
07:11:31:972	exp.	9,57	-2,25	222,20
07:11:31:982	exp.	9,53	-6,27	217,30
07:11:31:991	exp.	9,49	-10,43	212,60
07:11:32:001	exp.	9,47	-14,54	208,00
07:11:32:012	exp.	9,44	-18,15	203,50
07:11:32:022	exp.	9,40	-21,28	199,20
07:11:32:032	exp.	9,37	-23,90	194,90
07:11:32:042	exp.	9,31	-25,78	190,80
07:11:32:051	exp.	9,26	-26,81	186,80
07:11:32:062	exp.	9,22	-27,11	182,90
07:11:32:071	exp.	9,20	-26,89	179,10
07:11:32:082	exp.	9,20	-26,36	175,40
07:11:32:092	exp.	9,19	-25,58	171,70
07:11:32:102	exp.	9,18	-24,79	168,10
07:11:32:112	exp.	9,15	-24,17	164,50
07:11:32:122	exp.	9,14	-23,62	161,00
07:11:32:132	exp.	9,14	-23,10	157,50
07:11:32:141	exp.	9,13	-22,63	154,10
07:11:32:152	exp.	9,13	-22,19	150,80
07:11:32:162	exp.	9,13	-21,78	147,50
07:11:32:172	exp.	9,08	-21,40	144,20
07:11:32:182	exp.	9,04	-21,07	141,00
07:11:32:192	exp.	9,00	-20,75	137,90
07:11:32:201	exp.	9,00	-20,45	134,70
07:11:32:212	exp.	9,00	-20,14	131,70
07:11:32:222	exp.	8,96	-19,83	128,60
07:11:32:232	exp.	8,88	-19,54	125,60
07:11:32:242	exp.	8,81	-19,26	122,70
07:11:32:251	exp.	8,77	-19,00	119,80
07:11:32:262	exp.	8,74	-18,74	117,00
07:11:32:272	exp.	8,73	-18,46	114,30
07:11:32:282	exp.	8,73	-18,15	111,70
07:11:32:292	exp.	8,73	-17,80	109,10
07:11:32:302	exp.	8,73	-17,45	106,60
07:11:32:312	exp.	8,71	-17,11	104,10
07:11:32:326	exp.	8,70	-16,75	101,70
07:11:32:332	exp.	8,68	-16,38	99,30
07:11:32:342	exp.	8,65	-15,98	97,00
07:11:32:352	exp.	8,61	-15,58	94,80
07:11:32:362	exp.	8,55	-15,18	92,70
07:11:32:372	exp.	8,52	-14,79	90,60
07:11:32:382	exp.	8,52	-14,41	88,50
07:11:32:392	exp.	8,55	-14,06	86,50
07:11:32:401	exp.	8,57	-13,70	84,50
07:11:32:413	exp.	8,57	-13,35	82,60
07:11:32:422	exp.	8,55	-13,01	80,70
07:11:32:432	exp.	8,51	-12,70	78,90
07:11:32:442	exp.	8,48	-12,41	77,10
07:11:32:451	exp.	8,45	-12,13	75,30
07:11:32:462	exp.	8,41	-11,84	73,60
07:11:32:472	exp.	8,37	-11,56	72,00
07:11:32:482	exp.	8,31	-11,28	70,40
07:11:32:492	exp.	8,28	-11,00	69,00
07:11:32:501	exp.	8,25	-10,72	67,50
07:11:32:512	exp.	8,25	-10,42	66,20
07:11:32:522	exp.	8,25	-10,07	64,90
07:11:32:532	exp.	8,26	-9,70	63,70
07:11:32:542	exp.	8,25	-9,31	62,50
07:11:32:552	exp.	8,23	-8,92	61,40
07:11:32:562	exp.	8,21	-8,53	60,40
07:11:32:572	exp.	8,18	-8,15	59,40
07:11:32:582	exp.	8,15	-7,76	58,40
07:11:32:591	exp.	8,14	-7,38	57,50
07:11:32:601	exp.	8,14	-7,00	56,70
07:11:32:612	exp.	8,14	-6,64	55,90
07:11:32:622	exp.	8,16	-6,30	55,10
07:11:32:632	exp.	8,18	-5,99	54,40
07:11:32:641	exp.	8,19	-5,69	53,70
07:11:32:651	exp.	8,21	-5,41	53,10
07:11:32:662	exp.	8,24	-5,12	52,40
07:11:32:672	exp.	8,28	-4,85	51,80
07:11:32:682	exp.	8,33	-4,60	51,20
07:11:32:692	exp.	8,38	-4,39	50,50
07:11:32:702	exp.	8,44	-4,21	49,90
07:11:32:712	exp.	8,45	-4,07	49,10
07:11:32:722	exp.	8,44	-4,00	48,40
07:11:32:732	exp.	8,43	-3,98	47,60
07:11:32:741	exp.	8,44	-4,01	46,70
07:11:32:751	exp.	8,48	-4,07	45,90
07:11:32:762	exp.	8,49	-4,19	44,90
07:11:32:771	exp.	8,49	-4,36	44,00
07:11:32:781	exp.	8,44	-4,55	43,10
07:11:32:791	exp.	8,39	-4,78	42,10
07:11:32:802	exp.	8,34	-5,00	41,10
07:11:32:812	exp.	8,32	-5,20	40,20
07:11:32:821	exp.	8,33	-5,35	39,20
07:11:32:832	exp.	8,34	-5,46	38,30
07:11:32:842	exp.	8,35	-5,55	37,30
07:11:32:852	exp.	8,34	-5,63	36,40
07:11:32:862	exp.	8,32	-5,71	35,40
07:11:32:871	exp.	8,30	-5,76	34,50
07:11:32:882	exp.	8,31	-5,78	33,50
07:11:32:892	exp.	8,32	-5,77	32,60
07:11:32:902	exp.	8,33	-5,72	31,70
07:11:32:912	exp.	8,33	-5,67	30,80
07:11:32:924	exp.	8,30	-5,63	30,00
07:11:32:932	exp.	8,30	-5,60	29,10
07:11:32:942	exp.	8,31	-5,55	28,30
07:11:32:952	exp.	8,33	-5,48	27,50
07:11:32:962	exp.	8,34	-5,37	26,70
07:11:32:973	exp.	8,34	-5,26	25,90
07:11:32:982	exp.	8,34	-5,16	25,10
07:11:32:992	exp.	8,33	-5,09	24,20
07:11:33:001	exp.	8,32	-5,04	23,40
07:11:33:012	exp.	8,28	-5,00	22,60
07:11:33:022	exp.	8,24	-4,97	21,80
07:11:33:032	exp.	8,18	-4,94	21,00
07:11:33:041	exp.	8,14	-4,91	20,30
07:11:33:052	exp.	8,13	-4,87	19,60
07:11:33:062	exp.	8,15	-4,82	19,00
07:11:33:072	exp.	8,16	-4,72	18,50
07:11:33:082	exp.	8,16	-4,58	18,00
07:11:33:092	exp.	8,15	-4,40	17,50
07:11:33:102	exp.	8,13	-4,19	17,10
07:11:33:112	exp.	8,11	-3,95	16,70
07:11:33:123	exp.	8,10	-3,70	16,40
07:11:33:132	exp.	8,07	-3,42	16,10
07:11:33:141	exp.	8,04	-3,12	15,80
07:11:33:151	exp.	8,00	-2,82	15,60
07:11:33:162	exp.	7,98	-2,52	15,50
07:11:33:172	exp.	7,95	-2,24	15,40
07:11:33:182	exp.	7,93	-1,97	15,30
07:11:33:191	exp.	7,91	-1,72	15,20
07:11:33:202	exp.	7,89	-1,48	15,20
07:11:33:212	exp.	7,86	-1,24	15,10
07:11:33:222	exp.	7,84	-1,01	15,10
07:11:33:232	exp.	7,81	-0,82	15,10
07:11:33:241	exp.	7,79	-0,63	15,20
07:11:33:251	exp.	7,77	-0,46	15,20
07:11:33:261	exp.	7,73	-0,30	15,30
07:11:33:272	exp.	7,67	-0,16	15,40
07:11:33:282	exp.	7,61	-0,02	15,60
07:11:33:292	exp.	7,55	0,12	15,80
07:11:33:301	exp.	7,50	0,26	16,00
07:11:33:312	exp.	7,43	0,41	16,30
07:11:33:325	exp.	7,34	0,59	16,60
07:11:33:332	exp.	7,22	0,77	16,90
07:11:33:342	exp.	7,09	0,95	17,30
07:11:33:352	exp.	6,95	1,15	17,80
07:11:33:362	exp.	6,83	1,37	18,20
07:11:33:371	exp.	6,73	1,63	18,20
07:11:33:382	exp.	6,66	1,89	18,20
07:11:33:392	exp.	6,60	2,14	18,20
07:11:33:401	exp.	6,54	2,36	18,20
07:11:33:412	exp.	6,48	2,53	18,20
07:11:33:422	exp.	6,41	2,66	18,20
07:11:33:432	exp.	6,32	2,76	18,20
07:11:33:442	exp.	6,23	2,83	18,20
07:11:33:451	exp.	6,13	2,88	18,20
07:11:33:462	exp.	6,04	2,90	18,20
07:11:33:474	insp.	5,96	2,91	0,50	Pression
07:11:33:482	insp.	5,94	2,90	1,00
07:11:33:492	insp.	5,93	2,88	1,50
07:11:33:502	insp.	6,28	2,83	2,00
07:11:33:512	insp.	7,80	2,78	2,60
07:11:33:522	insp.	9,40	2,78	3,40
07:11:33:532	insp.	9,53	2,74	4,80
07:11:33:541	insp.	8,89	2,84	7,20
07:11:33:552	insp.	8,87	3,45	10,30
07:11:33:562	insp.	9,29	4,79	14,10
07:11:33:572	insp.	9,58	6,75	18,40
07:11:33:582	insp.	9,82	9,17	23,40
07:11:33:591	insp.	10,17	11,92	28,60
07:11:33:601	insp.	10,45	14,85	33,70
07:11:33:612	insp.	10,56	17,64	38,80
07:11:33:622	insp.	10,68	20,33	44,20
07:11:33:631	insp.	10,88	23,25	49,80
07:11:33:641	insp.	11,09	26,24	55,40
07:11:33:651	insp.	11,25	28,78	61,20
07:11:33:662	insp.	11,38	30,60	66,90
07:11:33:672	insp.	11,51	31,82	72,70
07:11:33:682	insp.	11,63	32,58	78,50
07:11:33:692	insp.	11,73	32,98	84,30
07:11:33:701	insp.	11,82	33,25	90,00
07:11:33:712	insp.	11,91	33,67	95,70
07:11:33:723	insp.	11,98	34,17	101,40
07:11:33:732	insp.	12,04	34,45	107,00
07:11:33:742	insp.	12,11	34,49	112,50
07:11:33:751	insp.	12,18	34,43	118,00
07:11:33:762	insp.	12,25	34,30	123,30
07:11:33:771	insp.	12,29	34,07	128,60
07:11:33:782	insp.	12,37	33,77	133,70
07:11:33:792	insp.	12,44	33,43	138,70
07:11:33:801	insp.	12,44	33,02	143,60
07:11:33:812	insp.	12,48	32,53	148,40
07:11:33:821	insp.	12,52	31,98	153,10
07:11:33:831	insp.	12,53	31,39	157,60
07:11:33:842	insp.	12,53	30,76	162,10
07:11:33:852	insp.	12,56	30,10	166,30
07:11:33:862	insp.	12,57	29,41	170,50
07:11:33:872	insp.	12,54	28,70	174,50
07:11:33:882	insp.	12,47	27,96	178,50
07:11:33:892	insp.	12,43	27,21	182,30
07:11:33:902	insp.	12,42	26,48	186,00
07:11:33:912	insp.	12,42	25,75	189,60
07:11:33:922	insp.	12,43	25,03	193,10
07:11:33:932	insp.	12,46	24,33	196,40
07:11:33:942	insp.	12,48	23,63	199,60
07:11:33:952	insp.	12,49	22,91	202,80
07:11:33:962	insp.	12,50	22,19	205,80
07:11:33:972	insp.	12,52	21,47	208,60
07:11:33:982	insp.	12,56	20,80	211,40
07:11:33:991	insp.	12,58	20,12	214,10
07:11:34:001	insp.	12,63	19,43	216,60
07:11:34:012	insp.	12,69	18,74	219,00
07:11:34:022	insp.	12,75	18,02	221,30
07:11:34:032	insp.	12,80	17,30	223,40
07:11:34:042	maintien de la pause insp.	12,88	16,56	223,40
07:11:34:052	maintien de la pause insp.	12,94	15,82	223,40
07:11:34:062	maintien de la pause insp.	12,73	15,08	223,40
07:11:34:072	maintien de la pause insp.	12,31	14,30	223,40
07:11:34:082	maintien de la pause insp.	12,31	13,51	223,40
07:11:34:091	maintien de la pause insp.	12,62	12,67	223,40
07:11:34:101	maintien de la pause insp.	12,99	11,67	223,40
07:11:34:112	maintien de la pause insp.	13,32	10,44	223,40
07:11:34:123	maintien de la pause insp.	13,54	8,98	223,40
07:11:34:132	maintien de la pause insp.	13,53	7,31	223,40
07:11:34:142	maintien de la pause insp.	13,36	5,56	223,40
07:11:34:151	maintien de la pause insp.	13,20	3,90	223,40
07:11:34:162	maintien de la pause insp.	13,12	2,51	223,40
07:11:34:172	maintien de la pause insp.	13,12	1,46	223,40
07:11:34:182	maintien de la pause insp.	13,24	0,62	223,40
07:11:34:192	maintien de la pause insp.	13,42	-0,06	223,40
07:11:34:202	maintien de la pause insp.	13,58	-0,56	223,40
07:11:34:212	maintien de la pause insp.	13,68	-0,89	223,40
07:11:34:221	maintien de la pause insp.	13,70	-1,03	223,40
07:11:34:232	maintien de la pause insp.	13,70	-0,94	223,40
07:11:34:241	maintien de la pause insp.	13,66	-0,69	223,40
07:11:34:252	maintien de la pause insp.	13,62	-0,38	223,40
07:11:34:262	maintien de la pause insp.	13,64	-0,20	223,40
07:11:34:271	maintien de la pause insp.	13,71	-0,17	223,40
07:11:34:281	maintien de la pause insp.	13,82	-0,26	223,40
07:11:34:291	maintien de la pause insp.	13,94	-0,41	223,40
07:11:34:301	maintien de la pause insp.	14,05	-0,56	223,40
07:11:34:312	maintien de la pause insp.	14,13	-0,64	223,40
07:11:34:323	maintien de la pause insp.	14,19	-0,62	223,40
07:11:34:332	maintien de la pause insp.	14,24	-0,56	223,40
07:11:34:342	maintien de la pause insp.	14,28	-0,51	223,40
07:11:34:352	maintien de la pause insp.	14,32	-0,48	223,40
07:11:34:362	maintien de la pause insp.	14,35	-0,50	223,40
07:11:34:372	maintien de la pause insp.	14,38	-0,56	223,40
07:11:34:382	maintien de la pause insp.	14,39	-0,65	223,40
07:11:34:392	maintien de la pause insp.	14,39	-0,73	223,40
07:11:34:401	maintien de la pause insp.	14,38	-0,74	223,40
07:11:34:412	maintien de la pause insp.	14,33	-0,71	223,40
07:11:34:422	maintien de la pause insp.	14,28	-0,62	223,40
07:11:34:432	maintien de la pause insp.	14,22	-0,49	223,40
07:11:34:442	maintien de la pause insp.	14,16	-0,35	223,40
07:11:34:451	maintien de la pause insp.	14,12	-0,21	223,40
07:11:34:462	maintien de la pause insp.	14,10	-0,08	223,40
07:11:34:472	maintien de la pause insp.	14,10	0,02	223,40
07:11:34:482	maintien de la pause insp.	14,12	0,11	223,40
07:11:34:492	maintien de la pause insp.	14,15	0,19	223,40
07:11:34:502	maintien de la pause insp.	14,17	0,24	223,40
07:11:34:512	maintien de la pause insp.	14,17	0,26	223,40
07:11:34:522	maintien de la pause insp.	14,16	0,26	223,40
07:11:34:532	maintien de la pause insp.	14,15	0,23	223,40
07:11:34:541	maintien de la pause insp.	14,14	0,19	223,40
07:11:34:552	maintien de la pause insp.	14,14	0,14	223,40
07:11:34:562	maintien de la pause insp.	14,15	0,09	223,40
07:11:34:571	maintien de la pause insp.	14,16	0,04	223,40
07:11:34:581	maintien de la pause insp.	14,20	0,00	223,40
07:11:34:591	maintien de la pause insp.	14,24	-0,04	223,40
07:11:34:602	maintien de la pause insp.	14,29	-0,06	223,40
07:11:34:612	maintien de la pause insp.	14,35	-0,07	223,40
07:11:34:622	maintien de la pause insp.	14,39	-0,08	223,40
07:11:34:632	maintien de la pause insp.	14,41	-0,10	223,40
07:11:34:641	maintien de la pause insp.	14,42	-0,14	223,40
07:11:34:652	maintien de la pause insp.	14,41	-0,19	223,40
07:11:34:662	maintien de la pause insp.	14,39	-0,23	223,40
07:11:34:672	maintien de la pause insp.	14,35	-0,28	223,40
07:11:34:681	maintien de la pause insp.	14,29	-0,29	223,40
07:11:34:692	maintien de la pause insp.	14,24	-0,28	223,40
07:11:34:701	maintien de la pause insp.	14,19	-0,24	223,40
07:11:34:712	maintien de la pause insp.	14,16	-0,18	223,40
07:11:34:722	maintien de la pause insp.	14,16	-0,09	223,40
07:11:34:732	maintien de la pause insp.	14,19	0,01	223,40
07:11:34:741	maintien de la pause insp.	14,23	0,12	223,40
07:11:34:751	maintien de la pause insp.	14,26	0,20	223,40
07:11:34:761	maintien de la pause insp.	14,29	0,25	223,40
07:11:34:772	maintien de la pause insp.	14,30	0,25	223,40
07:11:34:782	maintien de la pause insp.	14,30	0,21	223,40
07:11:34:791	maintien de la pause insp.	14,28	0,16	223,40
07:11:34:801	maintien de la pause insp.	14,26	0,10	223,40
07:11:34:812	maintien de la pause insp.	14,27	0,05	223,40
07:11:34:822	maintien de la pause insp.	14,29	0,01	223,40
07:11:34:832	maintien de la pause insp.	14,34	-0,03	223,40
07:11:34:842	maintien de la pause insp.	14,40	-0,07	223,40
07:11:34:852	maintien de la pause insp.	14,47	-0,09	223,40
07:11:34:862	maintien de la pause insp.	14,55	-0,11	223,40
07:11:34:871	maintien de la pause insp.	14,61	-0,13	223,40
07:11:34:882	maintien de la pause insp.	14,68	-0,16	223,40
07:11:34:892	maintien de la pause insp.	14,73	-0,19	223,40
07:11:34:902	maintien de la pause insp.	14,80	-0,23	223,40
07:11:34:912	maintien de la pause insp.	14,84	-0,29	223,40
07:11:34:922	maintien de la pause insp.	14,88	-0,37	223,40
07:11:34:932	maintien de la pause insp.	14,89	-0,45	223,40
07:11:34:942	maintien de la pause insp.	14,88	-0,53	223,40
07:11:34:952	maintien de la pause insp.	14,86	-0,58	223,40
07:11:34:962	maintien de la pause insp.	14,81	-0,58	223,40
07:11:34:972	maintien de la pause insp.	14,76	-0,55	223,40
07:11:34:982	maintien de la pause insp.	14,71	-0,47	223,40
07:11:34:991	maintien de la pause insp.	14,65	-0,37	223,40
07:11:35:001	maintien de la pause insp.	14,60	-0,25	223,40
07:11:35:012	maintien de la pause insp.	14,55	-0,12	223,40
07:11:35:022	maintien de la pause insp.	14,53	0,00	223,40
07:11:35:032	exp.	14,53	0,13	223,40
07:11:35:042	exp.	14,53	0,24	223,50
07:11:35:051	exp.	14,53	0,32	223,50
07:11:35:061	exp.	14,55	0,37	223,50
07:11:35:072	exp.	13,79	0,52	223,10
07:11:35:082	exp.	11,88	0,49	222,40
07:11:35:092	exp.	10,37	0,27	221,30
07:11:35:102	exp.	9,73	-0,11	219,50
07:11:35:112	exp.	9,45	-0,86	216,60
07:11:35:122	exp.	9,30	-2,22	212,70
07:11:35:132	exp.	9,39	-4,31	208,30
07:11:35:142	exp.	9,59	-7,03	203,20
07:11:35:151	exp.	9,66	-10,16	197,60
07:11:35:162	exp.	9,70	-13,73	191,90
07:11:35:172	exp.	9,74	-17,50	186,50
07:11:35:182	exp.	9,71	-20,89	181,20
07:11:35:192	exp.	9,66	-23,93	176,10
07:11:35:202	exp.	9,61	-26,69	171,20
07:11:35:212	exp.	9,53	-28,99	166,50
07:11:35:222	exp.	9,46	-30,55	161,80
07:11:35:232	exp.	9,39	-31,31	157,30
07:11:35:241	exp.	9,32	-31,39	152,90
07:11:35:251	exp.	9,24	-30,98	148,60
07:11:35:262	exp.	9,19	-30,06	144,40
07:11:35:271	exp.	9,16	-29,00	140,30
07:11:35:282	exp.	9,13	-28,07	136,30
07:11:35:292	exp.	9,13	-27,25	132,40
07:11:35:301	exp.	9,12	-26,49	128,70
07:11:35:312	exp.	9,12	-25,80	125,00
07:11:35:325	exp.	9,08	-25,16	121,40
07:11:35:332	exp.	9,05	-24,56	117,80
07:11:35:342	exp.	8,99	-23,96	114,40
07:11:35:352	exp.	8,94	-23,36	111,10
07:11:35:362	exp.	8,89	-22,76	107,80
07:11:35:372	exp.	8,87	-22,16	104,70
07:11:35:382	exp.	8,87	-21,59	101,60
07:11:35:391	exp.	8,87	-21,04	98,60
07:11:35:402	exp.	8,84	-20,53	95,60
07:11:35:412	exp.	8,83	-20,05	92,70
07:11:35:422	exp.	8,82	-19,59	89,80
07:11:35:432	exp.	8,80	-19,14	87,00
07:11:35:442	exp.	8,80	-18,70	84,20
07:11:35:451	exp.	8,81	-18,28	81,50
07:11:35:462	exp.	8,82	-17,89	78,80
07:11:35:472	exp.	8,85	-17,54	76,10
07:11:35:482	exp.	8,86	-17,23	73,40
07:11:35:492	exp.	8,84	-16,97	70,80
07:11:35:502	exp.	8,81	-16,75	68,10
07:11:35:512	exp.	8,80	-16,54	65,50
07:11:35:522	exp.	8,79	-16,34	62,90
07:11:35:532	exp.	8,77	-16,16	60,40
07:11:35:541	exp.	8,74	-16,00	57,90
07:11:35:551	exp.	8,70	-15,86	55,40
07:11:35:561	exp.	8,67	-15,74	52,90
07:11:35:572	exp.	8,65	-15,63	50,50
07:11:35:582	exp.	8,65	-15,50	48,10
07:11:35:591	exp.	8,64	-15,33	45,80
07:11:35:601	exp.	8,64	-15,13	43,50
07:11:35:612	exp.	8,64	-14,92	41,20
07:11:35:622	exp.	8,64	-14,70	39,10
07:11:35:632	exp.	8,62	-14,47	36,90
07:11:35:642	exp.	8,60	-14,23	34,80
07:11:35:651	exp.	8,59	-13,97	32,70
07:11:35:661	exp.	8,61	-13,72	30,60
07:11:35:672	exp.	8,63	-13,46	28,60
07:11:35:682	exp.	8,63	-13,22	26,50
07:11:35:692	exp.	8,63	-13,00	24,50
07:11:35:702	exp.	8,63	-12,81	22,50
07:11:35:712	exp.	8,64	-12,64	20,50
07:11:35:723	exp.	8,66	-12,47	18,60
07:11:35:732	exp.	8,68	-12,33	16,60
07:11:35:741	exp.	8,69	-12,20	14,60
07:11:35:751	exp.	8,69	-12,10	12,70
07:11:35:762	exp.	8,69	-12,01	10,70
07:11:35:772	exp.	8,68	-11,94	8,80
07:11:35:782	exp.	8,67	-11,89	6,80
07:11:35:791	exp.	8,64	-11,84	4,90
07:11:35:801	exp.	8,59	-11,80	3,00
07:11:35:812	exp.	8,53	-11,75	1,10
07:11:35:821	exp.	8,48	-11,71	-0,70
07:11:35:832	exp.	8,46	-11,63	-2,40
07:11:35:842	exp.	8,46	-11,53	-4,20
07:11:35:852	exp.	8,47	-11,39	-5,90
07:11:35:862	exp.	8,47	-11,23	-7,50
07:11:35:872	exp.	8,45	-11,06	-9,20
07:11:35:882	exp.	8,40	-10,89	-10,70
07:11:35:892	exp.	8,34	-10,70	-12,30
07:11:35:902	exp.	8,28	-10,48	-13,70
07:11:35:912	exp.	8,22	-10,22	-15,10
07:11:35:925	exp.	8,16	-9,93	-16,40
07:11:35:932	exp.	8,12	-9,62	-17,60
07:11:35:942	exp.	8,08	-9,29	-18,70
07:11:35:952	exp.	8,04	-8,95	-19,70
07:11:35:962	exp.	7,98	-8,57	-20,60
07:11:35:972	exp.	7,93	-8,14	-21,30
07:11:35:982	exp.	7,87	-7,65	-22,00
07:11:35:992	exp.	7,80	-7,10	-22,40
07:11:36:002	exp.	7,72	-6,49	-22,80
07:11:36:012	exp.	7,64	-5,83	-23,00
07:11:36:021	exp.	7,58	-5,12	-23,10
07:11:36:032	exp.	7,51	-4,39	-23,00
07:11:36:041	exp.	7,43	-3,64	-22,90
07:11:36:051	exp.	7,33	-2,90	-22,70
07:11:36:062	exp.	7,22	-2,17	-22,50
07:11:36:072	exp.	7,12	-1,45	-22,20
07:11:36:082	exp.	7,02	-0,77	-21,80
07:11:36:092	exp.	6,91	-0,11	-21,30
07:11:36:101	exp.	6,79	0,49	-20,90
07:11:36:112	exp.	6,66	1,01	-20,40
07:11:36:123	exp.	6,52	1,46	-19,90
07:11:36:132	exp.	6,40	1,83	-19,30
07:11:36:142	exp.	6,28	2,14	-18,80
07:11:36:151	exp.	6,19	2,43	-18,20
07:11:36:162	exp.	6,11	2,67	-17,70
07:11:36:172	exp.	6,03	2,87	-17,20
07:11:36:183	insp.	5,93	3,01	0,50
07:11:36:192	insp.	5,86	3,09	1,00
07:11:36:201	insp.	5,76	3,13	1,50
07:11:36:212	insp.	6,17	3,10	2,10
07:11:36:222	insp.	7,98	3,07	2,90
07:11:36:232	insp.	9,60	3,09	3,90
07:11:36:242	insp.	9,51	3,08	5,60
07:11:36:251	insp.	8,84	3,25	8,40
07:11:36:262	insp.	8,91	4,03	12,00
07:11:36:271	insp.	9,38	5,60	16,10
07:11:36:282	insp.	9,67	7,84	20,90
07:11:36:291	insp.	9,95	10,54	26,30
07:11:36:301	insp.	10,38	13,58	31,80
07:11:36:312	insp.	10,64	16,75	37,20
07:11:36:325	insp.	10,71	19,69	42,70
07:11:36:332	insp.	10,83	22,49	48,40
07:11:36:342	insp.	11,01	25,51	54,20
07:11:36:352	insp.	11,16	28,53	60,10
07:11:36:362	insp.	11,29	30,98	66,10
07:11:36:372	insp.	11,38	32,67	72,10
07:11:36:382	insp.	11,44	33,75	78,20
07:11:36:392	insp.	11,53	34,38	84,20
07:11:36:402	insp.	11,62	34,66	90,20
07:11:36:413	insp.	11,67	34,86	96,30
07:11:36:422	insp.	11,75	35,30	102,30
07:11:36:432	insp.	11,83	35,80	108,20
07:11:36:442	insp.	11,89	36,05	114,10
07:11:36:451	insp.	11,92	36,10	119,90
07:11:36:461	insp.	11,97	36,05	125,70
07:11:36:472	insp.	12,03	35,95	131,50
07:11:36:482	insp.	12,07	35,77	137,10
07:11:36:491	insp.	12,10	35,55	142,70
07:11:36:501	insp.	12,16	35,30	148,20
07:11:36:512	insp.	12,20	35,00	153,60
07:11:36:523	insp.	12,23	34,63	158,90
07:11:36:532	insp.	12,26	34,22	164,10
07:11:36:542	insp.	12,30	33,78	169,20
07:11:36:551	insp.	12,32	33,32	174,20
07:11:36:561	insp.	12,37	32,83	179,10
07:11:36:572	insp.	12,45	32,32	183,80
07:11:36:582	insp.	12,48	31,76	188,50
07:11:36:592	insp.	12,49	31,18	193,00
07:11:36:601	insp.	12,49	30,55	197,40
07:11:36:612	insp.	12,51	29,90	201,70
07:11:36:621	insp.	12,51	29,24	205,90
07:11:36:632	insp.	12,50	28,57	209,90
07:11:36:641	insp.	12,50	27,88	213,90
07:11:36:652	insp.	12,47	27,18	217,70
07:11:36:662	insp.	12,43	26,47	221,40
07:11:36:672	insp.	12,38	25,75	225,00
07:11:36:682	insp.	12,35	25,02	228,50
07:11:36:692	insp.	12,32	24,32	231,90
07:11:36:701	insp.	12,31	23,65	235,20
07:11:36:712	insp.	12,30	23,00	238,50
07:11:36:723	insp.	12,30	22,36	241,60
07:11:36:732	insp.	12,30	21,74	244,70
07:11:36:742	insp.	12,28	21,13	247,60
07:11:36:751	insp.	12,28	20,53	250,50
07:11:36:761	insp.	12,28	19,95	253,30
07:11:36:772	insp.	12,28	19,40	256,00
07:11:36:782	insp.	12,29	18,88	258,70
07:11:36:791	insp.	12,29	18,35	261,20
07:11:36:801	insp.	12,29	17,83	263,70
07:11:36:812	insp.	12,30	17,32	266,10
07:11:36:822	insp.	12,32	16,81	268,40
07:11:36:832	insp.	12,38	16,31	270,70
07:11:36:842	insp.	12,44	15,83	272,80
07:11:36:853	exp.	12,49	15,35	274,80
07:11:36:863	exp.	12,49	14,86	276,70
07:11:36:872	exp.	12,09	14,35	278,60
07:11:36:882	exp.	11,42	13,82	280,20
07:11:36:892	exp.	11,09	13,40	281,40
07:11:36:902	exp.	10,23	12,88	281,90
07:11:36:912	exp.	9,77	12,10	281,70
07:11:36:926	exp.	9,75	10,95	280,60
07:11:36:932	exp.	9,63	9,24	278,50
07:11:36:942	exp.	9,45	6,82	275,50
07:11:36:952	exp.	9,44	3,79	272,00
07:11:36:962	exp.	9,43	0,31	268,10
07:11:36:972	exp.	9,34	-3,30	264,00
07:11:36:982	exp.	9,27	-7,03	259,90
07:11:36:991	exp.	9,25	-10,82	255,90
07:11:37:002	exp.	9,21	-14,31	252,00
07:11:37:012	exp.	9,18	-17,39	248,20
07:11:37:022	exp.	9,18	-20,00	244,60
07:11:37:032	exp.	9,18	-21,92	241,00
07:11:37:041	exp.	9,17	-23,03	237,50
07:11:37:052	exp.	9,16	-23,44	234,00
07:11:37:062	exp.	9,16	-23,30	230,60
07:11:37:072	exp.	9,16	-22,94	227,20
07:11:37:082	exp.	9,19	-22,37	223,90
07:11:37:092	exp.	9,21	-21,76	220,60
07:11:37:101	exp.	9,22	-21,29	217,30
07:11:37:112	exp.	9,23	-20,90	214,00
07:11:37:123	exp.	9,24	-20,57	210,80
07:11:37:132	exp.	9,25	-20,32	207,50
07:11:37:142	exp.	9,26	-20,13	204,20
07:11:37:151	exp.	9,25	-19,97	200,90
07:11:37:162	exp.	9,22	-19,85	197,60
07:11:37:172	exp.	9,19	-19,77	194,30
07:11:37:182	exp.	9,16	-19,72	191,10
07:11:37:191	exp.	9,15	-19,70	187,80
07:11:37:202	exp.	9,13	-19,69	184,50
07:11:37:212	exp.	9,10	-19,69	181,20
07:11:37:222	exp.	9,05	-19,69	178,00
07:11:37:232	exp.	9,02	-19,69	174,80
07:11:37:241	exp.	8,99	-19,68	171,60
07:11:37:251	exp.	8,95	-19,64	168,50
07:11:37:262	exp.	8,94	-19,57	165,40
07:11:37:272	exp.	8,92	-19,46	162,30
07:11:37:282	exp.	8,90	-19,31	159,40
07:11:37:292	exp.	8,88	-19,15	156,40
07:11:37:301	exp.	8,88	-18,96	153,50
07:11:37:312	exp.	8,87	-18,74	150,70
07:11:37:325	exp.	8,84	-18,50	147,90
07:11:37:332	exp.	8,82	-18,22	145,20
07:11:37:342	exp.	8,81	-17,93	142,50
07:11:37:352	exp.	8,81	-17,62	139,80
07:11:37:362	exp.	8,80	-17,32	137,20
07:11:37:372	exp.	8,78	-17,03	134,60
07:11:37:382	exp.	8,75	-16,75	132,00
07:11:37:392	exp.	8,76	-16,49	129,50
07:11:37:401	exp.	8,77	-16,24	127,00
07:11:37:413	exp.	8,80	-16,00	124,50
07:11:37:422	exp.	8,80	-15,78	122,00
07:11:37:432	exp.	8,78	-15,59	119,60
07:11:37:442	exp.	8,75	-15,41	117,10
07:11:37:451	exp.	8,72	-15,26	114,70
07:11:37:462	exp.	8,70	-15,11	112,40
07:11:37:472	exp.	8,68	-14,96	110,00
07:11:37:482	exp.	8,65	-14,81	107,70
07:11:37:491	exp.	8,61	-14,67	105,50
07:11:37:502	exp.	8,57	-14,53	103,20
07:11:37:512	exp.	8,55	-14,38	101,00
07:11:37:523	exp.	8,55	-14,20	98,90
07:11:37:532	exp.	8,55	-14,00	96,90
07:11:37:541	exp.	8,56	-13,76	94,80
07:11:37:551	exp.	8,56	-13,51	92,90
07:11:37:562	exp.	8,54	-13,26	90,90
07:11:37:572	exp.	8,51	-13,01	89,10
07:11:37:582	exp.	8,48	-12,75	87,20
07:11:37:591	exp.	8,46	-12,47	85,40
07:11:37:601	exp.	8,46	-12,17	83,70
07:11:37:612	exp.	8,46	-11,85	82,00
07:11:37:621	exp.	8,46	-11,53	80,40
07:11:37:632	exp.	8,46	-11,24	78,70
07:11:37:642	exp.	8,47	-10,97	77,10
07:11:37:652	exp.	8,49	-10,73	75,50
07:11:37:662	exp.	8,51	-10,49	74,00
07:11:37:672	exp.	8,54	-10,25	72,40
07:11:37:682	exp.	8,56	-10,04	70,80
07:11:37:691	exp.	8,59	-9,85	69,30
07:11:37:702	exp.	8,62	-9,70	67,70
07:11:37:712	exp.	8,64	-9,60	66,10
07:11:37:723	exp.	8,66	-9,53	64,50
07:11:37:732	exp.	8,65	-9,49	62,90
07:11:37:741	exp.	8,64	-9,47	61,30
07:11:37:751	exp.	8,64	-9,47	59,70
07:11:37:762	exp.	8,64	-9,49	58,00
07:11:37:772	exp.	8,64	-9,53	56,40
07:11:37:782	exp.	8,62	-9,58	54,70
07:11:37:791	exp.	8,59	-9,65	53,10
07:11:37:801	exp.	8,54	-9,71	51,40
07:11:37:812	exp.	8,50	-9,76	49,80
07:11:37:821	exp.	8,48	-9,80	48,20
07:11:37:832	exp.	8,48	-9,82	46,60
07:11:37:842	exp.	8,50	-9,81	45,00
07:11:37:852	exp.	8,52	-9,79	43,50
07:11:37:862	exp.	8,52	-9,75	41,90
07:11:37:872	exp.	8,52	-9,71	40,30
07:11:37:882	exp.	8,51	-9,65	38,80
07:11:37:892	exp.	8,49	-9,59	37,30
07:11:37:902	exp.	8,49	-9,52	35,80
07:11:37:912	exp.	8,48	-9,44	34,30
07:11:37:924	exp.	8,48	-9,35	32,80
07:11:37:932	exp.	8,46	-9,28	31,30
07:11:37:942	exp.	8,46	-9,22	29,80
07:11:37:952	exp.	8,47	-9,16	28,40
07:11:37:962	exp.	8,51	-9,08	26,90
07:11:37:972	exp.	8,55	-9,01	25,50
07:11:37:982	exp.	8,56	-8,93	24,10
07:11:37:992	exp.	8,55	-8,86	22,60
07:11:38:002	exp.	8,54	-8,81	21,20
07:11:38:012	exp.	8,52	-8,78	19,80
07:11:38:021	exp.	8,50	-8,74	18,40
07:11:38:032	exp.	8,48	-8,69	17,00
07:11:38:041	exp.	8,42	-8,62	15,70
07:11:38:051	exp.	8,35	-8,56	14,40
07:11:38:062	exp.	8,30	-8,49	13,10
07:11:38:072	exp.	8,28	-8,41	11,90
07:11:38:082	exp.	8,27	-8,30	10,70
07:11:38:092	exp.	8,27	-8,15	9,60
07:11:38:101	exp.	8,25	-7,95	8,50
07:11:38:112	exp.	8,22	-7,73	7,50
07:11:38:122	exp.	8,17	-7,49	6,60
07:11:38:132	exp.	8,11	-7,24	5,70
07:11:38:142	exp.	8,06	-6,98	4,90
07:11:38:151	exp.	8,01	-6,68	4,20
07:11:38:162	exp.	7,94	-6,34	3,60
07:11:38:172	exp.	7,86	-5,98	3,10
07:11:38:182	exp.	7,75	-5,57	2,70
07:11:38:191	exp.	7,64	-5,12	2,50
07:11:38:201	exp.	7,54	-4,61	2,40
07:11:38:212	exp.	7,44	-4,05	2,40
07:11:38:222	exp.	7,34	-3,43	2,60
07:11:38:232	exp.	7,23	-2,77	2,80
07:11:38:241	exp.	7,11	-2,09	3,10
07:11:38:251	exp.	6,98	-1,40	3,50
07:11:38:262	exp.	6,89	-0,71	3,90
07:11:38:272	exp.	6,80	-0,04	4,40
07:11:38:282	exp.	6,71	0,59	4,90
07:11:38:292	exp.	6,62	1,16	5,40
07:11:38:301	exp.	6,53	1,64	5,90
07:11:38:312	exp.	6,46	2,03	6,40
07:11:38:322	exp.	6,38	2,33	6,90
07:11:38:332	exp.	6,28	2,57	7,30
07:11:38:342	exp.	6,15	2,74	7,90
07:11:38:352	exp.	6,02	2,86	8,40
07:11:38:363	insp.	5,86	2,94	0,50	Pression
07:11:38:372	insp.	5,72	2,99	1,10
07:11:38:382	insp.	5,70	3,02	1,70
07:11:38:392	insp.	6,88	3,01	2,50
07:11:38:402	insp.	9,08	3,08	3,40
07:11:38:412	insp.	9,91	3,16	4,80
07:11:38:422	insp.	9,20	3,26	7,20
07:11:38:432	insp.	8,81	3,77	10,50
07:11:38:442	insp.	9,18	5,06	14,60
07:11:38:452	insp.	9,46	7,10	19,20
07:11:38:462	insp.	9,64	9,71	24,60
07:11:38:472	insp.	10,07	12,73	30,30
07:11:38:482	insp.	10,48	15,99	36,00
07:11:38:492	insp.	10,61	19,15	41,50
07:11:38:501	insp.	10,69	22,00	47,30
07:11:38:512	insp.	10,93	24,94	53,30
07:11:38:522	insp.	11,17	28,11	59,30
07:11:38:532	insp.	11,37	30,97	65,30
07:11:38:542	insp.	11,52	33,05	71,50
07:11:38:551	insp.	11,64	34,42	77,70
07:11:38:562	insp.	11,73	35,23	83,80
07:11:38:572	insp.	11,84	35,57	89,80
07:11:38:582	insp.	11,88	35,64	95,90
07:11:38:592	insp.	11,92	35,84	101,90
07:11:38:602	insp.	11,97	36,27	107,90
07:11:38:612	insp.	12,00	36,56	113,80
07:11:38:621	insp.	11,98	36,56	119,70
07:11:38:632	insp.	12,02	36,43	125,40
07:11:38:641	insp.	12,06	36,25	131,10
07:11:38:652	insp.	12,09	35,98	136,70
07:11:38:662	insp.	12,11	35,66	142,30
07:11:38:672	insp.	12,15	35,35	147,70
07:11:38:682	insp.	12,19	34,99	153,10
07:11:38:692	insp.	12,22	34,57	158,30
07:11:38:701	insp.	12,23	34,09	163,50
07:11:38:712	insp.	12,24	33,60	168,50
07:11:38:723	insp.	12,24	33,09	173,50
07:11:38:732	insp.	12,26	32,57	178,30
07:11:38:741	insp.	12,30	32,03	183,10
07:11:38:751	insp.	12,31	31,49	187,80
07:11:38:762	insp.	12,33	30,94	192,40
07:11:38:772	insp.	12,36	30,37	196,80
07:11:38:782	insp.	12,39	29,77	201,20
07:11:38:791	insp.	12,41	29,18	205,40
07:11:38:802	insp.	12,43	28,58	209,60
07:11:38:812	insp.	12,47	27,98	213,60
07:11:38:821	insp.	12,50	27,37	217,50
07:11:38:832	insp.	12,50	26,75	221,30
07:11:38:842	insp.	12,49	26,10	224,90
07:11:38:852	insp.	12,49	25,44	228,50
07:11:38:862	insp.	12,49	24,77	232,00
07:11:38:872	insp.	12,49	24,11	235,30
07:11:38:882	insp.	12,48	23,44	238,60
07:11:38:892	insp.	12,46	22,76	241,70
07:11:38:902	insp.	12,42	22,10	244,70
07:11:38:912	insp.	12,38	21,42	247,70
07:11:38:927	insp.	12,36	20,75	250,50
07:11:38:932	insp.	12,35	20,10	253,20
07:11:38:942	insp.	12,35	19,48	255,90
07:11:38:952	insp.	12,35	18,86	258,50
07:11:38:962	insp.	12,34	18,26	260,90
07:11:38:972	insp.	12,36	17,66	263,30
07:11:38:982	insp.	12,38	17,07	265,60
07:11:38:991	insp.	12,37	16,49	267,80
07:11:39:001	insp.	12,37	15,92	269,90
07:11:39:012	maintien de la pause insp.	12,38	15,37	269,90
07:11:39:022	maintien de la pause insp.	12,39	14,84	269,90
07:11:39:032	maintien de la pause insp.	12,39	14,29	269,90
07:11:39:041	maintien de la pause insp.	11,95	13,77	269,90
07:11:39:051	maintien de la pause insp.	11,46	13,24	269,90
07:11:39:062	maintien de la pause insp.	11,44	12,74	269,90
07:11:39:072	maintien de la pause insp.	11,69	12,22	269,90
07:11:39:082	maintien de la pause insp.	12,03	11,51	269,90
07:11:39:092	maintien de la pause insp.	12,35	10,55	269,90
07:11:39:101	maintien de la pause insp.	12,53	9,29	269,90
07:11:39:112	maintien de la pause insp.	12,47	7,75	269,90
07:11:39:123	maintien de la pause insp.	12,24	6,10	269,90
07:11:39:132	maintien de la pause insp.	12,04	4,50	269,90
07:11:39:141	maintien de la pause insp.	11,91	3,16	269,90
07:11:39:151	maintien de la pause insp.	11,83	2,10	269,90
07:11:39:162	maintien de la pause insp.	11,82	1,21	269,90
07:11:39:172	maintien de la pause insp.	11,86	0,47	269,90
07:11:39:182	maintien de la pause insp.	11,89	-0,07	269,90
07:11:39:192	maintien de la pause insp.	11,87	-0,40	269,90
07:11:39:202	maintien de la pause insp.	11,84	-0,49	269,90
07:11:39:212	maintien de la pause insp.	11,79	-0,28	269,90
07:11:39:221	maintien de la pause insp.	11,74	0,10	269,90
07:11:39:232	maintien de la pause insp.	11,71	0,50	269,90
07:11:39:241	maintien de la pause insp.	11,71	0,72	269,90
07:11:39:251	maintien de la pause insp.	11,71	0,74	269,90
07:11:39:262	maintien de la pause insp.	11,69	0,61	269,90
07:11:39:271	maintien de la pause insp.	11,69	0,40	269,90
07:11:39:281	maintien de la pause insp.	11,68	0,21	269,90
07:11:39:292	maintien de la pause insp.	11,66	0,12	269,90
07:11:39:301	maintien de la pause insp.	11,65	0,13	269,90
07:11:39:312	maintien de la pause insp.	11,65	0,17	269,90
07:11:39:322	maintien de la pause insp.	11,68	0,22	269,90
07:11:39:332	maintien de la pause insp.	11,72	0,25	269,90
07:11:39:342	maintien de la pause insp.	11,77	0,23	269,90
07:11:39:352	maintien de la pause insp.	11,83	0,17	269,90
07:11:39:362	maintien de la pause insp.	11,89	0,10	269,90
07:11:39:371	maintien de la pause insp.	11,94	0,04	269,90
07:11:39:382	maintien de la pause insp.	11,98	-0,04	269,90
07:11:39:392	maintien de la pause insp.	11,99	-0,10	269,90
07:11:39:401	maintien de la pause insp.	11,98	-0,17	269,90
07:11:39:412	maintien de la pause insp.	11,95	-0,22	269,90
07:11:39:422	maintien de la pause insp.	11,93	-0,26	269,90
07:11:39:432	maintien de la pause insp.	11,91	-0,29	269,90
07:11:39:442	maintien de la pause insp.	11,92	-0,28	269,90
07:11:39:451	maintien de la pause insp.	11,93	-0,25	269,90
07:11:39:462	maintien de la pause insp.	11,93	-0,21	269,90
07:11:39:472	maintien de la pause insp.	11,91	-0,16	269,90
07:11:39:482	maintien de la pause insp.	11,90	-0,11	269,90
07:11:39:492	maintien de la pause insp.	11,90	-0,05	269,90
07:11:39:502	maintien de la pause insp.	11,93	0,02	269,90
07:11:39:512	maintien de la pause insp.	11,99	0,08	269,90
07:11:39:522	maintien de la pause insp.	12,08	0,13	269,90
07:11:39:532	maintien de la pause insp.	12,18	0,13	269,90
07:11:39:541	maintien de la pause insp.	12,26	0,08	269,90
07:11:39:552	maintien de la pause insp.	12,33	0,00	269,90
07:11:39:562	maintien de la pause insp.	12,40	-0,11	269,90
07:11:39:571	maintien de la pause insp.	12,47	-0,22	269,90
07:11:39:582	maintien de la pause insp.	12,53	-0,31	269,90
07:11:39:591	maintien de la pause insp.	12,60	-0,39	269,90
07:11:39:602	maintien de la pause insp.	12,68	-0,46	269,90
07:11:39:612	maintien de la pause insp.	12,77	-0,53	269,90
07:11:39:621	maintien de la pause insp.	12,87	-0,61	269,90
07:11:39:632	maintien de la pause insp.	13,00	-0,67	269,90
07:11:39:641	maintien de la pause insp.	13,11	-0,72	269,90
07:11:39:652	maintien de la pause insp.	13,21	-0,76	269,90
07:11:39:662	maintien de la pause insp.	13,28	-0,79	269,90
07:11:39:672	maintien de la pause insp.	13,33	-0,80	269,90
07:11:39:682	maintien de la pause insp.	13,38	-0,83	269,90
07:11:39:691	maintien de la pause insp.	13,42	-0,85	269,90
07:11:39:701	maintien de la pause insp.	13,46	-0,86	269,90
07:11:39:712	maintien de la pause insp.	13,48	-0,86	269,90
07:11:39:723	maintien de la pause insp.	13,49	-0,84	269,90
07:11:39:732	maintien de la pause insp.	13,48	-0,81	269,90
07:11:39:741	maintien de la pause insp.	13,46	-0,76	269,90
07:11:39:751	maintien de la pause insp.	13,47	-0,68	269,90
07:11:39:762	maintien de la pause insp.	13,50	-0,58	269,90
07:11:39:772	maintien de la pause insp.	13,53	-0,46	269,90
07:11:39:782	maintien de la pause insp.	13,59	-0,34	269,90
07:11:39:791	maintien de la pause insp.	13,64	-0,25	269,90
07:11:39:801	maintien de la pause insp.	13,68	-0,19	269,90
07:11:39:812	maintien de la pause insp.	13,71	-0,18	269,90
07:11:39:821	maintien de la pause insp.	13,72	-0,19	269,90
07:11:39:832	maintien de la pause insp.	13,73	-0,20	269,90
07:11:39:842	maintien de la pause insp.	13,74	-0,22	269,90
07:11:39:852	maintien de la pause insp.	13,75	-0,23	269,90
07:11:39:862	maintien de la pause insp.	13,77	-0,25	269,90
07:11:39:871	maintien de la pause insp.	13,82	-0,26	269,90
07:11:39:882	maintien de la pause insp.	13,88	-0,28	269,90
07:11:39:892	maintien de la pause insp.	13,94	-0,28	269,90
07:11:39:902	maintien de la pause insp.	14,00	-0,28	269,90
07:11:39:912	maintien de la pause insp.	14,06	-0,29	269,90
07:11:39:922	maintien de la pause insp.	14,10	-0,29	269,90
07:11:39:932	maintien de la pause insp.	14,16	-0,31	269,90
07:11:39:942	maintien de la pause insp.	14,19	-0,32	269,90
07:11:39:952	maintien de la pause insp.	14,21	-0,35	269,90
07:11:39:962	maintien de la pause insp.	14,21	-0,39	269,90
07:11:39:972	maintien de la pause insp.	14,18	-0,43	269,90
07:11:39:982	maintien de la pause insp.	14,15	-0,46	269,90
07:11:39:991	maintien de la pause insp.	14,11	-0,46	269,90
07:11:40:001	maintien de la pause insp.	14,08	-0,43	269,90
07:11:40:012	maintien de la pause insp.	14,02	-0,37	269,90
07:11:40:022	maintien de la pause insp.	13,97	-0,28	269,90
07:11:40:031	maintien de la pause insp.	13,90	-0,17	269,90
07:11:40:041	maintien de la pause insp.	13,85	-0,07	269,90
07:11:40:051	maintien de la pause insp.	13,82	0,05	269,90
07:11:40:062	maintien de la pause insp.	13,81	0,17	269,90
07:11:40:071	maintien de la pause insp.	13,83	0,27	269,90
07:11:40:082	maintien de la pause insp.	13,86	0,35	269,90
07:11:40:092	maintien de la pause insp.	13,89	0,40	269,90
07:11:40:101	maintien de la pause insp.	13,91	0,40	269,90
07:11:40:112	maintien de la pause insp.	13,92	0,36	269,90
07:11:40:123	maintien de la pause insp.	13,92	0,29	269,90
07:11:40:132	maintien de la pause insp.	13,91	0,22	269,90
07:11:40:142	maintien de la pause insp.	13,92	0,16	269,90
07:11:40:151	maintien de la pause insp.	13,95	0,10	269,90
07:11:40:161	maintien de la pause insp.	13,98	0,05	269,90
07:11:40:172	maintien de la pause insp.	14,04	-0,01	269,90
07:11:40:182	maintien de la pause insp.	14,09	-0,07	269,90
07:11:40:192	maintien de la pause insp.	14,16	-0,11	269,90
07:11:40:202	maintien de la pause insp.	14,23	-0,16	269,90
07:11:40:212	maintien de la pause insp.	14,28	-0,19	269,90
07:11:40:222	maintien de la pause insp.	14,30	-0,22	269,90
07:11:40:232	maintien de la pause insp.	14,31	-0,26	269,90
07:11:40:241	maintien de la pause insp.	14,32	-0,30	269,90
07:11:40:251	maintien de la pause insp.	14,33	-0,34	269,90
07:11:40:262	maintien de la pause insp.	14,33	-0,38	269,90
07:11:40:271	maintien de la pause insp.	14,32	-0,40	269,90
07:11:40:282	maintien de la pause insp.	14,28	-0,40	269,90
07:11:40:292	maintien de la pause insp.	14,26	-0,37	269,90
07:11:40:301	maintien de la pause insp.	14,25	-0,32	269,90
07:11:40:312	maintien de la pause insp.	14,27	-0,25	269,90
07:11:40:321	maintien de la pause insp.	14,32	-0,16	269,90
07:11:40:332	maintien de la pause insp.	14,39	-0,07	269,90
07:11:40:342	maintien de la pause insp.	14,45	0,00	269,90
07:11:40:352	maintien de la pause insp.	14,51	0,03	269,90
07:11:40:362	maintien de la pause insp.	14,54	0,01	269,90
07:11:40:372	maintien de la pause insp.	14,58	-0,04	269,90
07:11:40:382	maintien de la pause insp.	14,61	-0,10	269,90
07:11:40:392	maintien de la pause insp.	14,65	-0,16	269,90
07:11:40:401	maintien de la pause insp.	14,71	-0,21	269,90
07:11:40:412	maintien de la pause insp.	14,78	-0,26	269,90
07:11:40:422	maintien de la pause insp.	14,87	-0,32	269,90
07:11:40:432	maintien de la pause insp.	14,96	-0,38	269,90
07:11:40:442	maintien de la pause insp.	15,05	-0,45	269,90
07:11:40:451	maintien de la pause insp.	15,12	-0,50	269,90
07:11:40:462	maintien de la pause insp.	15,21	-0,54	269,90
07:11:40:472	maintien de la pause insp.	15,29	-0,56	269,90
07:11:40:482	maintien de la pause insp.	15,38	-0,59	269,90
07:11:40:492	maintien de la pause insp.	15,48	-0,61	269,90
07:11:40:501	maintien de la pause insp.	15,59	-0,65	269,90
07:11:40:512	maintien de la pause insp.	15,66	-0,71	269,90
07:11:40:522	maintien de la pause insp.	15,72	-0,77	269,90
07:11:40:532	maintien de la pause insp.	15,74	-0,83	269,90
07:11:40:541	maintien de la pause insp.	15,74	-0,87	269,90
07:11:40:552	maintien de la pause insp.	15,72	-0,88	269,90
07:11:40:562	maintien de la pause insp.	15,68	-0,85	269,90
07:11:40:571	maintien de la pause insp.	15,64	-0,78	269,90
07:11:40:582	maintien de la pause insp.	15,58	-0,69	269,90
07:11:40:591	maintien de la pause insp.	15,55	-0,58	269,90
07:11:40:602	maintien de la pause insp.	15,53	-0,46	269,90
07:11:40:612	maintien de la pause insp.	15,54	-0,33	269,90
07:11:40:622	maintien de la pause insp.	15,56	-0,18	269,90
07:11:40:631	maintien de la pause insp.	15,60	-0,04	269,90
07:11:40:641	maintien de la pause insp.	15,63	0,07	269,90
07:11:40:652	maintien de la pause insp.	15,65	0,14	269,90
07:11:40:662	maintien de la pause insp.	15,66	0,17	269,90
07:11:40:672	maintien de la pause insp.	15,66	0,16	269,90
07:11:40:682	maintien de la pause insp.	15,67	0,11	269,90
07:11:40:692	maintien de la pause insp.	15,67	0,07	269,90
07:11:40:701	maintien de la pause insp.	15,67	0,01	269,90
07:11:40:712	maintien de la pause insp.	15,67	-0,04	269,90
07:11:40:723	maintien de la pause insp.	15,67	-0,09	269,90
07:11:40:732	maintien de la pause insp.	15,69	-0,13	269,90
07:11:40:741	maintien de la pause insp.	15,72	-0,14	269,90
07:11:40:751	maintien de la pause insp.	15,76	-0,13	269,90
07:11:40:762	maintien de la pause insp.	15,80	-0,11	269,90
07:11:40:772	maintien de la pause insp.	15,82	-0,09	269,90
07:11:40:782	maintien de la pause insp.	15,82	-0,09	269,90
07:11:40:791	maintien de la pause insp.	15,83	-0,10	269,90
07:11:40:801	maintien de la pause insp.	15,84	-0,13	269,90
07:11:40:812	maintien de la pause insp.	15,84	-0,15	269,90
07:11:40:821	maintien de la pause insp.	15,82	-0,16	269,90
07:11:40:832	maintien de la pause insp.	15,78	-0,17	269,90
07:11:40:842	maintien de la pause insp.	15,72	-0,18	269,90
07:11:40:852	maintien de la pause insp.	15,69	-0,16	269,90
07:11:40:862	maintien de la pause insp.	15,70	-0,13	269,90
07:11:40:871	maintien de la pause insp.	15,74	-0,07	269,90
07:11:40:882	maintien de la pause insp.	15,82	0,01	269,90
07:11:40:892	maintien de la pause insp.	15,91	0,08	269,90
07:11:40:901	maintien de la pause insp.	15,98	0,12	269,90
07:11:40:912	maintien de la pause insp.	16,05	0,10	269,90
07:11:40:922	maintien de la pause insp.	16,08	0,03	269,90
07:11:40:932	maintien de la pause insp.	16,09	-0,05	269,90
07:11:40:942	maintien de la pause insp.	16,09	-0,14	269,90
07:11:40:952	maintien de la pause insp.	16,08	-0,22	269,90
07:11:40:961	maintien de la pause insp.	16,07	-0,28	269,90
07:11:40:972	maintien de la pause insp.	16,07	-0,33	269,90
07:11:40:982	maintien de la pause insp.	16,10	-0,36	269,90
07:11:40:992	maintien de la pause insp.	16,14	-0,38	269,90
07:11:41:001	maintien de la pause insp.	16,19	-0,37	269,90
07:11:41:012	maintien de la pause insp.	16,24	-0,32	269,90
07:11:41:022	maintien de la pause insp.	16,30	-0,26	269,90
07:11:41:031	maintien de la pause insp.	16,37	-0,21	269,90
07:11:41:041	maintien de la pause insp.	16,44	-0,17	269,90
07:11:41:051	maintien de la pause insp.	16,51	-0,17	269,90
07:11:41:062	maintien de la pause insp.	16,56	-0,20	269,90
07:11:41:072	maintien de la pause insp.	16,59	-0,26	269,90
07:11:41:082	maintien de la pause insp.	16,60	-0,34	269,90
07:11:41:092	maintien de la pause insp.	16,60	-0,43	269,90
07:11:41:101	maintien de la pause insp.	16,57	-0,49	269,90
07:11:41:112	maintien de la pause insp.	16,54	-0,52	269,90
07:11:41:123	maintien de la pause insp.	16,48	-0,50	269,90
07:11:41:132	maintien de la pause insp.	16,42	-0,46	269,90
07:11:41:141	maintien de la pause insp.	16,37	-0,37	269,90
07:11:41:151	maintien de la pause insp.	16,34	-0,28	269,90
07:11:41:162	maintien de la pause insp.	16,33	-0,16	269,90
07:11:41:172	maintien de la pause insp.	16,35	-0,03	269,90
07:11:41:182	maintien de la pause insp.	16,39	0,10	269,90
07:11:41:191	maintien de la pause insp.	16,44	0,20	269,90
07:11:41:201	maintien de la pause insp.	16,49	0,26	269,90
07:11:41:212	maintien de la pause insp.	16,53	0,27	269,90
07:11:41:222	maintien de la pause insp.	16,57	0,23	269,90
07:11:41:232	maintien de la pause insp.	16,60	0,17	269,90
07:11:41:242	maintien de la pause insp.	16,63	0,09	269,90
07:11:41:251	maintien de la pause insp.	16,65	0,00	269,90
07:11:41:262	maintien de la pause insp.	16,68	-0,08	269,90
07:11:41:271	maintien de la pause insp.	16,72	-0,17	269,90
07:11:41:282	maintien de la pause insp.	16,78	-0,25	269,90
07:11:41:292	maintien de la pause insp.	16,84	-0,31	269,90
07:11:41:302	maintien de la pause insp.	16,91	-0,34	269,90
07:11:41:312	maintien de la pause insp.	16,96	-0,37	269,90
07:11:41:322	maintien de la pause insp.	16,99	-0,38	269,90
07:11:41:332	maintien de la pause insp.	17,00	-0,38	269,90
07:11:41:342	maintien de la pause insp.	16,99	-0,40	269,90
07:11:41:352	maintien de la pause insp.	16,98	-0,40	269,90
07:11:41:362	maintien de la pause insp.	16,96	-0,40	269,90
07:11:41:371	maintien de la pause insp.	16,92	-0,38	269,90
07:11:41:382	maintien de la pause insp.	16,86	-0,36	269,90
07:11:41:391	maintien de la pause insp.	16,78	-0,32	269,90
07:11:41:402	maintien de la pause insp.	16,73	-0,26	269,90
07:11:41:412	maintien de la pause insp.	16,71	-0,17	269,90
07:11:41:422	maintien de la pause insp.	16,74	-0,05	269,90
07:11:41:432	maintien de la pause insp.	16,79	0,08	269,90
07:11:41:442	maintien de la pause insp.	16,84	0,20	269,90
07:11:41:451	maintien de la pause insp.	16,87	0,27	269,90
07:11:41:462	maintien de la pause insp.	16,89	0,28	269,90
07:11:41:472	maintien de la pause insp.	16,89	0,24	269,90
07:11:41:482	maintien de la pause insp.	16,88	0,19	269,90
07:11:41:492	maintien de la pause insp.	16,86	0,13	269,90
07:11:41:501	maintien de la pause insp.	16,87	0,08	269,90
07:11:41:512	maintien de la pause insp.	16,89	0,04	269,90
07:11:41:522	maintien de la pause insp.	16,94	-0,01	269,90
07:11:41:532	maintien de la pause insp.	16,98	-0,07	269,90
07:11:41:542	maintien de la pause insp.	17,04	-0,13	269,90
07:11:41:551	maintien de la pause insp.	17,10	-0,17	269,90
07:11:41:561	maintien de la pause insp.	17,17	-0,18	269,90
07:11:41:571	maintien de la pause insp.	17,23	-0,19	269,90
07:11:41:582	maintien de la pause insp.	17,31	-0,19	269,90
07:11:41:592	maintien de la pause insp.	17,39	-0,20	269,90
07:11:41:602	maintien de la pause insp.	17,45	-0,25	269,90
07:11:41:612	maintien de la pause insp.	17,51	-0,32	269,90
07:11:41:621	maintien de la pause insp.	17,53	-0,42	269,90
07:11:41:632	maintien de la pause insp.	17,52	-0,50	269,90
07:11:41:641	maintien de la pause insp.	17,50	-0,57	269,90
07:11:41:652	maintien de la pause insp.	17,46	-0,60	269,90
07:11:41:662	maintien de la pause insp.	17,43	-0,58	269,90
07:11:41:672	maintien de la pause insp.	17,38	-0,52	269,90
07:11:41:682	maintien de la pause insp.	17,34	-0,44	269,90
07:11:41:692	maintien de la pause insp.	17,29	-0,34	269,90
07:11:41:701	maintien de la pause insp.	17,26	-0,23	269,90
07:11:41:712	maintien de la pause insp.	17,26	-0,11	269,90
07:11:41:723	maintien de la pause insp.	17,26	0,01	269,90
07:11:41:732	maintien de la pause insp.	17,30	0,13	269,90
07:11:41:741	maintien de la pause insp.	17,35	0,23	269,90
07:11:41:751	maintien de la pause insp.	17,39	0,28	269,90
07:11:41:762	maintien de la pause insp.	17,40	0,28	269,90
07:11:41:771	maintien de la pause insp.	17,41	0,24	269,90
07:11:41:782	maintien de la pause insp.	17,43	0,17	269,90
07:11:41:791	maintien de la pause insp.	17,44	0,10	269,90
07:11:41:801	maintien de la pause insp.	17,45	0,02	269,90
07:11:41:811	maintien de la pause insp.	17,47	-0,04	269,90
07:11:41:823	exp.	17,51	-0,08	269,90
07:11:41:832	exp.	17,51	-0,13	269,90
07:11:41:842	exp.	17,55	-0,19	269,80
07:11:41:852	exp.	17,38	-0,10	269,50
07:11:41:862	exp.	15,34	-0,04	268,70
07:11:41:872	exp.	12,58	-0,15	267,40
07:11:41:882	exp.	10,81	-0,48	265,30
07:11:41:892	exp.	9,84	-1,21	261,90
07:11:41:902	exp.	9,33	-2,65	257,10
07:11:41:912	exp.	9,24	-5,02	251,40
07:11:41:922	exp.	9,45	-8,32	244,70
07:11:41:932	exp.	9,71	-12,34	237,40
07:11:41:942	exp.	9,93	-16,93	229,90
07:11:41:952	exp.	10,14	-21,91	222,60
07:11:41:962	exp.	10,26	-26,66	215,60
07:11:41:972	exp.	10,29	-30,86	209,10
07:11:41:982	exp.	10,25	-34,52	202,90
07:11:41:991	exp.	10,15	-37,49	197,00
07:11:42:001	exp.	10,04	-39,56	191,40
07:11:42:012	exp.	9,96	-40,58	185,80
07:11:42:022	exp.	9,89	-40,58	180,30
07:11:42:032	exp.	9,83	-39,82	174,90
07:11:42:042	exp.	9,81	-38,44	169,60
07:11:42:052	exp.	9,81	-36,77	164,20
07:11:42:062	exp.	9,81	-35,29	158,90
07:11:42:071	exp.	9,78	-34,16	153,60
07:11:42:082	exp.	9,78	-33,34	148,40
07:11:42:092	exp.	9,75	-32,76	143,20
07:11:42:101	exp.	9,73	-32,36	138,10
07:11:42:112	exp.	9,70	-32,03	133,10
07:11:42:123	exp.	9,68	-31,75	128,10
07:11:42:132	exp.	9,65	-31,48	123,10
07:11:42:141	exp.	9,65	-31,21	118,20
07:11:42:151	exp.	9,63	-30,94	113,30
07:11:42:162	exp.	9,60	-30,66	108,50
07:11:42:172	exp.	9,58	-30,37	103,60
07:11:42:182	exp.	9,55	-30,10	98,90
07:11:42:192	exp.	9,54	-29,82	94,10
07:11:42:202	exp.	9,51	-29,56	89,40
07:11:42:212	exp.	9,48	-29,32	84,80
07:11:42:222	exp.	9,43	-29,09	80,20
07:11:42:232	exp.	9,38	-28,88	75,70
07:11:42:242	exp.	9,32	-28,66	71,20
07:11:42:252	exp.	9,27	-28,40	66,80
07:11:42:262	exp.	9,27	-28,12	62,50
07:11:42:271	exp.	9,27	-27,79	58,20
07:11:42:282	exp.	9,27	-27,43	54,00
07:11:42:292	exp.	9,25	-27,08	49,90
07:11:42:301	exp.	9,24	-26,71	45,90
07:11:42:312	exp.	9,21	-26,33	41,80
07:11:42:325	exp.	9,19	-25,95	37,90
07:11:42:332	exp.	9,16	-25,56	34,00
07:11:42:342	exp.	9,14	-25,18	30,10
07:11:42:352	exp.	9,12	-24,80	26,30
07:11:42:362	exp.	9,10	-24,44	22,50
07:11:42:372	exp.	9,06	-24,13	18,80
07:11:42:382	exp.	9,03	-23,81	15,20
07:11:42:392	exp.	9,01	-23,50	11,60
07:11:42:402	exp.	9,00	-23,17	8,00
07:11:42:412	exp.	8,98	-22,85	4,50
07:11:42:422	exp.	8,93	-22,55	1,10
07:11:42:432	exp.	8,89	-22,25	-2,30
07:11:42:442	exp.	8,85	-21,95	-5,60
07:11:42:451	exp.	8,84	-21,64	-8,90
07:11:42:462	exp.	8,81	-21,30	-12,00
07:11:42:472	exp.	8,75	-20,94	-15,10
07:11:42:482	exp.	8,67	-20,56	-18,10
07:11:42:492	exp.	8,63	-20,18	-21,00
07:11:42:501	exp.	8,61	-19,78	-23,80
07:11:42:512	exp.	8,59	-19,36	-26,50
07:11:42:523	exp.	8,59	-18,89	-29,10
07:11:42:532	exp.	8,54	-18,40	-31,60
07:11:42:542	exp.	8,48	-17,89	-34,10
07:11:42:552	exp.	8,38	-17,36	-36,40
07:11:42:562	exp.	8,28	-16,84	-38,50
07:11:42:572	exp.	8,14	-16,28	-40,60
07:11:42:582	exp.	8,01	-15,67	-42,40
07:11:42:591	exp.	7,84	-15,03	-44,00
07:11:42:601	exp.	7,67	-14,31	-45,40
07:11:42:612	exp.	7,49	-13,53	-46,50
07:11:42:622	exp.	7,31	-12,66	-47,30
07:11:42:631	exp.	7,07	-11,68	-47,80
07:11:42:641	exp.	6,71	-10,54	-47,90
07:11:42:651	exp.	6,28	-9,22	-47,60
07:11:42:664	insp.	5,87	-7,72	0,50	Pression
07:11:42:672	insp.	5,50	-6,07	1,30
07:11:42:682	insp.	5,20	-4,32	2,20
07:11:42:692	insp.	5,95	-2,59	3,40
07:11:42:702	insp.	8,20	-0,89	4,70
07:11:42:712	insp.	9,80	0,71	6,20
07:11:42:723	insp.	9,51	2,08	8,60
07:11:42:732	insp.	8,89	3,51	12,10
07:11:42:741	insp.	9,08	5,45	16,50
07:11:42:752	insp.	9,39	8,02	21,50
07:11:42:762	insp.	9,52	11,02	27,30
07:11:42:771	insp.	9,77	14,30	33,60
07:11:42:782	insp.	10,15	17,78	40,10
07:11:42:791	insp.	10,34	21,20	46,30
07:11:42:801	insp.	10,38	24,29	52,80
07:11:42:812	insp.	10,52	27,34	59,50
07:11:42:822	insp.	10,77	30,70	66,30
07:11:42:831	insp.	10,93	33,98	73,20
07:11:42:842	insp.	11,03	36,57	80,20
07:11:42:852	insp.	11,14	38,38	87,20
07:11:42:862	insp.	11,27	39,56	94,30
07:11:42:872	insp.	11,36	40,24	101,40
07:11:42:882	insp.	11,43	40,52	108,50
07:11:42:892	insp.	11,50	40,81	115,60
07:11:42:901	insp.	11,57	41,38	122,60
07:11:42:912	insp.	11,61	41,93	129,70
07:11:42:924	insp.	11,67	42,22	136,70
07:11:42:932	insp.	11,74	42,34	143,70
07:11:42:942	insp.	11,80	42,41	150,60
07:11:42:952	insp.	11,83	42,39	157,40
07:11:42:962	insp.	11,84	42,28	164,30
07:11:42:972	insp.	11,85	42,13	171,00
07:11:42:982	insp.	11,89	41,96	177,70
07:11:42:992	insp.	11,91	41,73	184,30
07:11:43:002	insp.	11,92	41,44	190,90
07:11:43:012	insp.	11,92	41,14	197,30
07:11:43:021	insp.	11,91	40,80	203,70
07:11:43:032	insp.	11,88	40,43	210,10
07:11:43:041	insp.	11,88	40,05	216,40
07:11:43:052	insp.	11,88	39,67	222,60
07:11:43:062	insp.	11,89	39,29	228,80
07:11:43:072	insp.	11,91	38,92	234,90
07:11:43:082	insp.	11,93	38,53	240,90
07:11:43:092	insp.	11,95	38,13	246,80
07:11:43:101	insp.	11,98	37,72	252,70
07:11:43:112	insp.	11,99	37,30	258,50
07:11:43:123	insp.	12,01	36,89	264,20
07:11:43:132	insp.	12,03	36,49	269,90
07:11:43:142	insp.	12,05	36,08	275,50
07:11:43:151	insp.	12,06	35,66	281,00
07:11:43:162	insp.	12,10	35,24	286,40
07:11:43:172	insp.	12,15	34,81	291,80
07:11:43:182	insp.	12,21	34,37	297,00
07:11:43:191	insp.	12,24	33,93	302,20
07:11:43:201	insp.	12,26	33,47	307,30
07:11:43:212	insp.	12,31	33,01	312,20
07:11:43:222	insp.	12,37	32,53	317,10
07:11:43:232	insp.	12,38	32,03	321,90
07:11:43:242	insp.	12,42	31,51	326,50
07:11:43:251	insp.	12,45	30,96	331,10
07:11:43:262	insp.	12,43	30,38	335,50
07:11:43:271	insp.	12,41	29,78	339,80
07:11:43:282	insp.	12,43	29,17	344,10
07:11:43:292	insp.	12,46	28,55	348,20
07:11:43:302	insp.	12,45	27,92	352,20
07:11:43:312	insp.	12,42	27,29	356,10
07:11:43:326	insp.	12,38	26,63	359,90
07:11:43:332	insp.	12,37	25,99	363,60
07:11:43:342	insp.	12,38	25,34	367,20
07:11:43:352	insp.	12,43	24,70	370,60
07:11:43:362	insp.	12,47	24,07	374,00
07:11:43:371	insp.	12,51	23,45	377,30
07:11:43:382	insp.	12,55	22,81	380,40
07:11:43:392	insp.	12,60	22,15	383,40
07:11:43:401	insp.	12,65	21,48	386,30
07:11:43:412	insp.	12,68	20,81	389,10
07:11:43:422	insp.	12,73	20,15	391,70
07:11:43:432	insp.	12,78	19,47	394,20
07:11:43:442	insp.	12,85	18,77	396,50
07:11:43:452	exp.	12,87	18,04	398,70
07:11:43:462	exp.	12,44	17,28	400,70
07:11:43:472	exp.	11,87	16,49	402,50
07:11:43:482	exp.	11,58	15,79	403,70
07:11:43:492	exp.	10,64	14,99	404,20
07:11:43:501	exp.	10,04	13,86	404,00
07:11:43:512	exp.	9,91	12,38	402,80
07:11:43:522	exp.	9,75	10,33	400,50
07:11:43:532	exp.	9,54	7,59	397,30
07:11:43:541	exp.	9,49	4,22	393,50
07:11:43:552	exp.	9,47	0,38	389,30
07:11:43:562	exp.	9,38	-3,62	384,80
07:11:43:572	exp.	9,28	-7,70	380,40
07:11:43:582	exp.	9,23	-11,84	376,10
07:11:43:592	exp.	9,19	-15,60	371,90
07:11:43:602	exp.	9,18	-18,85	367,80
07:11:43:611	exp.	9,20	-21,61	363,90
07:11:43:622	exp.	9,22	-23,65	360,00
07:11:43:632	exp.	9,22	-24,86	356,30
07:11:43:641	exp.	9,20	-25,30	352,60
07:11:43:652	exp.	9,18	-25,14	349,00
07:11:43:662	exp.	9,18	-24,68	345,50
07:11:43:672	exp.	9,21	-24,00	342,00
07:11:43:682	exp.	9,21	-23,24	338,50
07:11:43:692	exp.	9,21	-22,66	335,10
07:11:43:701	exp.	9,23	-22,18	331,70
07:11:43:712	exp.	9,24	-21,77	328,30
07:11:43:723	exp.	9,29	-21,43	324,90
07:11:43:732	exp.	9,31	-21,13	321,50
07:11:43:742	exp.	9,34	-20,89	318,00
07:11:43:751	exp.	9,34	-20,72	314,60
07:11:43:762	exp.	9,34	-20,62	311,10
07:11:43:772	exp.	9,35	-20,57	307,60
07:11:43:782	exp.	9,35	-20,57	304,10
07:11:43:792	exp.	9,33	-20,60	300,60
07:11:43:802	exp.	9,29	-20,65	297,10
07:11:43:812	exp.	9,23	-20,71	293,50
07:11:43:821	exp.	9,20	-20,81	290,00
07:11:43:832	exp.	9,16	-20,92	286,40
07:11:43:842	exp.	9,15	-21,02	282,90
07:11:43:852	exp.	9,12	-21,10	279,40
07:11:43:862	exp.	9,08	-21,16	275,90
07:11:43:872	exp.	9,05	-21,19	272,40
07:11:43:882	exp.	9,04	-21,19	269,00
07:11:43:892	exp.	9,04	-21,16	265,70
07:11:43:902	exp.	9,03	-21,08	262,30
07:11:43:912	exp.	9,03	-20,96	259,00
07:11:43:922	exp.	9,02	-20,80	255,80
07:11:43:932	exp.	9,01	-20,62	252,60
07:11:43:942	exp.	9,00	-20,42	249,40
07:11:43:952	exp.	8,98	-20,23	246,20
07:11:43:962	exp.	8,96	-20,02	243,10
07:11:43:972	exp.	8,94	-19,81	240,00
07:11:43:982	exp.	8,95	-19,59	236,90
07:11:43:991	exp.	8,97	-19,37	233,90
07:11:44:002	exp.	8,97	-19,16	230,80
07:11:44:012	exp.	8,97	-18,97	227,80
07:11:44:022	exp.	8,94	-18,79	224,80
07:11:44:032	exp.	8,93	-18,62	221,90
07:11:44:042	exp.	8,92	-18,47	218,90
07:11:44:051	exp.	8,90	-18,34	215,90
07:11:44:062	exp.	8,89	-18,21	213,00
07:11:44:072	exp.	8,89	-18,08	210,10
07:11:44:082	exp.	8,86	-17,97	207,20
