[REC]
Date	30/07/24 07:23:27
Fichier	1722324206678.txt
Ventilateur	21954 
Système	4.4 
Version	4.4.0.78be7bed 
Statut du contrôle avant utilisation	Succès
Dernière exécution du contrôle avant utilisation	25/07/24 10:43:36
Date format	dd/MM/yy
Language setting	fr_FR
Decimal separator	COMMA
==========
Date de l'enregistrement	30/07/24 07:23:11
Mode de ventilation	Aide inspiratoire/VS PEP
Catégorie patient	Adulte
Automode	non
Apnée	non
VNI	non
Capteur à la pièce en Y	non
Compensation de fuite	non
Compensation du circuit	oui
Niv. AI sur PEP	10	cmH2O
PC d'apnée sur PEP	10	cmH2O
PEP	8,0	cmH2O
FR vent. apnée	15	resp/min
Conc. O2	30	%
Pentetps insp. (s)	0,00	Sec.
Trigger en débit	2,0	l/min
Fin d'insuff.	30	%
Ti Vent. Ap.	0,90	Sec.

[DATA]
Durée	Phase respiratoire	Pva (cmH2O)	DÉBIT (l/min)	V (ml)	Trigger
07:22:56:092	exp.	9,70	-32,62	294,60
07:22:56:101	exp.	9,68	-32,06	289,60
07:22:56:112	exp.	9,66	-31,66	284,60
07:22:56:123	exp.	9,62	-31,35	279,70
07:22:56:132	exp.	9,57	-31,07	274,90
07:22:56:142	exp.	9,51	-30,78	270,20
07:22:56:151	exp.	9,45	-30,47	265,50
07:22:56:162	exp.	9,40	-30,13	260,90
07:22:56:172	exp.	9,34	-29,75	256,40
07:22:56:182	exp.	9,29	-29,33	252,00
07:22:56:192	exp.	9,24	-28,89	247,70
07:22:56:201	exp.	9,18	-28,45	243,40
07:22:56:212	exp.	9,11	-27,99	239,30
07:22:56:222	exp.	9,09	-27,50	235,30
07:22:56:232	exp.	9,09	-26,97	231,40
07:22:56:241	exp.	9,08	-26,42	227,50
07:22:56:251	exp.	9,06	-25,87	223,80
07:22:56:262	exp.	9,03	-25,31	220,10
07:22:56:272	exp.	9,01	-24,74	216,50
07:22:56:282	exp.	8,98	-24,20	213,00
07:22:56:292	exp.	8,95	-23,67	209,50
07:22:56:301	exp.	8,92	-23,14	206,20
07:22:56:312	exp.	8,92	-22,60	202,90
07:22:56:322	exp.	8,91	-22,07	199,60
07:22:56:332	exp.	8,89	-21,59	196,50
07:22:56:342	exp.	8,89	-21,13	193,30
07:22:56:352	exp.	8,88	-20,69	190,20
07:22:56:362	exp.	8,85	-20,29	187,20
07:22:56:371	exp.	8,83	-19,91	184,20
07:22:56:382	exp.	8,83	-19,53	181,30
07:22:56:392	exp.	8,84	-19,14	178,40
07:22:56:401	exp.	8,85	-18,78	175,50
07:22:56:412	exp.	8,84	-18,47	172,70
07:22:56:422	exp.	8,82	-18,20	169,80
07:22:56:432	exp.	8,79	-17,95	167,00
07:22:56:442	exp.	8,77	-17,74	164,30
07:22:56:451	exp.	8,75	-17,54	161,50
07:22:56:462	exp.	8,72	-17,35	158,80
07:22:56:472	exp.	8,67	-17,15	156,20
07:22:56:482	exp.	8,63	-16,95	153,60
07:22:56:492	exp.	8,58	-16,76	151,10
07:22:56:502	exp.	8,55	-16,57	148,60
07:22:56:512	exp.	8,55	-16,33	146,30
07:22:56:522	exp.	8,54	-16,05	144,00
07:22:56:532	exp.	8,54	-15,72	141,80
07:22:56:541	exp.	8,54	-15,35	139,70
07:22:56:551	exp.	8,51	-14,96	137,60
07:22:56:562	exp.	8,50	-14,54	135,60
07:22:56:572	exp.	8,49	-14,12	133,60
07:22:56:582	exp.	8,48	-13,70	131,70
07:22:56:591	exp.	8,48	-13,30	129,80
07:22:56:601	exp.	8,47	-12,90	128,00
07:22:56:612	exp.	8,47	-12,53	126,20
07:22:56:621	exp.	8,46	-12,19	124,40
07:22:56:632	exp.	8,45	-11,89	122,70
07:22:56:642	exp.	8,46	-11,61	120,90
07:22:56:651	exp.	8,47	-11,35	119,20
07:22:56:662	exp.	8,49	-11,11	117,60
07:22:56:672	exp.	8,51	-10,88	115,90
07:22:56:682	exp.	8,51	-10,69	114,30
07:22:56:691	exp.	8,49	-10,51	112,70
07:22:56:702	exp.	8,47	-10,34	111,10
07:22:56:712	exp.	8,46	-10,19	109,60
07:22:56:723	exp.	8,45	-10,03	108,10
07:22:56:732	exp.	8,43	-9,86	106,60
07:22:56:741	exp.	8,39	-9,71	105,20
07:22:56:751	exp.	8,32	-9,55	103,80
07:22:56:762	exp.	8,27	-9,39	102,50
07:22:56:772	exp.	8,23	-9,22	101,20
07:22:56:782	exp.	8,22	-9,00	100,00
07:22:56:791	exp.	8,24	-8,74	98,90
07:22:56:801	exp.	8,26	-8,44	97,80
07:22:56:812	exp.	8,26	-8,12	96,80
07:22:56:822	exp.	8,26	-7,82	95,70
07:22:56:831	exp.	8,26	-7,54	94,70
07:22:56:842	exp.	8,26	-7,26	93,80
07:22:56:852	exp.	8,26	-6,98	92,80
07:22:56:862	exp.	8,27	-6,70	91,90
07:22:56:872	exp.	8,29	-6,43	91,00
07:22:56:882	exp.	8,32	-6,18	90,10
07:22:56:892	exp.	8,34	-5,98	89,20
07:22:56:902	exp.	8,37	-5,83	88,40
07:22:56:912	exp.	8,39	-5,71	87,50
07:22:56:922	exp.	8,41	-5,60	86,60
07:22:56:932	exp.	8,44	-5,50	85,70
07:22:56:942	exp.	8,47	-5,40	84,80
07:22:56:952	exp.	8,51	-5,33	83,90
07:22:56:962	exp.	8,55	-5,30	82,90
07:22:56:972	exp.	8,57	-5,32	81,90
07:22:56:982	exp.	8,57	-5,39	80,80
07:22:56:991	exp.	8,54	-5,48	79,70
07:22:57:002	exp.	8,54	-5,61	78,60
07:22:57:012	exp.	8,54	-5,75	77,50
07:22:57:022	exp.	8,54	-5,90	76,30
07:22:57:032	exp.	8,53	-6,07	75,10
07:22:57:041	exp.	8,49	-6,27	73,90
07:22:57:051	exp.	8,44	-6,47	72,70
07:22:57:062	exp.	8,40	-6,65	71,60
07:22:57:072	exp.	8,37	-6,80	70,40
07:22:57:082	exp.	8,37	-6,89	69,30
07:22:57:092	exp.	8,37	-6,94	68,20
07:22:57:101	exp.	8,40	-6,94	67,20
07:22:57:112	exp.	8,40	-6,92	66,10
07:22:57:123	exp.	8,39	-6,89	65,00
07:22:57:132	exp.	8,37	-6,84	64,00
07:22:57:142	exp.	8,34	-6,76	63,00
07:22:57:151	exp.	8,33	-6,65	62,00
07:22:57:161	exp.	8,33	-6,51	61,00
07:22:57:172	exp.	8,32	-6,38	60,10
07:22:57:182	exp.	8,32	-6,26	59,10
07:22:57:191	exp.	8,30	-6,16	58,20
07:22:57:201	exp.	8,30	-6,08	57,30
07:22:57:212	exp.	8,30	-5,99	56,30
07:22:57:222	exp.	8,33	-5,90	55,40
07:22:57:232	exp.	8,36	-5,80	54,50
07:22:57:241	exp.	8,36	-5,69	53,60
07:22:57:251	exp.	8,36	-5,62	52,80
07:22:57:262	exp.	8,34	-5,57	51,90
07:22:57:272	exp.	8,31	-5,52	51,00
07:22:57:282	exp.	8,31	-5,47	50,20
07:22:57:292	exp.	8,30	-5,40	49,40
07:22:57:301	exp.	8,26	-5,32	48,60
07:22:57:312	exp.	8,20	-5,24	47,90
07:22:57:326	exp.	8,14	-5,15	47,30
07:22:57:332	exp.	8,10	-5,04	46,70
07:22:57:342	exp.	8,10	-4,89	46,10
07:22:57:352	exp.	8,11	-4,68	45,60
07:22:57:362	exp.	8,12	-4,43	45,20
07:22:57:372	exp.	8,13	-4,15	44,80
07:22:57:382	exp.	8,12	-3,88	44,40
07:22:57:392	exp.	8,10	-3,61	44,10
07:22:57:402	exp.	8,10	-3,34	43,80
07:22:57:412	exp.	8,10	-3,06	43,50
07:22:57:422	exp.	8,11	-2,78	43,20
07:22:57:432	exp.	8,11	-2,50	43,00
07:22:57:442	exp.	8,10	-2,26	42,80
07:22:57:451	exp.	8,10	-2,04	42,60
07:22:57:462	exp.	8,13	-1,85	42,50
07:22:57:472	exp.	8,16	-1,70	42,30
07:22:57:482	exp.	8,20	-1,55	42,10
07:22:57:492	exp.	8,23	-1,41	41,90
07:22:57:502	exp.	8,28	-1,28	41,80
07:22:57:512	exp.	8,33	-1,19	41,50
07:22:57:523	exp.	8,40	-1,14	41,30
07:22:57:532	exp.	8,47	-1,11	41,00
07:22:57:541	exp.	8,51	-1,12	40,70
07:22:57:551	exp.	8,53	-1,16	40,40
07:22:57:562	exp.	8,53	-1,24	40,10
07:22:57:572	exp.	8,53	-1,34	39,70
07:22:57:582	exp.	8,52	-1,45	39,40
07:22:57:591	exp.	8,52	-1,57	38,90
07:22:57:601	exp.	8,52	-1,70	38,50
07:22:57:612	exp.	8,51	-1,85	38,00
07:22:57:622	exp.	8,48	-2,03	37,50
07:22:57:632	exp.	8,46	-2,21	36,90
07:22:57:642	exp.	8,46	-2,39	36,30
07:22:57:652	exp.	8,46	-2,57	35,70
07:22:57:662	exp.	8,48	-2,74	35,10
07:22:57:672	exp.	8,50	-2,90	34,50
07:22:57:682	exp.	8,50	-3,07	33,80
07:22:57:692	exp.	8,47	-3,26	33,10
07:22:57:701	exp.	8,46	-3,44	32,40
07:22:57:712	exp.	8,45	-3,60	31,70
07:22:57:723	exp.	8,45	-3,73	31,00
07:22:57:732	exp.	8,46	-3,83	30,30
07:22:57:742	exp.	8,46	-3,94	29,50
07:22:57:751	exp.	8,44	-4,04	28,80
07:22:57:762	exp.	8,43	-4,15	28,00
07:22:57:771	exp.	8,43	-4,25	27,20
07:22:57:782	exp.	8,42	-4,33	26,50
07:22:57:792	exp.	8,44	-4,38	25,70
07:22:57:802	exp.	8,45	-4,42	24,90
07:22:57:812	exp.	8,45	-4,47	24,10
07:22:57:821	exp.	8,43	-4,53	23,40
07:22:57:832	exp.	8,39	-4,59	22,60
07:22:57:842	exp.	8,35	-4,64	21,80
07:22:57:852	exp.	8,33	-4,66	21,10
07:22:57:862	exp.	8,27	-4,65	20,40
07:22:57:872	exp.	8,21	-4,63	19,70
07:22:57:882	exp.	8,16	-4,59	19,10
07:22:57:892	exp.	8,13	-4,53	18,60
07:22:57:901	exp.	8,11	-4,42	18,10
07:22:57:912	exp.	8,11	-4,27	17,70
07:22:57:924	exp.	8,11	-4,05	17,40
07:22:57:932	exp.	8,11	-3,77	17,10
07:22:57:942	exp.	8,09	-3,46	16,90
07:22:57:952	exp.	8,06	-3,14	16,80
07:22:57:962	exp.	8,01	-2,79	16,70
07:22:57:972	exp.	7,98	-2,42	16,60
07:22:57:982	exp.	7,94	-2,03	16,60
07:22:57:991	exp.	7,92	-1,66	16,60
07:22:58:001	exp.	7,91	-1,30	16,60
07:22:58:012	exp.	7,92	-0,98	16,60
07:22:58:022	exp.	7,92	-0,71	16,60
07:22:58:032	exp.	7,92	-0,50	16,60
07:22:58:041	exp.	7,92	-0,33	16,60
07:22:58:051	exp.	7,93	-0,19	16,60
07:22:58:062	exp.	7,96	-0,10	16,50
07:22:58:072	exp.	8,02	-0,03	16,50
07:22:58:082	exp.	8,07	-0,01	16,40
07:22:58:092	exp.	8,12	-0,01	16,40
07:22:58:101	exp.	8,16	-0,06	16,20
07:22:58:112	exp.	8,18	-0,14	16,10
07:22:58:122	exp.	8,19	-0,23	16,00
07:22:58:132	exp.	8,21	-0,32	15,80
07:22:58:142	exp.	8,21	-0,41	15,70
07:22:58:151	exp.	8,22	-0,49	15,60
07:22:58:162	exp.	8,22	-0,56	15,40
07:22:58:172	exp.	8,18	-0,64	15,30
07:22:58:182	exp.	8,13	-0,72	15,20
07:22:58:192	exp.	8,09	-0,78	15,10
07:22:58:201	exp.	8,08	-0,81	15,00
07:22:58:212	exp.	8,08	-0,81	14,90
07:22:58:222	exp.	8,10	-0,77	14,80
07:22:58:232	exp.	8,11	-0,71	14,70
07:22:58:242	exp.	8,12	-0,67	14,60
07:22:58:251	exp.	8,10	-0,64	14,50
07:22:58:262	exp.	8,08	-0,63	14,40
07:22:58:271	exp.	8,07	-0,62	14,30
07:22:58:282	exp.	8,06	-0,59	14,20
07:22:58:292	exp.	8,06	-0,56	14,20
07:22:58:301	exp.	8,06	-0,53	14,10
07:22:58:312	exp.	8,04	-0,52	14,00
07:22:58:326	exp.	8,03	-0,52	13,90
07:22:58:332	exp.	8,02	-0,54	13,90
07:22:58:342	exp.	8,03	-0,55	13,80
07:22:58:352	exp.	8,04	-0,53	13,70
07:22:58:362	exp.	8,07	-0,50	13,70
07:22:58:371	exp.	8,10	-0,46	13,60
07:22:58:382	exp.	8,10	-0,43	13,50
07:22:58:392	exp.	8,08	-0,44	13,40
07:22:58:401	exp.	8,07	-0,46	13,30
07:22:58:412	exp.	8,05	-0,47	13,30
07:22:58:422	exp.	8,02	-0,47	13,20
07:22:58:432	exp.	7,96	-0,46	13,20
07:22:58:442	exp.	7,89	-0,44	13,20
07:22:58:452	exp.	7,83	-0,41	13,20
07:22:58:462	exp.	7,77	-0,37	13,20
07:22:58:472	exp.	7,74	-0,31	13,20
07:22:58:482	exp.	7,74	-0,22	13,20
07:22:58:492	exp.	7,75	-0,10	13,20
07:22:58:501	exp.	7,76	0,04	13,20
07:22:58:512	exp.	7,76	0,15	13,20
07:22:58:523	exp.	7,76	0,25	13,20
07:22:58:532	exp.	7,73	0,32	13,20
07:22:58:542	exp.	7,71	0,39	13,20
07:22:58:551	exp.	7,69	0,46	13,20
07:22:58:562	exp.	7,68	0,52	13,20
07:22:58:572	exp.	7,67	0,57	13,20
07:22:58:582	exp.	7,66	0,60	13,20
07:22:58:591	exp.	7,66	0,62	13,20
07:22:58:601	exp.	7,65	0,64	13,20
07:22:58:612	exp.	7,65	0,67	13,20
07:22:58:621	exp.	7,66	0,71	13,20
07:22:58:631	exp.	7,67	0,76	13,20
07:22:58:642	exp.	7,69	0,81	13,20
07:22:58:652	exp.	7,72	0,85	13,20
07:22:58:662	exp.	7,73	0,86	13,20
07:22:58:672	exp.	7,72	0,85	13,20
07:22:58:682	exp.	7,70	0,83	13,20
07:22:58:692	exp.	7,67	0,82	13,20
07:22:58:701	exp.	7,62	0,80	13,20
07:22:58:712	exp.	7,59	0,82	13,20
07:22:58:723	exp.	7,56	0,85	13,20
07:22:58:732	exp.	7,49	0,89	13,20
07:22:58:742	exp.	7,42	0,95	13,20
07:22:58:751	exp.	7,32	1,01	13,20
07:22:58:763	insp.	7,23	1,08	0,30	Pression
07:22:58:772	insp.	7,17	1,19	0,70
07:22:58:782	insp.	7,14	1,34	1,10
07:22:58:792	insp.	7,19	1,51	1,60
07:22:58:802	insp.	8,27	1,66	2,20
07:22:58:812	insp.	10,16	1,84	3,00
07:22:58:821	insp.	11,30	1,98	4,20
07:22:58:832	insp.	11,45	2,16	6,40
07:22:58:842	insp.	11,66	2,71	9,60
07:22:58:852	insp.	12,39	3,96	13,70
07:22:58:862	insp.	13,06	6,02	18,60
07:22:58:872	insp.	13,52	8,75	24,60
07:22:58:882	insp.	14,12	12,07	31,20
07:22:58:892	insp.	14,75	15,85	38,20
07:22:58:901	insp.	15,21	19,80	45,30
07:22:58:912	insp.	15,57	23,72	52,70
07:22:58:922	insp.	15,91	27,82	60,50
07:22:58:932	insp.	16,29	32,12	68,40
07:22:58:942	insp.	16,54	36,21	76,50
07:22:58:951	insp.	16,72	39,65	84,70
07:22:58:962	insp.	16,93	42,38	93,10
07:22:58:972	insp.	17,14	44,47	101,40
07:22:58:982	insp.	17,26	45,95	109,80
07:22:58:992	insp.	17,36	46,96	118,20
07:22:59:002	insp.	17,44	47,83	126,60
07:22:59:012	insp.	17,52	48,69	134,90
07:22:59:021	insp.	17,55	49,36	143,20
07:22:59:032	insp.	17,55	49,74	151,50
07:22:59:042	insp.	17,57	49,96	159,70
07:22:59:052	insp.	17,65	50,09	167,90
07:22:59:062	insp.	17,72	50,09	176,00
07:22:59:071	insp.	17,76	49,97	184,10
07:22:59:082	insp.	17,81	49,79	192,00
07:22:59:091	insp.	17,89	49,57	199,90
07:22:59:102	insp.	17,89	49,27	207,60
07:22:59:112	insp.	17,92	48,88	215,30
07:22:59:122	insp.	17,98	48,49	222,90
07:22:59:132	insp.	18,02	48,07	230,30
07:22:59:141	insp.	18,07	47,61	237,70
07:22:59:152	insp.	18,08	47,09	245,00
07:22:59:162	insp.	18,10	46,55	252,20
07:22:59:172	insp.	18,13	46,00	259,20
07:22:59:182	insp.	18,19	45,41	266,10
07:22:59:191	insp.	18,25	44,80	272,90
07:22:59:201	insp.	18,31	44,19	279,60
07:22:59:212	insp.	18,34	43,57	286,20
07:22:59:222	insp.	18,38	42,92	292,60
07:22:59:232	insp.	18,38	42,23	298,90
07:22:59:242	insp.	18,40	41,53	305,10
07:22:59:251	insp.	18,40	40,82	311,20
07:22:59:262	insp.	18,40	40,11	317,10
07:22:59:271	insp.	18,40	39,38	323,00
07:22:59:282	insp.	18,39	38,64	328,70
07:22:59:292	insp.	18,36	37,89	334,20
07:22:59:302	insp.	18,34	37,14	339,70
07:22:59:312	insp.	18,34	36,38	345,00
07:22:59:326	insp.	18,36	35,65	350,20
07:22:59:332	insp.	18,38	34,93	355,30
07:22:59:342	insp.	18,42	34,21	360,30
07:22:59:352	insp.	18,44	33,48	365,20
07:22:59:362	insp.	18,46	32,75	369,90
07:22:59:371	insp.	18,49	32,01	374,50
07:22:59:382	insp.	18,51	31,28	379,00
07:22:59:392	insp.	18,53	30,56	383,30
07:22:59:401	insp.	18,56	29,84	387,60
07:22:59:412	insp.	18,62	29,11	391,70
07:22:59:422	insp.	18,67	28,38	395,60
07:22:59:432	insp.	18,68	27,62	399,40
07:22:59:442	insp.	18,70	26,86	403,10
07:22:59:452	insp.	18,74	26,08	406,70
07:22:59:462	insp.	18,78	25,30	410,10
07:22:59:472	insp.	18,81	24,51	413,30
07:22:59:482	insp.	18,85	23,71	416,40
07:22:59:492	insp.	18,88	22,90	419,30
07:22:59:502	insp.	18,90	22,06	422,10
07:22:59:513	exp.	18,84	21,18	424,70
07:22:59:523	exp.	17,49	20,28	427,20
07:22:59:532	exp.	16,93	19,42	429,40
07:22:59:541	exp.	15,43	18,74	430,70
07:22:59:552	exp.	12,83	17,86	431,20
07:22:59:562	exp.	11,22	16,62	430,40
07:22:59:572	exp.	10,49	14,83	427,90
07:22:59:582	exp.	9,93	12,04	423,60
07:22:59:591	exp.	9,61	8,03	417,80
07:22:59:601	exp.	9,58	2,89	411,00
07:22:59:612	exp.	9,72	-3,07	403,40
07:22:59:622	exp.	9,88	-9,40	395,40
07:22:59:632	exp.	10,07	-16,06	387,40
07:22:59:642	exp.	10,26	-22,73	379,80
07:22:59:651	exp.	10,35	-28,85	372,40
07:22:59:662	exp.	10,36	-34,33	365,40
07:22:59:672	exp.	10,30	-38,98	358,70
07:22:59:682	exp.	10,18	-42,31	352,30
07:22:59:692	exp.	10,10	-44,10	346,30
07:22:59:702	exp.	10,05	-44,42	340,50
07:22:59:712	exp.	9,99	-43,66	334,90
07:22:59:723	exp.	9,98	-42,29	329,40
07:22:59:732	exp.	9,96	-40,47	324,00
07:22:59:741	exp.	9,92	-38,66	318,70
07:22:59:752	exp.	9,90	-37,13	313,30
07:22:59:762	exp.	9,88	-35,79	308,00
07:22:59:772	exp.	9,87	-34,63	302,80
07:22:59:782	exp.	9,85	-33,66	297,60
07:22:59:791	exp.	9,82	-32,92	292,40
07:22:59:801	exp.	9,75	-32,37	287,30
07:22:59:812	exp.	9,69	-31,98	282,20
07:22:59:821	exp.	9,63	-31,68	277,20
07:22:59:832	exp.	9,58	-31,44	272,30
07:22:59:842	exp.	9,53	-31,20	267,50
07:22:59:852	exp.	9,48	-30,93	262,70
07:22:59:862	exp.	9,41	-30,61	258,00
07:22:59:872	exp.	9,37	-30,25	253,40
07:22:59:882	exp.	9,31	-29,87	248,90
07:22:59:892	exp.	9,27	-29,47	244,50
07:22:59:902	exp.	9,25	-29,03	240,20
07:22:59:912	exp.	9,24	-28,56	235,90
07:22:59:922	exp.	9,20	-28,07	231,80
07:22:59:932	exp.	9,16	-27,56	227,70
07:22:59:942	exp.	9,13	-27,03	223,80
07:22:59:952	exp.	9,09	-26,48	219,90
07:22:59:961	exp.	9,06	-25,93	216,20
07:22:59:972	exp.	9,06	-25,37	212,50
07:22:59:982	exp.	9,08	-24,81	208,80
07:22:59:992	exp.	9,05	-24,26	205,30
07:23:00:002	exp.	9,02	-23,75	201,70
07:23:00:012	exp.	9,01	-23,26	198,30
07:23:00:022	exp.	9,00	-22,79	194,90
07:23:00:032	exp.	8,99	-22,33	191,50
07:23:00:041	exp.	8,99	-21,91	188,20
07:23:00:052	exp.	8,99	-21,52	184,90
07:23:00:062	exp.	8,95	-21,16	181,60
07:23:00:072	exp.	8,92	-20,84	178,50
07:23:00:082	exp.	8,88	-20,55	175,30
07:23:00:092	exp.	8,84	-20,26	172,20
07:23:00:101	exp.	8,81	-19,97	169,20
07:23:00:112	exp.	8,78	-19,66	166,30
07:23:00:123	exp.	8,73	-19,35	163,40
07:23:00:132	exp.	8,67	-19,04	160,50
07:23:00:142	exp.	8,62	-18,74	157,80
07:23:00:151	exp.	8,58	-18,43	155,10
07:23:00:162	exp.	8,57	-18,08	152,50
07:23:00:172	exp.	8,57	-17,70	150,00
07:23:00:182	exp.	8,57	-17,29	147,60
07:23:00:191	exp.	8,56	-16,85	145,20
07:23:00:202	exp.	8,55	-16,41	143,00
07:23:00:212	exp.	8,55	-15,98	140,70
07:23:00:222	exp.	8,52	-15,56	138,60
07:23:00:232	exp.	8,50	-15,12	136,50
07:23:00:241	exp.	8,49	-14,67	134,40
07:23:00:251	exp.	8,49	-14,21	132,50
07:23:00:262	exp.	8,51	-13,77	130,50
07:23:00:272	exp.	8,52	-13,35	128,60
07:23:00:282	exp.	8,53	-12,98	126,80
07:23:00:292	exp.	8,53	-12,63	125,00
07:23:00:301	exp.	8,53	-12,30	123,20
07:23:00:312	exp.	8,53	-11,99	121,40
07:23:00:322	exp.	8,55	-11,69	119,70
07:23:00:332	exp.	8,58	-11,42	117,90
07:23:00:342	exp.	8,62	-11,17	116,20
07:23:00:352	exp.	8,65	-10,99	114,40
07:23:00:362	exp.	8,66	-10,85	112,60
07:23:00:372	exp.	8,65	-10,75	110,90
07:23:00:382	exp.	8,62	-10,67	109,10
07:23:00:392	exp.	8,60	-10,63	107,30
07:23:00:401	exp.	8,58	-10,59	105,60
07:23:00:412	exp.	8,56	-10,55	103,80
07:23:00:422	exp.	8,53	-10,54	102,10
07:23:00:432	exp.	8,49	-10,55	100,40
07:23:00:442	exp.	8,46	-10,56	98,70
07:23:00:451	exp.	8,42	-10,55	97,00
07:23:00:462	exp.	8,40	-10,52	95,40
07:23:00:472	exp.	8,40	-10,45	93,80
07:23:00:482	exp.	8,41	-10,33	92,30
07:23:00:492	exp.	8,42	-10,18	90,80
07:23:00:502	exp.	8,43	-10,01	89,30
07:23:00:512	exp.	8,43	-9,83	87,90
07:23:00:522	exp.	8,43	-9,65	86,50
07:23:00:532	exp.	8,43	-9,45	85,20
07:23:00:541	exp.	8,44	-9,23	83,80
07:23:00:551	exp.	8,45	-9,01	82,50
07:23:00:562	exp.	8,45	-8,79	81,20
07:23:00:572	exp.	8,44	-8,59	79,90
07:23:00:582	exp.	8,43	-8,42	78,60
07:23:00:591	exp.	8,43	-8,27	77,30
07:23:00:601	exp.	8,46	-8,14	76,10
07:23:00:612	exp.	8,49	-8,01	74,80
07:23:00:622	exp.	8,51	-7,90	73,50
07:23:00:632	exp.	8,50	-7,80	72,30
07:23:00:642	exp.	8,47	-7,72	71,10
07:23:00:651	exp.	8,45	-7,67	69,80
07:23:00:662	exp.	8,44	-7,62	68,60
07:23:00:672	exp.	8,42	-7,56	67,50
07:23:00:682	exp.	8,39	-7,49	66,30
07:23:00:692	exp.	8,33	-7,42	65,20
07:23:00:701	exp.	8,28	-7,35	64,10
07:23:00:712	exp.	8,24	-7,28	63,00
07:23:00:723	exp.	8,23	-7,18	62,00
07:23:00:732	exp.	8,23	-7,05	61,00
07:23:00:741	exp.	8,25	-6,88	60,10
07:23:00:751	exp.	8,26	-6,68	59,20
07:23:00:762	exp.	8,27	-6,47	58,40
07:23:00:771	exp.	8,27	-6,26	57,60
07:23:00:782	exp.	8,26	-6,06	56,80
07:23:00:791	exp.	8,26	-5,84	56,00
07:23:00:801	exp.	8,26	-5,60	55,30
07:23:00:812	exp.	8,26	-5,35	54,60
07:23:00:821	exp.	8,27	-5,11	54,00
07:23:00:832	exp.	8,29	-4,89	53,30
07:23:00:842	exp.	8,30	-4,70	52,70
07:23:00:852	exp.	8,32	-4,54	52,00
07:23:00:862	exp.	8,34	-4,38	51,40
07:23:00:872	exp.	8,38	-4,23	50,80
07:23:00:882	exp.	8,42	-4,09	50,20
07:23:00:892	exp.	8,46	-3,97	49,50
07:23:00:901	exp.	8,50	-3,88	48,80
07:23:00:912	exp.	8,54	-3,83	48,10
07:23:00:922	exp.	8,54	-3,85	47,30
07:23:00:932	exp.	8,54	-3,90	46,50
07:23:00:942	exp.	8,53	-4,00	45,60
07:23:00:952	exp.	8,53	-4,13	44,60
07:23:00:962	exp.	8,54	-4,30	43,70
07:23:00:972	exp.	8,55	-4,50	42,70
07:23:00:982	exp.	8,55	-4,73	41,70
07:23:00:991	exp.	8,51	-4,97	40,60
07:23:01:001	exp.	8,46	-5,24	39,60
07:23:01:012	exp.	8,41	-5,48	38,60
07:23:01:022	exp.	8,39	-5,68	37,60
07:23:01:032	exp.	8,40	-5,81	36,60
07:23:01:042	exp.	8,41	-5,90	35,60
07:23:01:051	exp.	8,43	-5,96	34,70
07:23:01:062	exp.	8,44	-5,99	33,70
07:23:01:072	exp.	8,43	-6,02	32,70
07:23:01:082	exp.	8,40	-6,05	31,70
07:23:01:092	exp.	8,38	-6,04	30,70
07:23:01:101	exp.	8,37	-6,01	29,80
07:23:01:112	exp.	8,37	-5,94	28,90
07:23:01:123	exp.	8,36	-5,87	28,00
07:23:01:132	exp.	8,34	-5,81	27,10
07:23:01:142	exp.	8,33	-5,77	26,20
07:23:01:151	exp.	8,32	-5,71	25,30
07:23:01:161	exp.	8,32	-5,65	24,50
07:23:01:172	exp.	8,33	-5,56	23,60
07:23:01:182	exp.	8,34	-5,46	22,80
07:23:01:191	exp.	8,33	-5,36	21,90
07:23:01:201	exp.	8,30	-5,29	21,10
07:23:01:212	exp.	8,27	-5,24	20,30
07:23:01:222	exp.	8,25	-5,20	19,50
07:23:01:232	exp.	8,23	-5,15	18,70
07:23:01:242	exp.	8,19	-5,09	18,00
07:23:01:251	exp.	8,14	-5,02	17,40
07:23:01:262	exp.	8,07	-4,91	16,80
07:23:01:272	exp.	7,99	-4,78	16,30
07:23:01:282	exp.	7,94	-4,60	15,90
07:23:01:292	exp.	7,90	-4,34	15,60
07:23:01:301	exp.	7,87	-4,01	15,40
07:23:01:312	exp.	7,86	-3,63	15,20
07:23:01:325	exp.	7,85	-3,22	15,10
07:23:01:332	exp.	7,85	-2,81	15,00
07:23:01:342	exp.	7,83	-2,39	15,00
07:23:01:352	exp.	7,80	-2,00	14,90
07:23:01:362	exp.	7,76	-1,61	14,90
07:23:01:372	exp.	7,73	-1,24	14,90
07:23:01:382	exp.	7,70	-0,89	14,90
07:23:01:392	exp.	7,68	-0,58	14,90
07:23:01:401	exp.	7,67	-0,32	14,90
07:23:01:412	exp.	7,68	-0,08	14,90
07:23:01:422	exp.	7,70	0,12	14,90
07:23:01:432	exp.	7,72	0,31	14,90
07:23:01:442	exp.	7,74	0,49	14,90
07:23:01:451	exp.	7,77	0,64	14,90
07:23:01:462	exp.	7,83	0,79	14,90
07:23:01:472	exp.	7,89	0,89	14,90
07:23:01:482	exp.	7,94	0,97	14,90
07:23:01:492	exp.	7,97	0,99	14,90
07:23:01:501	exp.	7,98	0,97	14,90
07:23:01:512	exp.	7,98	0,91	14,90
07:23:01:523	exp.	7,98	0,84	14,90
07:23:01:532	exp.	7,98	0,76	14,90
07:23:01:542	exp.	7,99	0,69	14,90
07:23:01:551	exp.	7,99	0,62	14,90
07:23:01:562	exp.	7,96	0,53	14,90
07:23:01:571	exp.	7,90	0,45	14,90
07:23:01:582	exp.	7,85	0,38	14,90
07:23:01:591	exp.	7,83	0,33	14,90
07:23:01:601	exp.	7,83	0,33	14,90
07:23:01:612	exp.	7,83	0,36	14,90
07:23:01:621	exp.	7,83	0,41	14,90
07:23:01:632	exp.	7,83	0,45	14,90
07:23:01:641	exp.	7,82	0,47	14,90
07:23:01:652	exp.	7,79	0,48	14,90
07:23:01:662	exp.	7,78	0,51	14,90
07:23:01:672	exp.	7,76	0,55	14,90
07:23:01:682	exp.	7,74	0,61	14,90
07:23:01:692	exp.	7,71	0,65	14,90
07:23:01:701	exp.	7,69	0,67	14,90
07:23:01:712	exp.	7,66	0,69	14,90
07:23:01:723	exp.	7,64	0,70	14,90
07:23:01:732	exp.	7,63	0,73	14,90
07:23:01:741	exp.	7,62	0,79	14,90
07:23:01:751	exp.	7,62	0,86	14,90
07:23:01:762	exp.	7,58	0,93	14,90
07:23:01:771	exp.	7,54	1,00	14,90
07:23:01:782	exp.	7,49	1,07	14,90
07:23:01:791	exp.	7,44	1,13	14,90
07:23:01:803	insp.	7,35	1,20	0,30	Pression
07:23:01:812	insp.	7,32	1,28	0,70
07:23:01:822	insp.	7,21	1,38	1,10
07:23:01:832	insp.	7,62	1,47	1,60
07:23:01:842	insp.	9,17	1,58	2,30
07:23:01:852	insp.	10,75	1,75	3,40
07:23:01:862	insp.	11,37	1,95	5,10
07:23:01:872	insp.	11,52	2,35	7,80
07:23:01:882	insp.	12,02	3,29	11,50
07:23:01:892	insp.	12,75	4,98	16,00
07:23:01:902	insp.	13,34	7,40	21,50
07:23:01:912	insp.	13,87	10,44	27,80
07:23:01:924	insp.	14,46	14,02	34,50
07:23:01:932	insp.	15,00	17,93	41,50
07:23:01:942	insp.	15,39	21,86	48,80
07:23:01:952	insp.	15,71	25,83	56,40
07:23:01:962	insp.	16,11	29,99	64,20
07:23:01:972	insp.	16,46	34,16	72,20
07:23:01:982	insp.	16,72	37,88	80,30
07:23:01:992	insp.	16,97	40,92	88,50
07:23:02:002	insp.	17,20	43,31	96,80
07:23:02:012	insp.	17,37	45,08	105,10
07:23:02:021	insp.	17,52	46,28	113,30
07:23:02:032	insp.	17,66	47,17	121,60
07:23:02:041	insp.	17,79	47,98	129,80
07:23:02:052	insp.	17,86	48,67	137,90
07:23:02:062	insp.	17,91	49,09	145,90
07:23:02:071	insp.	17,97	49,25	153,90
07:23:02:082	insp.	17,97	49,27	161,80
07:23:02:092	insp.	17,96	49,15	169,60
07:23:02:101	insp.	17,97	48,89	177,20
07:23:02:112	insp.	18,00	48,56	184,80
07:23:02:123	insp.	18,00	48,16	192,30
07:23:02:132	insp.	17,97	47,69	199,70
07:23:02:141	insp.	17,97	47,17	207,00
07:23:02:151	insp.	18,03	46,63	214,10
07:23:02:162	insp.	18,02	46,07	221,20
07:23:02:172	insp.	18,05	45,48	228,20
07:23:02:182	insp.	18,09	44,88	235,00
07:23:02:191	insp.	18,13	44,28	241,80
07:23:02:201	insp.	18,17	43,66	248,40
07:23:02:212	insp.	18,17	43,03	255,00
07:23:02:222	insp.	18,19	42,40	261,40
07:23:02:232	insp.	18,22	41,80	267,80
07:23:02:242	insp.	18,26	41,19	274,00
07:23:02:251	insp.	18,29	40,56	280,10
07:23:02:262	insp.	18,32	39,93	286,10
07:23:02:271	insp.	18,36	39,29	292,00
07:23:02:282	insp.	18,40	38,64	297,70
07:23:02:292	insp.	18,46	37,97	303,40
07:23:02:302	insp.	18,50	37,31	308,80
07:23:02:312	insp.	18,55	36,62	314,20
07:23:02:322	insp.	18,57	35,92	319,40
07:23:02:332	insp.	18,54	35,18	324,50
07:23:02:342	insp.	18,53	34,40	329,40
07:23:02:352	insp.	18,56	33,63	334,20
07:23:02:362	insp.	18,56	32,85	338,90
07:23:02:371	insp.	18,48	32,06	343,50
07:23:02:382	insp.	18,43	31,27	347,90
07:23:02:392	insp.	18,40	30,49	352,30
07:23:02:401	insp.	18,40	29,72	356,50
07:23:02:412	insp.	18,41	28,96	360,60
07:23:02:422	insp.	18,46	28,22	364,60
07:23:02:432	insp.	18,52	27,50	368,50
07:23:02:442	insp.	18,55	26,78	372,20
07:23:02:451	insp.	18,56	26,05	375,80
07:23:02:462	insp.	18,59	25,32	379,30
07:23:02:472	insp.	18,60	24,60	382,70
07:23:02:482	insp.	18,64	23,88	385,90
07:23:02:492	insp.	18,65	23,15	389,00
07:23:02:502	insp.	18,67	22,42	392,00
07:23:02:512	insp.	18,70	21,68	394,80
07:23:02:524	exp.	18,70	20,92	397,60
07:23:02:532	exp.	18,68	20,14	400,20
07:23:02:541	exp.	17,62	19,38	402,60
07:23:02:551	exp.	16,92	18,62	404,80
07:23:02:562	exp.	15,84	18,07	406,30
07:23:02:571	exp.	13,39	17,37	406,80
07:23:02:582	exp.	11,64	16,29	406,10
07:23:02:592	exp.	10,79	14,66	403,80
07:23:02:602	exp.	10,14	12,07	399,70
07:23:02:612	exp.	9,68	8,27	394,00
07:23:02:622	exp.	9,54	3,31	387,30
07:23:02:632	exp.	9,68	-2,54	379,80
07:23:02:641	exp.	9,89	-8,80	371,70
07:23:02:651	exp.	10,07	-15,36	363,70
07:23:02:662	exp.	10,20	-22,07	356,00
07:23:02:672	exp.	10,28	-28,34	348,50
07:23:02:682	exp.	10,30	-33,98	341,30
07:23:02:692	exp.	10,24	-38,80	334,60
07:23:02:701	exp.	10,13	-42,30	328,30
07:23:02:712	exp.	10,03	-44,21	322,30
07:23:02:723	exp.	9,96	-44,63	316,60
07:23:02:732	exp.	9,92	-43,85	311,10
07:23:02:741	exp.	9,89	-42,49	305,70
07:23:02:752	exp.	9,86	-40,66	300,30
07:23:02:762	exp.	9,81	-38,78	295,10
07:23:02:772	exp.	9,79	-37,10	289,80
07:23:02:782	exp.	9,74	-35,60	284,60
07:23:02:792	exp.	9,70	-34,28	279,50
07:23:02:801	exp.	9,66	-33,19	274,50
07:23:02:812	exp.	9,63	-32,35	269,50
07:23:02:822	exp.	9,60	-31,73	264,60
07:23:02:832	exp.	9,57	-31,27	259,80
07:23:02:842	exp.	9,54	-30,89	255,10
07:23:02:852	exp.	9,50	-30,53	250,40
07:23:02:862	exp.	9,49	-30,16	245,80
07:23:02:872	exp.	9,47	-29,76	241,30
07:23:02:882	exp.	9,46	-29,34	236,80
07:23:02:892	exp.	9,40	-28,90	232,40
07:23:02:902	exp.	9,35	-28,48	228,10
07:23:02:913	exp.	9,29	-28,06	223,80
07:23:02:922	exp.	9,23	-27,64	219,60
07:23:02:932	exp.	9,17	-27,23	215,50
07:23:02:942	exp.	9,10	-26,81	211,50
07:23:02:952	exp.	9,05	-26,38	207,60
07:23:02:962	exp.	9,02	-25,96	203,70
07:23:02:972	exp.	8,98	-25,52	200,00
07:23:02:982	exp.	8,96	-25,06	196,30
07:23:02:991	exp.	8,97	-24,58	192,70
07:23:03:001	exp.	8,97	-24,07	189,30
07:23:03:012	exp.	8,96	-23,55	185,90
07:23:03:022	exp.	8,92	-23,02	182,60
07:23:03:032	exp.	8,88	-22,49	179,40
07:23:03:042	exp.	8,84	-21,95	176,20
07:23:03:051	exp.	8,81	-21,41	173,10
07:23:03:061	exp.	8,80	-20,89	170,10
07:23:03:072	exp.	8,79	-20,38	167,20
07:23:03:082	exp.	8,78	-19,87	164,30
07:23:03:092	exp.	8,77	-19,39	161,40
07:23:03:101	exp.	8,75	-18,95	158,70
07:23:03:112	exp.	8,72	-18,54	155,90
07:23:03:123	exp.	8,71	-18,14	153,20
07:23:03:132	exp.	8,71	-17,77	150,50
07:23:03:141	exp.	8,72	-17,43	147,90
07:23:03:151	exp.	8,72	-17,10	145,30
07:23:03:162	exp.	8,74	-16,79	142,70
07:23:03:172	exp.	8,73	-16,52	140,20
07:23:03:182	exp.	8,72	-16,28	137,70
07:23:03:192	exp.	8,70	-16,06	135,20
07:23:03:202	exp.	8,68	-15,85	132,70
07:23:03:212	exp.	8,66	-15,67	130,30
07:23:03:221	exp.	8,64	-15,48	127,90
07:23:03:232	exp.	8,61	-15,29	125,50
07:23:03:241	exp.	8,57	-15,10	123,20
07:23:03:251	exp.	8,53	-14,92	121,00
07:23:03:262	exp.	8,51	-14,72	118,80
07:23:03:272	exp.	8,49	-14,51	116,70
07:23:03:282	exp.	8,49	-14,26	114,70
07:23:03:292	exp.	8,48	-13,97	112,70
07:23:03:301	exp.	8,48	-13,66	110,70
07:23:03:312	exp.	8,48	-13,34	108,80
07:23:03:325	exp.	8,46	-13,01	107,00
07:23:03:332	exp.	8,45	-12,69	105,20
07:23:03:342	exp.	8,44	-12,37	103,40
07:23:03:352	exp.	8,44	-12,04	101,70
07:23:03:362	exp.	8,46	-11,71	100,10
07:23:03:372	exp.	8,46	-11,39	98,40
07:23:03:382	exp.	8,45	-11,09	96,80
07:23:03:392	exp.	8,45	-10,81	95,20
07:23:03:402	exp.	8,44	-10,56	93,70
07:23:03:412	exp.	8,44	-10,32	92,20
07:23:03:422	exp.	8,45	-10,10	90,70
07:23:03:432	exp.	8,46	-9,88	89,20
07:23:03:442	exp.	8,47	-9,68	87,70
07:23:03:451	exp.	8,47	-9,50	86,30
07:23:03:462	exp.	8,45	-9,35	84,80
07:23:03:472	exp.	8,44	-9,20	83,40
07:23:03:482	exp.	8,43	-9,07	82,10
07:23:03:491	exp.	8,41	-8,94	80,70
07:23:03:502	exp.	8,38	-8,80	79,40
07:23:03:512	exp.	8,32	-8,66	78,10
07:23:03:523	exp.	8,26	-8,52	76,90
07:23:03:532	exp.	8,22	-8,36	75,80
07:23:03:541	exp.	8,21	-8,17	74,70
07:23:03:551	exp.	8,21	-7,95	73,70
07:23:03:562	exp.	8,24	-7,70	72,70
07:23:03:572	exp.	8,25	-7,43	71,70
07:23:03:582	exp.	8,25	-7,16	70,80
07:23:03:591	exp.	8,25	-6,90	69,80
07:23:03:601	exp.	8,23	-6,64	69,00
07:23:03:612	exp.	8,21	-6,38	68,10
07:23:03:621	exp.	8,21	-6,12	67,30
07:23:03:632	exp.	8,22	-5,86	66,60
07:23:03:642	exp.	8,25	-5,62	65,80
07:23:03:651	exp.	8,27	-5,39	65,10
07:23:03:661	exp.	8,29	-5,19	64,40
07:23:03:672	exp.	8,31	-5,00	63,80
07:23:03:682	exp.	8,33	-4,83	63,10
07:23:03:692	exp.	8,36	-4,66	62,40
07:23:03:701	exp.	8,39	-4,49	61,80
07:23:03:712	exp.	8,43	-4,34	61,10
07:23:03:723	exp.	8,47	-4,21	60,40
07:23:03:732	exp.	8,50	-4,13	59,60
07:23:03:741	exp.	8,51	-4,10	58,80
07:23:03:751	exp.	8,50	-4,13	57,90
07:23:03:762	exp.	8,49	-4,22	57,00
07:23:03:772	exp.	8,49	-4,34	56,10
07:23:03:782	exp.	8,50	-4,50	55,10
07:23:03:792	exp.	8,51	-4,69	54,00
07:23:03:802	exp.	8,51	-4,90	53,00
07:23:03:812	exp.	8,48	-5,14	52,00
07:23:03:821	exp.	8,44	-5,39	50,90
07:23:03:832	exp.	8,40	-5,63	49,90
07:23:03:842	exp.	8,36	-5,83	48,90
07:23:03:852	exp.	8,36	-5,97	47,90
07:23:03:862	exp.	8,38	-6,05	46,90
07:23:03:872	exp.	8,39	-6,08	45,90
07:23:03:882	exp.	8,39	-6,09	45,00
07:23:03:892	exp.	8,38	-6,09	44,00
07:23:03:901	exp.	8,36	-6,07	43,00
07:23:03:912	exp.	8,34	-6,04	42,10
07:23:03:925	exp.	8,34	-5,97	41,10
07:23:03:932	exp.	8,34	-5,89	40,20
07:23:03:942	exp.	8,34	-5,80	39,30
07:23:03:951	exp.	8,34	-5,74	38,40
07:23:03:962	exp.	8,30	-5,71	37,50
07:23:03:972	exp.	8,29	-5,69	36,60
07:23:03:982	exp.	8,30	-5,67	35,70
07:23:03:991	exp.	8,33	-5,62	34,80
07:23:04:002	exp.	8,37	-5,57	33,90
07:23:04:012	exp.	8,37	-5,51	33,00
07:23:04:022	exp.	8,36	-5,47	32,10
07:23:04:032	exp.	8,32	-5,45	31,20
07:23:04:041	exp.	8,29	-5,43	30,40
07:23:04:051	exp.	8,27	-5,40	29,60
07:23:04:061	exp.	8,25	-5,35	28,80
07:23:04:072	exp.	8,19	-5,27	28,00
07:23:04:082	exp.	8,14	-5,20	27,30
07:23:04:092	exp.	8,08	-5,11	26,70
07:23:04:101	exp.	8,03	-4,99	26,20
07:23:04:112	exp.	8,01	-4,82	25,70
07:23:04:122	exp.	8,00	-4,58	25,30
07:23:04:132	exp.	7,98	-4,27	25,00
07:23:04:142	exp.	7,95	-3,92	24,70
07:23:04:151	exp.	7,93	-3,56	24,50
07:23:04:162	exp.	7,93	-3,20	24,30
07:23:04:172	exp.	7,93	-2,84	24,20
07:23:04:182	exp.	7,91	-2,47	24,00
07:23:04:191	exp.	7,89	-2,12	23,90
07:23:04:201	exp.	7,87	-1,78	23,80
07:23:04:212	exp.	7,87	-1,47	23,80
07:23:04:222	exp.	7,88	-1,21	23,80
07:23:04:232	exp.	7,90	-0,98	23,70
07:23:04:241	exp.	7,93	-0,80	23,70
07:23:04:251	exp.	7,97	-0,65	23,70
07:23:04:262	exp.	8,00	-0,53	23,60
07:23:04:272	exp.	8,03	-0,43	23,60
07:23:04:282	exp.	8,08	-0,35	23,50
07:23:04:291	exp.	8,14	-0,29	23,40
07:23:04:302	exp.	8,19	-0,26	23,30
07:23:04:312	exp.	8,24	-0,26	23,20
07:23:04:322	exp.	8,28	-0,29	23,10
07:23:04:332	exp.	8,29	-0,35	22,90
07:23:04:342	exp.	8,32	-0,44	22,80
07:23:04:352	exp.	8,34	-0,53	22,60
07:23:04:362	exp.	8,37	-0,61	22,40
07:23:04:372	exp.	8,37	-0,70	22,20
07:23:04:382	exp.	8,35	-0,77	22,00
07:23:04:392	exp.	8,30	-0,86	21,90
07:23:04:401	exp.	8,27	-0,92	21,70
07:23:04:412	exp.	8,25	-0,97	21,60
07:23:04:422	exp.	8,26	-0,98	21,50
07:23:04:432	exp.	8,30	-0,97	21,30
07:23:04:442	exp.	8,34	-0,95	21,10
07:23:04:451	exp.	8,35	-0,95	20,90
07:23:04:462	exp.	8,36	-0,97	20,70
07:23:04:472	exp.	8,35	-1,02	20,40
07:23:04:482	exp.	8,34	-1,06	20,20
07:23:04:491	exp.	8,33	-1,09	20,00
07:23:04:502	exp.	8,33	-1,12	19,70
07:23:04:512	exp.	8,35	-1,15	19,50
07:23:04:523	exp.	8,36	-1,21	19,20
07:23:04:532	exp.	8,35	-1,30	18,90
07:23:04:541	exp.	8,35	-1,39	18,60
07:23:04:551	exp.	8,34	-1,48	18,30
07:23:04:562	exp.	8,35	-1,53	18,00
07:23:04:572	exp.	8,38	-1,57	17,70
07:23:04:582	exp.	8,40	-1,59	17,40
07:23:04:591	exp.	8,40	-1,64	17,00
07:23:04:602	exp.	8,39	-1,70	16,70
07:23:04:612	exp.	8,36	-1,79	16,30
07:23:04:622	exp.	8,34	-1,88	16,00
07:23:04:632	exp.	8,30	-1,94	15,60
07:23:04:642	exp.	8,24	-1,99	15,30
07:23:04:652	exp.	8,17	-2,01	15,10
07:23:04:662	exp.	8,09	-2,01	14,80
07:23:04:672	exp.	8,04	-2,00	14,60
07:23:04:682	exp.	8,02	-1,96	14,40
07:23:04:692	exp.	8,02	-1,88	14,30
07:23:04:701	exp.	8,01	-1,75	14,30
07:23:04:712	exp.	8,00	-1,57	14,20
07:23:04:723	exp.	7,97	-1,38	14,20
07:23:04:732	exp.	7,95	-1,19	14,20
07:23:04:741	exp.	7,94	-0,98	14,20
07:23:04:751	exp.	7,93	-0,78	14,20
07:23:04:762	exp.	7,93	-0,58	14,20
07:23:04:771	exp.	7,93	-0,38	14,20
07:23:04:782	exp.	7,92	-0,22	14,20
07:23:04:791	exp.	7,92	-0,09	14,20
07:23:04:802	exp.	7,93	0,00	14,20
07:23:04:812	exp.	7,95	0,06	14,20
07:23:04:821	exp.	7,96	0,11	14,20
07:23:04:832	exp.	8,00	0,14	14,20
07:23:04:842	exp.	8,04	0,15	14,20
07:23:04:852	exp.	8,10	0,14	14,10
07:23:04:862	exp.	8,16	0,12	14,10
07:23:04:872	exp.	8,22	0,07	14,00
07:23:04:882	exp.	8,26	0,00	13,90
07:23:04:892	exp.	8,29	-0,09	13,70
07:23:04:901	exp.	8,31	-0,19	13,60
07:23:04:912	exp.	8,33	-0,30	13,40
07:23:04:925	exp.	8,35	-0,41	13,20
07:23:04:932	exp.	8,35	-0,52	13,10
07:23:04:942	exp.	8,35	-0,63	12,90
07:23:04:952	exp.	8,33	-0,74	12,70
07:23:04:962	exp.	8,29	-0,85	12,50
07:23:04:972	exp.	8,26	-0,94	12,30
07:23:04:982	exp.	8,25	-1,01	12,10
07:23:04:991	exp.	8,26	-1,05	11,90
07:23:05:001	exp.	8,29	-1,07	11,70
07:23:05:012	exp.	8,33	-1,09	11,40
07:23:05:022	exp.	8,34	-1,13	11,20
07:23:05:032	exp.	8,33	-1,19	10,90
07:23:05:041	exp.	8,31	-1,27	10,60
07:23:05:051	exp.	8,29	-1,35	10,30
07:23:05:061	exp.	8,29	-1,42	10,00
07:23:05:072	exp.	8,29	-1,48	9,70
07:23:05:082	exp.	8,32	-1,54	9,30
07:23:05:091	exp.	8,32	-1,60	9,00
07:23:05:101	exp.	8,32	-1,69	8,70
07:23:05:112	exp.	8,31	-1,78	8,30
07:23:05:123	exp.	8,28	-1,86	8,00
07:23:05:132	exp.	8,28	-1,91	7,60
07:23:05:142	exp.	8,29	-1,94	7,30
07:23:05:152	exp.	8,30	-1,95	6,90
07:23:05:162	exp.	8,31	-1,97	6,60
07:23:05:172	exp.	8,31	-2,00	6,20
07:23:05:182	exp.	8,27	-2,04	5,90
07:23:05:191	exp.	8,24	-2,08	5,60
07:23:05:201	exp.	8,21	-2,11	5,20
07:23:05:212	exp.	8,16	-2,10	4,90
07:23:05:222	exp.	8,09	-2,08	4,70
07:23:05:232	exp.	8,02	-2,04	4,50
07:23:05:242	exp.	7,95	-1,99	4,30
07:23:05:251	exp.	7,90	-1,91	4,20
07:23:05:262	exp.	7,87	-1,79	4,20
07:23:05:272	exp.	7,85	-1,61	4,20
07:23:05:282	exp.	7,83	-1,39	4,20
07:23:05:292	exp.	7,81	-1,15	4,20
07:23:05:302	exp.	7,79	-0,89	4,20
07:23:05:312	exp.	7,78	-0,65	4,20
07:23:05:326	exp.	7,78	-0,42	4,20
07:23:05:332	exp.	7,77	-0,20	4,20
07:23:05:342	exp.	7,75	-0,01	4,20
07:23:05:352	exp.	7,75	0,16	4,20
07:23:05:362	exp.	7,74	0,29	4,20
07:23:05:372	exp.	7,73	0,39	4,20
07:23:05:382	exp.	7,74	0,45	4,20
07:23:05:391	exp.	7,75	0,50	4,20
07:23:05:401	exp.	7,77	0,53	4,20
07:23:05:412	exp.	7,79	0,56	4,20
07:23:05:422	exp.	7,82	0,59	4,20
07:23:05:432	exp.	7,86	0,61	4,20
07:23:05:442	exp.	7,90	0,62	4,20
07:23:05:452	exp.	7,93	0,62	4,20
07:23:05:462	exp.	7,95	0,61	4,20
07:23:05:472	exp.	7,94	0,57	4,20
07:23:05:482	exp.	7,93	0,52	4,20
07:23:05:492	exp.	7,92	0,46	4,20
07:23:05:501	exp.	7,91	0,40	4,20
07:23:05:511	exp.	7,88	0,37	4,20
07:23:05:523	exp.	7,84	0,34	4,20
07:23:05:532	exp.	7,80	0,32	4,20
07:23:05:542	exp.	7,73	0,31	4,20
07:23:05:551	exp.	7,66	0,32	4,20
07:23:05:562	exp.	7,62	0,37	4,20
07:23:05:572	exp.	7,57	0,44	4,20
07:23:05:582	exp.	7,53	0,55	4,20
07:23:05:591	exp.	7,48	0,67	4,20
07:23:05:602	exp.	7,42	0,78	4,20
07:23:05:612	exp.	7,36	0,89	4,20
07:23:05:623	insp.	7,29	1,00	0,30	Pression
07:23:05:632	insp.	7,24	1,12	0,70
07:23:05:641	insp.	7,23	1,28	1,00
07:23:05:651	insp.	7,26	1,44	1,50
07:23:05:661	insp.	8,26	1,57	2,10
07:23:05:672	insp.	10,12	1,72	2,80
07:23:05:682	insp.	11,34	1,86	4,00
07:23:05:692	insp.	11,54	2,03	6,00
07:23:05:701	insp.	11,74	2,54	9,10
07:23:05:712	insp.	12,45	3,74	13,10
07:23:05:723	insp.	13,13	5,72	18,00
07:23:05:732	insp.	13,65	8,39	23,80
07:23:05:742	insp.	14,21	11,64	30,30
07:23:05:751	insp.	14,79	15,35	37,00
07:23:05:762	insp.	15,22	19,24	44,00
07:23:05:771	insp.	15,56	23,09	51,30
07:23:05:782	insp.	15,91	27,11	58,90
07:23:05:792	insp.	16,21	31,34	66,70
07:23:05:801	insp.	16,45	35,38	74,70
07:23:05:812	insp.	16,65	38,81	82,80
07:23:05:822	insp.	16,82	41,54	91,00
07:23:05:832	insp.	17,02	43,63	99,30
07:23:05:842	insp.	17,23	45,16	107,60
07:23:05:852	insp.	17,37	46,22	115,90
07:23:05:862	insp.	17,50	47,13	124,20
07:23:05:872	insp.	17,59	48,02	132,40
07:23:05:882	insp.	17,67	48,72	140,60
07:23:05:892	insp.	17,74	49,13	148,70
07:23:05:902	insp.	17,83	49,36	156,80
07:23:05:912	insp.	17,88	49,46	164,80
07:23:05:922	insp.	17,91	49,42	172,70
07:23:05:932	insp.	17,97	49,25	180,50
07:23:05:942	insp.	18,02	49,00	188,20
07:23:05:952	insp.	18,04	48,67	195,80
07:23:05:962	insp.	18,07	48,26	203,30
07:23:05:972	insp.	18,09	47,80	210,70
07:23:05:982	insp.	18,15	47,30	218,00
07:23:05:991	insp.	18,18	46,76	225,10
07:23:06:001	insp.	18,22	46,18	232,10
07:23:06:012	insp.	18,26	45,55	239,00
07:23:06:022	insp.	18,33	44,91	245,80
07:23:06:032	insp.	18,34	44,24	252,40
07:23:06:042	insp.	18,33	43,53	259,00
07:23:06:051	insp.	18,32	42,81	265,40
07:23:06:062	insp.	18,32	42,08	271,60
07:23:06:071	insp.	18,32	41,36	277,80
07:23:06:082	insp.	18,29	40,62	283,80
07:23:06:092	insp.	18,28	39,88	289,80
07:23:06:102	insp.	18,28	39,14	295,60
07:23:06:112	insp.	18,27	38,41	301,30
07:23:06:123	insp.	18,26	37,67	306,80
07:23:06:132	insp.	18,26	36,95	312,30
07:23:06:142	insp.	18,29	36,26	317,70
07:23:06:152	insp.	18,30	35,58	322,90
07:23:06:162	insp.	18,33	34,90	328,10
07:23:06:172	insp.	18,35	34,22	333,10
07:23:06:182	insp.	18,36	33,53	338,00
07:23:06:191	insp.	18,38	32,86	342,80
07:23:06:201	insp.	18,42	32,18	347,50
07:23:06:212	insp.	18,45	31,51	352,10
07:23:06:222	insp.	18,48	30,86	356,60
07:23:06:232	insp.	18,52	30,20	360,90
07:23:06:241	insp.	18,55	29,52	365,10
07:23:06:251	insp.	18,60	28,83	369,20
07:23:06:262	insp.	18,64	28,13	373,20
07:23:06:272	insp.	18,67	27,43	377,00
07:23:06:282	insp.	18,69	26,71	380,70
07:23:06:291	insp.	18,74	25,97	384,20
07:23:06:301	insp.	18,78	25,23	387,60
07:23:06:312	insp.	18,79	24,46	390,80
07:23:06:323	insp.	18,77	23,66	393,90
07:23:06:332	insp.	18,75	22,84	396,90
07:23:06:342	insp.	18,73	22,01	399,70
07:23:06:352	exp.	18,67	21,17	402,40
07:23:06:362	exp.	18,56	20,33	405,00
07:23:06:372	exp.	17,36	19,51	407,50
07:23:06:382	exp.	16,70	18,68	409,80
07:23:06:392	exp.	15,50	18,13	411,30
07:23:06:402	exp.	13,06	17,36	412,00
07:23:06:412	exp.	11,44	16,33	411,50
07:23:06:424	exp.	10,67	14,81	409,30
07:23:06:432	exp.	10,06	12,36	405,40
07:23:06:442	exp.	9,65	8,68	399,80
07:23:06:451	exp.	9,56	3,83	393,30
07:23:06:462	exp.	9,70	-1,93	385,90
07:23:06:472	exp.	9,86	-8,08	377,90
07:23:06:482	exp.	10,04	-14,62	370,10
07:23:06:492	exp.	10,21	-21,27	362,50
07:23:06:502	exp.	10,29	-27,38	355,20
07:23:06:512	exp.	10,31	-32,98	348,30
07:23:06:522	exp.	10,26	-37,79	341,70
07:23:06:532	exp.	10,16	-41,32	335,40
07:23:06:541	exp.	10,08	-43,27	329,50
07:23:06:552	exp.	10,02	-43,73	323,80
07:23:06:562	exp.	9,97	-43,03	318,30
07:23:06:571	exp.	9,96	-41,77	312,80
07:23:06:582	exp.	9,95	-39,98	307,40
07:23:06:591	exp.	9,93	-38,24	302,00
07:23:06:601	exp.	9,91	-36,76	296,70
07:23:06:612	exp.	9,88	-35,45	291,40
07:23:06:622	exp.	9,80	-34,31	286,10
07:23:06:632	exp.	9,74	-33,41	281,00
07:23:06:641	exp.	9,69	-32,74	275,80
07:23:06:651	exp.	9,64	-32,26	270,80
07:23:06:662	exp.	9,59	-31,88	265,80
07:23:06:672	exp.	9,52	-31,59	260,90
07:23:06:682	exp.	9,48	-31,31	256,10
07:23:06:692	exp.	9,44	-31,00	251,40
07:23:06:702	exp.	9,40	-30,63	246,80
07:23:06:712	exp.	9,38	-30,22	242,20
07:23:06:722	exp.	9,35	-29,75	237,80
07:23:06:732	exp.	9,31	-29,26	233,50
07:23:06:741	exp.	9,27	-28,76	229,20
07:23:06:751	exp.	9,22	-28,26	225,00
07:23:06:762	exp.	9,17	-27,74	221,00
07:23:06:772	exp.	9,14	-27,20	217,00
07:23:06:782	exp.	9,12	-26,65	213,10
07:23:06:791	exp.	9,11	-26,09	209,20
07:23:06:801	exp.	9,10	-25,54	205,50
07:23:06:812	exp.	9,07	-25,01	201,80
07:23:06:821	exp.	9,03	-24,50	198,10
07:23:06:832	exp.	9,02	-24,02	194,50
07:23:06:842	exp.	9,01	-23,55	191,00
07:23:06:852	exp.	9,02	-23,10	187,50
07:23:06:862	exp.	9,02	-22,67	184,10
07:23:06:872	exp.	9,02	-22,27	180,70
07:23:06:882	exp.	9,01	-21,89	177,40
07:23:06:892	exp.	8,95	-21,55	174,10
07:23:06:902	exp.	8,91	-21,22	170,90
07:23:06:912	exp.	8,86	-20,90	167,70
07:23:06:922	exp.	8,82	-20,59	164,60
07:23:06:932	exp.	8,77	-20,26	161,60
07:23:06:942	exp.	8,72	-19,93	158,70
07:23:06:952	exp.	8,68	-19,60	155,80
07:23:06:961	exp.	8,63	-19,26	153,00
07:23:06:972	exp.	8,61	-18,90	150,30
07:23:06:982	exp.	8,59	-18,51	147,60
07:23:06:992	exp.	8,59	-18,10	145,10
07:23:07:002	exp.	8,57	-17,65	142,70
07:23:07:012	exp.	8,55	-17,19	140,30
07:23:07:021	exp.	8,54	-16,72	138,00
07:23:07:032	exp.	8,50	-16,24	135,80
07:23:07:041	exp.	8,47	-15,76	133,60
07:23:07:052	exp.	8,45	-15,26	131,50
07:23:07:062	exp.	8,45	-14,76	129,50
07:23:07:071	exp.	8,44	-14,28	127,60
07:23:07:082	exp.	8,45	-13,82	125,60
07:23:07:092	exp.	8,46	-13,38	123,80
07:23:07:101	exp.	8,46	-12,97	122,00
07:23:07:112	exp.	8,46	-12,58	120,20
07:23:07:123	exp.	8,47	-12,21	118,40
07:23:07:132	exp.	8,47	-11,86	116,80
07:23:07:142	exp.	8,48	-11,53	115,10
07:23:07:151	exp.	8,51	-11,23	113,40
07:23:07:162	exp.	8,53	-10,96	111,80
07:23:07:172	exp.	8,54	-10,70	110,20
07:23:07:182	exp.	8,54	-10,48	108,60
07:23:07:191	exp.	8,51	-10,28	107,00
07:23:07:202	exp.	8,49	-10,10	105,50
07:23:07:212	exp.	8,48	-9,94	104,00
07:23:07:222	exp.	8,47	-9,79	102,50
07:23:07:232	exp.	8,44	-9,64	101,00
07:23:07:241	exp.	8,40	-9,52	99,50
07:23:07:251	exp.	8,36	-9,41	98,10
07:23:07:262	exp.	8,32	-9,30	96,70
07:23:07:272	exp.	8,30	-9,17	95,40
07:23:07:282	exp.	8,28	-9,02	94,10
07:23:07:292	exp.	8,28	-8,83	92,90
07:23:07:301	exp.	8,27	-8,62	91,70
07:23:07:312	exp.	8,26	-8,39	90,60
07:23:07:325	exp.	8,24	-8,17	89,40
07:23:07:332	exp.	8,24	-7,94	88,40
07:23:07:342	exp.	8,23	-7,69	87,30
07:23:07:352	exp.	8,23	-7,43	86,30
07:23:07:362	exp.	8,23	-7,16	85,30
07:23:07:371	exp.	8,24	-6,91	84,40
07:23:07:382	exp.	8,25	-6,68	83,40
07:23:07:392	exp.	8,24	-6,48	82,50
07:23:07:401	exp.	8,23	-6,31	81,60
07:23:07:412	exp.	8,22	-6,15	80,70
07:23:07:422	exp.	8,22	-5,99	79,80
07:23:07:432	exp.	8,25	-5,83	79,00
07:23:07:442	exp.	8,28	-5,68	78,20
07:23:07:451	exp.	8,29	-5,54	77,40
07:23:07:462	exp.	8,27	-5,42	76,60
07:23:07:472	exp.	8,25	-5,31	75,80
07:23:07:482	exp.	8,23	-5,20	75,10
07:23:07:491	exp.	8,21	-5,09	74,40
07:23:07:502	exp.	8,19	-4,96	73,70
07:23:07:512	exp.	8,13	-4,82	73,10
07:23:07:523	exp.	8,07	-4,67	72,50
07:23:07:532	exp.	8,00	-4,51	72,10
07:23:07:541	exp.	7,95	-4,33	71,60
07:23:07:551	exp.	7,93	-4,10	71,30
07:23:07:562	exp.	7,91	-3,82	71,00
07:23:07:572	exp.	7,90	-3,52	70,80
07:23:07:582	exp.	7,89	-3,17	70,60
07:23:07:591	exp.	7,89	-2,83	70,50
07:23:07:601	exp.	7,88	-2,48	70,30
07:23:07:612	exp.	7,87	-2,15	70,20
07:23:07:622	exp.	7,85	-1,84	70,10
07:23:07:631	exp.	7,85	-1,55	70,10
07:23:07:642	exp.	7,84	-1,27	70,00
07:23:07:652	exp.	7,84	-1,04	70,00
07:23:07:662	exp.	7,85	-0,84	70,00
07:23:07:672	exp.	7,86	-0,68	69,90
07:23:07:682	exp.	7,87	-0,55	69,90
07:23:07:692	exp.	7,90	-0,44	69,90
07:23:07:701	exp.	7,93	-0,35	69,90
07:23:07:712	exp.	7,97	-0,26	69,90
07:23:07:723	exp.	8,03	-0,20	69,80
07:23:07:732	exp.	8,10	-0,15	69,80
07:23:07:741	exp.	8,15	-0,13	69,70
07:23:07:751	exp.	8,18	-0,15	69,50
07:23:07:762	exp.	8,20	-0,20	69,40
07:23:07:772	exp.	8,21	-0,27	69,30
07:23:07:782	exp.	8,22	-0,35	69,20
07:23:07:792	exp.	8,22	-0,43	69,00
07:23:07:801	exp.	8,22	-0,50	68,90
07:23:07:812	exp.	8,18	-0,57	68,80
07:23:07:821	exp.	8,14	-0,63	68,70
07:23:07:832	exp.	8,10	-0,68	68,70
07:23:07:842	exp.	8,05	-0,70	68,60
07:23:07:852	exp.	8,04	-0,68	68,60
07:23:07:862	exp.	8,04	-0,62	68,60
07:23:07:872	exp.	8,05	-0,55	68,50
07:23:07:882	exp.	8,06	-0,48	68,50
07:23:07:892	exp.	8,06	-0,42	68,40
07:23:07:902	exp.	8,04	-0,37	68,40
07:23:07:912	exp.	8,04	-0,34	68,30
07:23:07:924	exp.	8,04	-0,31	68,20
07:23:07:932	exp.	8,05	-0,29	68,20
07:23:07:942	exp.	8,06	-0,27	68,10
07:23:07:952	exp.	8,07	-0,28	68,10
07:23:07:961	exp.	8,05	-0,30	68,00
07:23:07:972	exp.	8,04	-0,34	67,90
07:23:07:982	exp.	8,01	-0,37	67,90
07:23:07:991	exp.	8,02	-0,38	67,80
07:23:08:002	exp.	8,04	-0,37	67,80
07:23:08:012	exp.	8,07	-0,34	67,70
07:23:08:022	exp.	8,09	-0,32	67,70
07:23:08:032	exp.	8,08	-0,32	67,60
07:23:08:041	exp.	8,06	-0,33	67,60
07:23:08:051	exp.	8,03	-0,34	67,50
07:23:08:062	exp.	7,99	-0,35	67,50
07:23:08:072	exp.	7,95	-0,33	67,50
07:23:08:082	exp.	7,89	-0,29	67,50
07:23:08:092	exp.	7,82	-0,25	67,50
07:23:08:101	exp.	7,75	-0,20	67,50
07:23:08:112	exp.	7,67	-0,14	67,50
07:23:08:123	exp.	7,63	-0,06	67,50
07:23:08:132	exp.	7,60	0,06	67,50
07:23:08:142	exp.	7,58	0,22	67,50
07:23:08:151	exp.	7,56	0,38	67,50
07:23:08:162	exp.	7,55	0,55	67,50
07:23:08:172	exp.	7,53	0,70	67,50
07:23:08:182	exp.	7,51	0,82	67,50
07:23:08:191	exp.	7,47	0,92	67,50
07:23:08:203	insp.	7,43	1,03	0,30	Pression
07:23:08:212	insp.	7,45	1,15	0,60
07:23:08:222	insp.	7,45	1,27	0,90
07:23:08:232	insp.	7,87	1,34	1,40
07:23:08:241	insp.	9,36	1,43	1,90
07:23:08:252	insp.	10,92	1,52	2,70
07:23:08:261	insp.	11,61	1,61	4,20
07:23:08:272	insp.	11,74	1,87	6,50
07:23:08:282	insp.	12,15	2,62	9,80
07:23:08:292	insp.	12,90	4,10	14,00
07:23:08:302	insp.	13,53	6,31	19,00
07:23:08:312	insp.	14,08	9,11	24,80
07:23:08:323	insp.	14,67	12,42	31,10
07:23:08:332	insp.	15,23	16,06	37,50
07:23:08:342	insp.	15,62	19,74	44,30
07:23:08:352	insp.	15,93	23,45	51,30
07:23:08:362	insp.	16,27	27,37	58,50
07:23:08:371	insp.	16,61	31,34	65,90
07:23:08:382	insp.	16,81	34,94	73,50
07:23:08:392	insp.	16,97	37,87	81,20
07:23:08:402	insp.	17,12	40,12	88,90
07:23:08:412	insp.	17,25	41,80	96,60
07:23:08:422	insp.	17,36	42,95	104,40
07:23:08:432	insp.	17,44	43,81	112,10
07:23:08:442	insp.	17,52	44,62	119,90
07:23:08:451	insp.	17,62	45,37	127,60
07:23:08:462	insp.	17,65	45,89	135,30
07:23:08:472	insp.	17,67	46,16	142,90
07:23:08:482	insp.	17,72	46,29	150,50
07:23:08:492	insp.	17,75	46,33	158,00
07:23:08:501	insp.	17,79	46,25	165,40
07:23:08:512	insp.	17,80	46,11	172,80
07:23:08:523	insp.	17,85	45,92	180,10
07:23:08:532	insp.	17,86	45,65	187,30
07:23:08:541	insp.	17,87	45,32	194,40
07:23:08:552	insp.	17,90	44,95	201,50
07:23:08:562	insp.	17,93	44,56	208,50
07:23:08:572	insp.	17,99	44,16	215,40
07:23:08:582	insp.	18,02	43,73	222,20
07:23:08:591	insp.	18,04	43,28	228,90
07:23:08:601	insp.	18,05	42,82	235,50
07:23:08:612	insp.	18,06	42,32	242,00
07:23:08:621	insp.	18,06	41,81	248,50
07:23:08:632	insp.	18,07	41,30	254,80
07:23:08:642	insp.	18,04	40,79	261,10
07:23:08:651	insp.	18,00	40,27	267,30
07:23:08:661	insp.	17,96	39,76	273,50
07:23:08:672	insp.	17,95	39,23	279,50
07:23:08:682	insp.	17,97	38,72	285,50
07:23:08:692	insp.	18,01	38,23	291,40
07:23:08:702	insp.	18,07	37,75	297,20
07:23:08:712	insp.	18,14	37,26	302,90
07:23:08:722	insp.	18,19	36,77	308,50
07:23:08:732	insp.	18,23	36,27	314,00
07:23:08:741	insp.	18,26	35,76	319,40
07:23:08:752	insp.	18,32	35,24	324,70
07:23:08:762	insp.	18,38	34,73	329,90
07:23:08:772	insp.	18,44	34,19	335,00
07:23:08:782	insp.	18,51	33,64	340,00
07:23:08:791	insp.	18,57	33,04	344,80
07:23:08:801	insp.	18,61	32,42	349,50
07:23:08:812	insp.	18,66	31,77	354,10
07:23:08:822	insp.	18,71	31,10	358,50
07:23:08:832	insp.	18,76	30,41	362,80
07:23:08:842	insp.	18,83	29,69	366,90
07:23:08:852	insp.	18,89	28,94	370,80
07:23:08:862	insp.	18,94	28,14	374,60
07:23:08:872	insp.	18,98	27,30	378,20
07:23:08:882	insp.	19,03	26,42	381,60
07:23:08:892	insp.	19,05	25,50	384,90
07:23:08:901	insp.	19,03	24,55	387,90
07:23:08:912	insp.	18,98	23,56	390,80
07:23:08:922	insp.	18,94	22,56	393,50
07:23:08:932	insp.	18,88	21,54	396,10
07:23:08:942	exp.	18,82	20,51	398,50
07:23:08:952	exp.	18,09	19,49	400,80
07:23:08:962	exp.	16,98	18,44	403,00
07:23:08:972	exp.	16,27	17,68	404,40
07:23:08:982	exp.	13,85	16,80	405,00
07:23:08:992	exp.	11,83	15,66	404,50
07:23:09:002	exp.	10,82	14,11	402,40
07:23:09:012	exp.	10,14	11,72	398,60
07:23:09:022	exp.	9,67	8,20	393,10
07:23:09:032	exp.	9,55	3,51	386,60
07:23:09:042	exp.	9,68	-2,15	379,10
07:23:09:051	exp.	9,85	-8,24	371,00
07:23:09:062	exp.	10,04	-14,69	362,90
07:23:09:072	exp.	10,25	-21,40	355,00
07:23:09:082	exp.	10,39	-27,66	347,30
07:23:09:092	exp.	10,43	-33,37	340,00
07:23:09:102	exp.	10,41	-38,35	333,00
07:23:09:112	exp.	10,32	-42,17	326,30
07:23:09:122	exp.	10,22	-44,52	319,90
07:23:09:132	exp.	10,16	-45,38	313,80
07:23:09:141	exp.	10,13	-44,99	307,90
07:23:09:151	exp.	10,09	-43,97	302,20
07:23:09:162	exp.	10,06	-42,33	296,50
07:23:09:172	exp.	10,02	-40,56	291,00
07:23:09:182	exp.	9,96	-38,96	285,50
07:23:09:191	exp.	9,91	-37,52	280,10
07:23:09:201	exp.	9,89	-36,24	274,70
07:23:09:212	exp.	9,81	-35,16	269,40
07:23:09:222	exp.	9,74	-34,30	264,10
07:23:09:232	exp.	9,66	-33,61	258,90
07:23:09:242	exp.	9,60	-33,07	253,80
07:23:09:251	exp.	9,57	-32,62	248,80
07:23:09:261	exp.	9,55	-32,23	243,80
07:23:09:271	exp.	9,54	-31,84	239,00
07:23:09:282	exp.	9,51	-31,44	234,20
07:23:09:292	exp.	9,48	-31,02	229,50
07:23:09:302	exp.	9,46	-30,58	225,00
07:23:09:312	exp.	9,42	-30,11	220,40
07:23:09:323	exp.	9,38	-29,63	216,00
07:23:09:332	exp.	9,36	-29,13	211,60
07:23:09:342	exp.	9,34	-28,61	207,30
07:23:09:352	exp.	9,33	-28,09	203,10
07:23:09:362	exp.	9,30	-27,58	198,90
07:23:09:372	exp.	9,28	-27,12	194,80
07:23:09:382	exp.	9,25	-26,68	190,70
07:23:09:392	exp.	9,24	-26,26	186,70
07:23:09:402	exp.	9,23	-25,87	182,70
07:23:09:412	exp.	9,23	-25,49	178,80
07:23:09:422	exp.	9,25	-25,13	174,90
07:23:09:432	exp.	9,28	-24,78	171,00
07:23:09:442	exp.	9,29	-24,47	167,20
07:23:09:452	exp.	9,27	-24,20	163,30
07:23:09:462	exp.	9,23	-23,96	159,50
07:23:09:472	exp.	9,18	-23,73	155,70
07:23:09:482	exp.	9,15	-23,53	152,00
07:23:09:492	exp.	9,11	-23,32	148,30
07:23:09:501	exp.	9,09	-23,12	144,60
07:23:09:512	exp.	9,03	-22,94	141,00
07:23:09:523	exp.	8,97	-22,78	137,40
07:23:09:532	exp.	8,93	-22,61	133,90
07:23:09:542	exp.	8,90	-22,42	130,50
07:23:09:551	exp.	8,89	-22,19	127,10
07:23:09:562	exp.	8,87	-21,93	123,80
07:23:09:571	exp.	8,85	-21,62	120,60
07:23:09:582	exp.	8,83	-21,29	117,50
07:23:09:591	exp.	8,82	-20,95	114,40
07:23:09:602	exp.	8,80	-20,57	111,40
07:23:09:612	exp.	8,80	-20,18	108,40
07:23:09:622	exp.	8,79	-19,75	105,50
07:23:09:632	exp.	8,78	-19,32	102,70
07:23:09:641	exp.	8,75	-18,90	99,90
07:23:09:651	exp.	8,72	-18,50	97,20
07:23:09:661	exp.	8,69	-18,13	94,50
07:23:09:672	exp.	8,66	-17,76	91,90
07:23:09:682	exp.	8,65	-17,39	89,30
07:23:09:691	exp.	8,65	-17,03	86,80
07:23:09:701	exp.	8,65	-16,67	84,40
07:23:09:712	exp.	8,66	-16,33	82,00
07:23:09:723	exp.	8,65	-16,01	79,60
07:23:09:732	exp.	8,60	-15,71	77,30
07:23:09:742	exp.	8,57	-15,40	75,10
07:23:09:751	exp.	8,56	-15,08	72,90
07:23:09:762	exp.	8,54	-14,76	70,70
07:23:09:772	exp.	8,50	-14,43	68,60
07:23:09:782	exp.	8,43	-14,11	66,60
07:23:09:791	exp.	8,36	-13,80	64,70
07:23:09:802	exp.	8,30	-13,49	62,80
07:23:09:812	exp.	8,28	-13,17	61,00
07:23:09:822	exp.	8,28	-12,81	59,40
07:23:09:832	exp.	8,31	-12,40	57,80
07:23:09:842	exp.	8,31	-11,95	56,30
07:23:09:852	exp.	8,29	-11,49	54,90
07:23:09:862	exp.	8,27	-11,03	53,50
07:23:09:872	exp.	8,26	-10,56	52,20
07:23:09:882	exp.	8,25	-10,08	51,00
07:23:09:892	exp.	8,25	-9,59	49,80
07:23:09:902	exp.	8,26	-9,10	48,70
07:23:09:912	exp.	8,27	-8,62	47,60
07:23:09:922	exp.	8,29	-8,18	46,50
07:23:09:932	exp.	8,30	-7,81	45,50
07:23:09:942	exp.	8,31	-7,48	44,50
07:23:09:952	exp.	8,32	-7,18	43,40
07:23:09:962	exp.	8,34	-6,93	42,40
07:23:09:972	exp.	8,37	-6,71	41,40
07:23:09:982	exp.	8,40	-6,52	40,40
07:23:09:991	exp.	8,46	-6,38	39,40
07:23:10:001	exp.	8,52	-6,26	38,30
07:23:10:012	exp.	8,56	-6,19	37,30
07:23:10:022	exp.	8,56	-6,17	36,20
07:23:10:032	exp.	8,54	-6,17	35,10
07:23:10:041	exp.	8,53	-6,21	33,90
07:23:10:051	exp.	8,52	-6,26	32,80
07:23:10:062	exp.	8,52	-6,32	31,70
07:23:10:072	exp.	8,52	-6,39	30,50
07:23:10:082	exp.	8,50	-6,47	29,40
07:23:10:092	exp.	8,46	-6,57	28,20
07:23:10:102	exp.	8,42	-6,67	27,10
07:23:10:112	exp.	8,40	-6,76	26,00
07:23:10:122	exp.	8,38	-6,80	24,90
07:23:10:132	exp.	8,40	-6,82	23,70
07:23:10:141	exp.	8,42	-6,80	22,60
07:23:10:151	exp.	8,44	-6,79	21,50
07:23:10:162	exp.	8,45	-6,78	20,40
07:23:10:172	exp.	8,44	-6,79	19,20
07:23:10:182	exp.	8,43	-6,79	18,10
07:23:10:191	exp.	8,43	-6,79	17,00
07:23:10:201	exp.	8,42	-6,76	15,90
07:23:10:212	exp.	8,41	-6,72	14,80
07:23:10:222	exp.	8,39	-6,68	13,80
07:23:10:232	exp.	8,39	-6,66	12,70
07:23:10:242	exp.	8,39	-6,64	11,70
07:23:10:252	exp.	8,41	-6,61	10,60
07:23:10:262	exp.	8,45	-6,57	9,50
07:23:10:271	exp.	8,48	-6,52	8,50
07:23:10:282	exp.	8,49	-6,46	7,40
07:23:10:292	exp.	8,48	-6,42	6,30
07:23:10:301	exp.	8,46	-6,41	5,30
07:23:10:312	exp.	8,44	-6,40	4,30
07:23:10:325	exp.	8,43	-6,38	3,20
07:23:10:332	exp.	8,39	-6,35	2,30
07:23:10:342	exp.	8,32	-6,32	1,30
07:23:10:352	exp.	8,25	-6,27	0,40
07:23:10:362	exp.	8,20	-6,21	-0,50
07:23:10:371	exp.	8,18	-6,13	-1,30
07:23:10:382	exp.	8,20	-6,01	-2,10
07:23:10:392	exp.	8,22	-5,84	-2,80
07:23:10:402	exp.	8,24	-5,62	-3,50
07:23:10:412	exp.	8,24	-5,38	-4,10
07:23:10:422	exp.	8,23	-5,15	-4,70
07:23:10:432	exp.	8,21	-4,92	-5,30
07:23:10:442	exp.	8,19	-4,67	-5,80
07:23:10:451	exp.	8,19	-4,42	-6,30
07:23:10:462	exp.	8,19	-4,15	-6,80
07:23:10:472	exp.	8,20	-3,89	-7,30
07:23:10:482	exp.	8,21	-3,66	-7,70
07:23:10:491	exp.	8,23	-3,46	-8,20
07:23:10:501	exp.	8,26	-3,28	-8,60
07:23:10:512	exp.	8,28	-3,13	-9,00
07:23:10:523	exp.	8,32	-2,98	-9,40
07:23:10:532	exp.	8,36	-2,84	-9,80
07:23:10:542	exp.	8,42	-2,71	-10,20
07:23:10:551	exp.	8,49	-2,61	-10,60
07:23:10:562	exp.	8,54	-2,54	-11,00
07:23:10:572	exp.	8,58	-2,50	-11,50
07:23:10:582	exp.	8,58	-2,49	-12,00
07:23:10:591	exp.	8,57	-2,50	-12,50
07:23:10:602	exp.	8,56	-2,53	-13,10
07:23:10:612	exp.	8,56	-2,60	-13,70
07:23:10:622	exp.	8,60	-2,71	-14,40
07:23:10:632	exp.	8,62	-2,85	-15,20
07:23:10:641	exp.	8,61	-3,06	-16,00
07:23:10:651	exp.	8,56	-3,32	-16,90
07:23:10:661	exp.	8,51	-3,61	-17,70
07:23:10:672	exp.	8,47	-3,90	-18,60
07:23:10:682	exp.	8,46	-4,16	-19,50
07:23:10:691	exp.	8,48	-4,40	-20,30
07:23:10:701	exp.	8,52	-4,60	-21,20
07:23:10:712	exp.	8,54	-4,79	-22,10
07:23:10:722	exp.	8,54	-4,97	-23,00
07:23:10:732	exp.	8,53	-5,14	-24,00
07:23:10:742	exp.	8,51	-5,27	-24,90
07:23:10:751	exp.	8,48	-5,35	-25,80
07:23:10:762	exp.	8,47	-5,39	-26,70
07:23:10:771	exp.	8,47	-5,39	-27,60
07:23:10:782	exp.	8,49	-5,39	-28,50
07:23:10:791	exp.	8,51	-5,41	-29,50
07:23:10:802	exp.	8,51	-5,46	-30,40
07:23:10:812	exp.	8,52	-5,51	-31,30
07:23:10:822	exp.	8,53	-5,55	-32,30
07:23:10:831	exp.	8,54	-5,56	-33,20
07:23:10:842	exp.	8,53	-5,56	-34,20
07:23:10:852	exp.	8,50	-5,56	-35,10
07:23:10:862	exp.	8,48	-5,56	-36,10
07:23:10:872	exp.	8,47	-5,58	-37,00
07:23:10:882	exp.	8,46	-5,62	-38,00
07:23:10:892	exp.	8,41	-5,66	-39,00
07:23:10:902	exp.	8,34	-5,71	-39,90
07:23:10:912	exp.	8,25	-5,73	-40,80
07:23:10:922	exp.	8,19	-5,74	-41,70
07:23:10:932	exp.	8,19	-5,72	-42,50
07:23:10:942	exp.	8,20	-5,67	-43,30
07:23:10:952	exp.	8,22	-5,58	-44,00
07:23:10:962	exp.	8,24	-5,46	-44,70
07:23:10:972	exp.	8,23	-5,31	-45,30
07:23:10:982	exp.	8,21	-5,12	-45,90
07:23:10:992	exp.	8,19	-4,90	-46,40
07:23:11:001	exp.	8,18	-4,63	-46,80
07:23:11:012	exp.	8,18	-4,33	-47,30
07:23:11:022	exp.	8,18	-4,01	-47,70
07:23:11:032	exp.	8,18	-3,70	-48,00
07:23:11:042	exp.	8,19	-3,40	-48,40
07:23:11:051	exp.	8,17	-3,14	-48,80
07:23:11:061	exp.	8,17	-2,92	-49,10
07:23:11:072	exp.	8,17	-2,71	-49,40
07:23:11:082	exp.	8,19	-2,51	-49,70
07:23:11:091	exp.	8,24	-2,33	-50,00
07:23:11:102	exp.	8,30	-2,18	-50,30
07:23:11:112	exp.	8,36	-2,07	-50,70
07:23:11:123	exp.	8,41	-2,00	-51,00
07:23:11:132	exp.	8,42	-1,97	-51,40
07:23:11:141	exp.	8,41	-1,99	-51,90
07:23:11:151	exp.	8,38	-2,02	-52,30
07:23:11:161	exp.	8,39	-2,07	-52,80
07:23:11:172	exp.	8,43	-2,14	-53,30
07:23:11:182	exp.	8,47	-2,24	-53,90
07:23:11:191	exp.	8,50	-2,37	-54,50
07:23:11:201	exp.	8,50	-2,54	-55,10
07:23:11:212	exp.	8,47	-2,74	-55,80
07:23:11:222	exp.	8,45	-2,98	-56,60
07:23:11:232	exp.	8,46	-3,22	-57,30
07:23:11:241	exp.	8,49	-3,44	-58,10
07:23:11:252	exp.	8,54	-3,65	-59,00
07:23:11:262	exp.	8,57	-3,86	-59,80
07:23:11:271	exp.	8,59	-4,09	-60,70
07:23:11:282	exp.	8,60	-4,32	-61,60
07:23:11:292	exp.	8,61	-4,56	-62,60
07:23:11:301	exp.	8,61	-4,79	-63,50
07:23:11:312	exp.	8,61	-5,00	-64,50
07:23:11:324	exp.	8,61	-5,17	-65,60
07:23:11:332	exp.	8,61	-5,32	-66,60
07:23:11:342	exp.	8,62	-5,46	-67,60
07:23:11:352	exp.	8,64	-5,62	-68,70
07:23:11:362	exp.	8,66	-5,78	-69,80
07:23:11:372	exp.	8,69	-5,95	-71,00
07:23:11:382	exp.	8,72	-6,10	-72,10
07:23:11:392	exp.	8,74	-6,24	-73,30
07:23:11:402	exp.	8,74	-6,38	-74,60
07:23:11:412	exp.	8,73	-6,53	-75,90
07:23:11:422	exp.	8,71	-6,70	-77,20
07:23:11:432	exp.	8,68	-6,87	-78,50
07:23:11:442	exp.	8,60	-7,06	-79,90
07:23:11:452	exp.	8,50	-7,26	-81,30
07:23:11:462	exp.	8,43	-7,46	-82,70
07:23:11:473	exp.	8,40	-7,67	-84,20
07:23:11:482	exp.	8,41	-7,86	-85,70
07:23:11:492	exp.	8,44	-8,05	-87,10
07:23:11:501	exp.	8,45	-8,23	-88,60
07:23:11:512	exp.	8,46	-8,38	-90,10
07:23:11:522	exp.	8,46	-8,51	-91,60
07:23:11:532	exp.	8,43	-8,63	-93,00
07:23:11:541	exp.	8,40	-8,72	-94,40
07:23:11:552	exp.	8,38	-8,75	-95,80
07:23:11:562	exp.	8,38	-8,74	-97,10
07:23:11:572	exp.	8,38	-8,69	-98,40
07:23:11:582	exp.	8,40	-8,60	-99,60
07:23:11:592	exp.	8,41	-8,48	-100,90
07:23:11:601	exp.	8,41	-8,33	-102,10
07:23:11:612	exp.	8,41	-8,17	-103,20
07:23:11:622	exp.	8,43	-7,99	-104,40
07:23:11:632	exp.	8,46	-7,79	-105,50
07:23:11:641	exp.	8,49	-7,59	-106,70
07:23:11:651	exp.	8,53	-7,41	-107,80
07:23:11:662	exp.	8,59	-7,25	-109,00
07:23:11:672	exp.	8,63	-7,13	-110,20
07:23:11:682	exp.	8,65	-7,06	-111,40
07:23:11:692	exp.	8,64	-7,01	-112,60
07:23:11:702	exp.	8,61	-7,01	-113,90
07:23:11:712	exp.	8,60	-7,03	-115,20
07:23:11:722	exp.	8,60	-7,08	-116,50
07:23:11:732	exp.	8,63	-7,17	-117,90
07:23:11:741	exp.	8,64	-7,30	-119,30
07:23:11:751	exp.	8,64	-7,45	-120,70
07:23:11:762	exp.	8,61	-7,64	-122,20
07:23:11:772	exp.	8,55	-7,85	-123,60
07:23:11:782	exp.	8,51	-8,03	-125,00
07:23:11:791	exp.	8,50	-8,18	-126,40
07:23:11:801	exp.	8,51	-8,28	-127,80
07:23:11:812	exp.	8,53	-8,35	-129,20
07:23:11:821	exp.	8,54	-8,40	-130,60
07:23:11:832	exp.	8,53	-8,45	-132,00
07:23:11:842	exp.	8,49	-8,48	-133,40
07:23:11:852	exp.	8,46	-8,50	-134,70
07:23:11:862	exp.	8,43	-8,47	-136,10
07:23:11:872	exp.	8,40	-8,40	-137,40
07:23:11:882	exp.	8,38	-8,30	-138,60
07:23:11:892	exp.	8,37	-8,20	-139,80
07:23:11:902	exp.	8,36	-8,11	-141,00
07:23:11:912	exp.	8,36	-8,02	-142,20
07:23:11:922	exp.	8,36	-7,92	-143,40
07:23:11:932	exp.	8,36	-7,78	-144,50
07:23:11:942	exp.	8,36	-7,60	-145,50
07:23:11:952	exp.	8,34	-7,40	-146,60
07:23:11:962	exp.	8,34	-7,21	-147,60
07:23:11:973	exp.	8,34	-7,01	-148,70
07:23:11:982	exp.	8,33	-6,85	-149,70
07:23:11:992	exp.	8,29	-6,69	-150,70
07:23:12:001	exp.	8,22	-6,55	-151,60
07:23:12:012	exp.	8,14	-6,41	-152,50
07:23:12:022	exp.	8,09	-6,27	-153,30
07:23:12:032	exp.	8,10	-6,11	-154,10
07:23:12:041	exp.	8,13	-5,93	-154,80
07:23:12:052	exp.	8,16	-5,71	-155,40
07:23:12:062	exp.	8,17	-5,45	-156,00
07:23:12:072	exp.	8,15	-5,20	-156,60
07:23:12:082	exp.	8,13	-4,91	-157,00
07:23:12:092	exp.	8,11	-4,61	-157,40
07:23:12:101	exp.	8,12	-4,28	-157,80
07:23:12:112	exp.	8,14	-3,91	-158,10
07:23:12:123	exp.	8,15	-3,53	-158,40
07:23:12:132	exp.	8,15	-3,18	-158,70
07:23:12:141	exp.	8,16	-2,87	-159,00
07:23:12:151	exp.	8,19	-2,60	-159,30
07:23:12:162	exp.	8,23	-2,36	-159,50
07:23:12:172	exp.	8,28	-2,14	-159,80
07:23:12:182	exp.	8,34	-1,96	-160,10
07:23:12:192	exp.	8,38	-1,81	-160,40
07:23:12:202	exp.	8,42	-1,72	-160,70
07:23:12:212	exp.	8,48	-1,68	-161,00
07:23:12:221	exp.	8,53	-1,67	-161,30
07:23:12:232	exp.	8,59	-1,69	-161,70
07:23:12:241	exp.	8,61	-1,72	-162,20
07:23:12:251	exp.	8,61	-1,79	-162,60
07:23:12:262	exp.	8,61	-1,90	-163,20
07:23:12:272	exp.	8,62	-2,04	-163,80
07:23:12:282	exp.	8,63	-2,23	-164,50
07:23:12:291	exp.	8,63	-2,46	-165,30
07:23:12:301	exp.	8,63	-2,74	-166,10
07:23:12:312	exp.	8,60	-3,05	-167,00
07:23:12:323	exp.	8,56	-3,41	-167,90
07:23:12:332	exp.	8,51	-3,79	-168,90
07:23:12:342	exp.	8,51	-4,16	-169,80
07:23:12:352	exp.	8,51	-4,49	-170,80
07:23:12:362	exp.	8,51	-4,81	-171,80
07:23:12:372	exp.	8,51	-5,09	-172,80
07:23:12:382	exp.	8,49	-5,34	-173,80
07:23:12:392	exp.	8,46	-5,55	-174,80
07:23:12:402	exp.	8,42	-5,72	-175,70
07:23:12:413	exp.	8,39	-5,82	-176,70
07:23:12:422	exp.	8,37	-5,86	-177,60
07:23:12:432	exp.	8,36	-5,86	-178,50
07:23:12:442	exp.	8,35	-5,83	-179,40
07:23:12:451	exp.	8,33	-5,80	-180,20
07:23:12:462	exp.	8,30	-5,75	-181,00
07:23:12:472	exp.	8,28	-5,66	-181,80
07:23:12:482	exp.	8,27	-5,54	-182,50
07:23:12:492	exp.	8,26	-5,37	-183,10
07:23:12:502	exp.	8,24	-5,16	-183,70
07:23:12:512	exp.	8,23	-4,93	-184,30
07:23:12:522	exp.	8,22	-4,70	-184,80
07:23:12:532	exp.	8,20	-4,46	-185,30
07:23:12:541	exp.	8,14	-4,22	-185,80
07:23:12:551	exp.	8,06	-3,97	-186,10
07:23:12:562	exp.	7,99	-3,70	-186,40
07:23:12:572	exp.	7,95	-3,42	-186,70
07:23:12:582	exp.	7,93	-3,11	-186,80
07:23:12:591	exp.	7,91	-2,78	-186,90
07:23:12:601	exp.	7,87	-2,43	-186,90
07:23:12:612	exp.	7,84	-2,08	-186,90
07:23:12:621	exp.	7,80	-1,73	-186,90
07:23:12:632	exp.	7,77	-1,38	-186,90
07:23:12:642	exp.	7,77	-1,03	-186,90
07:23:12:651	exp.	7,77	-0,70	-186,90
07:23:12:662	exp.	7,77	-0,39	-186,90
07:23:12:672	exp.	7,79	-0,13	-186,90
07:23:12:682	exp.	7,81	0,08	-186,90
07:23:12:691	exp.	7,84	0,22	-186,90
07:23:12:701	exp.	7,88	0,31	-186,90
07:23:12:712	exp.	7,92	0,36	-186,90
07:23:12:723	exp.	7,98	0,38	-186,90
07:23:12:732	exp.	8,03	0,37	-187,00
07:23:12:741	exp.	8,09	0,32	-187,00
07:23:12:751	exp.	8,15	0,25	-187,10
07:23:12:762	exp.	8,22	0,16	-187,20
07:23:12:772	exp.	8,29	0,05	-187,30
07:23:12:782	exp.	8,38	-0,06	-187,50
07:23:12:791	exp.	8,43	-0,19	-187,70
07:23:12:801	exp.	8,47	-0,35	-188,00
07:23:12:812	exp.	8,50	-0,52	-188,30
07:23:12:822	exp.	8,53	-0,71	-188,70
07:23:12:832	exp.	8,55	-0,92	-189,10
07:23:12:842	exp.	8,56	-1,15	-189,60
07:23:12:852	exp.	8,56	-1,39	-190,20
07:23:12:862	exp.	8,54	-1,67	-190,80
07:23:12:872	exp.	8,51	-1,98	-191,50
07:23:12:882	exp.	8,50	-2,33	-192,30
07:23:12:892	exp.	8,51	-2,68	-193,10
07:23:12:901	exp.	8,54	-3,03	-193,90
07:23:12:912	exp.	8,56	-3,37	-194,80
07:23:12:922	exp.	8,56	-3,73	-195,70
07:23:12:932	exp.	8,55	-4,08	-196,70
07:23:12:942	exp.	8,50	-4,42	-197,60
07:23:12:952	exp.	8,46	-4,74	-198,60
07:23:12:962	exp.	8,41	-5,01	-199,50
07:23:12:972	exp.	8,37	-5,21	-200,40
07:23:12:982	exp.	8,35	-5,35	-201,30
07:23:12:991	exp.	8,34	-5,44	-202,20
07:23:13:002	exp.	8,34	-5,50	-203,10
07:23:13:012	exp.	8,35	-5,53	-204,00
07:23:13:021	exp.	8,36	-5,53	-204,80
07:23:13:032	exp.	8,35	-5,51	-205,70
07:23:13:041	exp.	8,33	-5,45	-206,50
07:23:13:051	exp.	8,30	-5,38	-207,30
07:23:13:061	exp.	8,28	-5,29	-208,10
07:23:13:072	exp.	8,25	-5,20	-208,80
07:23:13:082	exp.	8,22	-5,11	-209,50
07:23:13:092	exp.	8,14	-5,02	-210,10
07:23:13:101	exp.	8,06	-4,88	-210,60
07:23:13:112	exp.	7,98	-4,70	-211,00
07:23:13:122	exp.	7,95	-4,45	-211,30
07:23:13:132	exp.	7,92	-4,14	-211,50
07:23:13:142	exp.	7,89	-3,76	-211,60
07:23:13:151	exp.	7,85	-3,34	-211,70
07:23:13:161	exp.	7,79	-2,88	-211,70
07:23:13:172	exp.	7,72	-2,41	-211,70
07:23:13:182	exp.	7,65	-1,93	-211,70
07:23:13:191	exp.	7,60	-1,45	-211,70
07:23:13:201	exp.	7,56	-0,98	-211,70
07:23:13:212	exp.	7,53	-0,53	-211,70
07:23:13:222	exp.	7,51	-0,14	-211,70
07:23:13:232	exp.	7,47	0,19	-211,70
07:23:13:241	exp.	7,45	0,46	-211,70
07:23:13:253	insp.	7,43	0,68	0,30	Pression
07:23:13:262	insp.	7,46	0,88	0,60
07:23:13:272	insp.	7,46	1,06	0,90
07:23:13:282	insp.	7,75	1,21	1,20
07:23:13:292	insp.	9,07	1,33	1,70
07:23:13:301	insp.	10,82	1,46	2,40
07:23:13:312	insp.	11,79	1,54	3,60
07:23:13:323	insp.	11,94	1,70	5,70
07:23:13:332	insp.	12,21	2,27	8,80
07:23:13:342	insp.	12,89	3,53	12,70
07:23:13:352	insp.	13,55	5,54	17,40
07:23:13:362	insp.	14,05	8,19	23,00
07:23:13:372	insp.	14,67	11,37	29,10
07:23:13:382	insp.	15,30	14,95	35,50
07:23:13:392	insp.	15,68	18,60	42,00
07:23:13:402	insp.	15,93	22,23	48,80
07:23:13:412	insp.	16,25	26,03	55,90
07:23:13:422	insp.	16,58	29,96	63,10
07:23:13:432	insp.	16,78	33,61	70,40
07:23:13:442	insp.	17,00	36,63	77,90
07:23:13:451	insp.	17,21	38,98	85,40
07:23:13:462	insp.	17,37	40,71	92,90
07:23:13:472	insp.	17,55	41,88	100,40
07:23:13:482	insp.	17,69	42,65	107,90
07:23:13:492	insp.	17,83	43,34	115,30
07:23:13:501	insp.	17,95	44,00	122,60
07:23:13:512	insp.	18,00	44,46	129,90
07:23:13:523	insp.	18,04	44,65	137,10
07:23:13:532	insp.	18,06	44,66	144,20
07:23:13:541	insp.	18,08	44,53	151,20
07:23:13:551	insp.	18,08	44,28	158,10
07:23:13:562	insp.	18,12	43,93	164,90
07:23:13:572	insp.	18,18	43,53	171,60
07:23:13:582	insp.	18,18	43,08	178,20
07:23:13:591	insp.	18,17	42,55	184,70
07:23:13:601	insp.	18,17	41,98	191,10
07:23:13:612	insp.	18,16	41,39	197,30
07:23:13:621	insp.	18,10	40,78	203,50
07:23:13:632	insp.	18,03	40,16	209,60
07:23:13:642	insp.	17,95	39,55	215,60
07:23:13:651	insp.	17,89	38,94	221,60
07:23:13:661	insp.	17,82	38,34	227,50
07:23:13:672	insp.	17,76	37,75	233,30
07:23:13:682	insp.	17,70	37,21	239,10
07:23:13:692	insp.	17,63	36,71	244,90
07:23:13:702	insp.	17,55	36,24	250,60
07:23:13:712	insp.	17,46	35,81	256,30
07:23:13:723	insp.	17,36	35,45	262,00
07:23:13:732	insp.	17,28	35,14	267,70
07:23:13:741	insp.	17,21	34,89	273,50
07:23:13:752	insp.	17,16	34,71	279,30
07:23:13:762	insp.	17,14	34,58	285,10
07:23:13:772	insp.	17,09	34,52	291,00
07:23:13:782	insp.	17,06	34,50	296,80
07:23:13:791	insp.	17,05	34,53	302,80
07:23:13:801	insp.	17,03	34,62	308,80
07:23:13:812	insp.	17,02	34,76	314,80
07:23:13:822	insp.	17,02	34,96	320,90
07:23:13:832	insp.	17,02	35,18	327,10
07:23:13:842	insp.	17,04	35,44	333,30
07:23:13:852	insp.	17,11	35,71	339,60
07:23:13:862	insp.	17,17	36,00	345,80
07:23:13:872	insp.	17,17	36,29	352,20
07:23:13:882	insp.	17,17	36,59	358,60
07:23:13:892	insp.	17,21	36,89	365,00
07:23:13:901	insp.	17,26	37,19	371,40
07:23:13:912	insp.	17,30	37,48	377,80
07:23:13:922	insp.	17,35	37,73	384,30
07:23:13:932	insp.	17,39	37,96	390,80
07:23:13:942	insp.	17,39	38,16	397,20
07:23:13:952	insp.	17,38	38,32	403,70
07:23:13:961	insp.	17,38	38,44	410,20
07:23:13:972	insp.	17,38	38,56	416,70
07:23:13:982	insp.	17,40	38,68	423,20
07:23:13:991	insp.	17,44	38,77	429,70
07:23:14:002	insp.	17,49	38,84	436,20
07:23:14:012	insp.	17,53	38,89	442,60
07:23:14:022	insp.	17,59	38,90	449,10
07:23:14:032	insp.	17,62	38,90	455,50
07:23:14:041	insp.	17,66	38,87	461,90
07:23:14:051	insp.	17,68	38,84	468,20
07:23:14:062	insp.	17,72	38,79	474,60
07:23:14:072	insp.	17,74	38,71	480,90
07:23:14:082	insp.	17,75	38,60	487,10
07:23:14:092	insp.	17,79	38,47	493,30
07:23:14:101	insp.	17,82	38,30	499,50
07:23:14:111	insp.	17,84	38,13	505,60
07:23:14:123	insp.	17,87	37,93	511,70
07:23:14:132	insp.	17,89	37,72	517,70
07:23:14:141	insp.	17,91	37,49	523,70
07:23:14:151	insp.	17,91	37,25	529,60
07:23:14:162	insp.	17,90	36,98	535,40
07:23:14:172	insp.	17,87	36,68	541,20
07:23:14:182	insp.	17,82	36,37	546,90
07:23:14:192	insp.	17,77	36,04	552,70
07:23:14:201	insp.	17,79	35,73	558,30
07:23:14:212	insp.	17,86	35,43	563,90
07:23:14:222	insp.	17,90	35,14	569,50
07:23:14:232	insp.	17,93	34,84	575,00
07:23:14:241	insp.	18,00	34,54	580,40
07:23:14:252	insp.	18,06	34,22	585,80
07:23:14:262	insp.	18,08	33,89	591,00
07:23:14:271	insp.	18,08	33,56	596,30
07:23:14:282	insp.	18,13	33,22	601,40
07:23:14:292	insp.	18,18	32,89	606,50
07:23:14:301	insp.	18,19	32,52	611,40
07:23:14:312	insp.	18,23	32,11	616,30
07:23:14:323	insp.	18,28	31,69	621,10
07:23:14:332	insp.	18,31	31,24	625,90
07:23:14:342	insp.	18,37	30,77	630,50
07:23:14:352	insp.	18,44	30,29	634,90
07:23:14:362	insp.	18,48	29,81	639,30
07:23:14:372	insp.	18,53	29,29	643,60
07:23:14:382	insp.	18,59	28,74	647,70
07:23:14:392	insp.	18,66	28,15	651,70
07:23:14:401	insp.	18,67	27,52	655,60
07:23:14:412	insp.	18,65	26,85	659,30
07:23:14:422	insp.	18,63	26,15	662,90
07:23:14:432	insp.	18,60	25,44	666,40
07:23:14:442	insp.	18,57	24,71	669,80
07:23:14:452	insp.	18,54	23,98	673,10
07:23:14:462	insp.	18,51	23,24	676,20
07:23:14:472	insp.	18,49	22,49	679,20
07:23:14:482	insp.	18,47	21,75	682,10
07:23:14:492	insp.	18,48	21,01	685,00
07:23:14:501	insp.	18,50	20,28	687,60
07:23:14:512	insp.	18,54	19,58	690,20
07:23:14:524	exp.	18,61	18,89	692,70
07:23:14:532	exp.	18,62	18,20	695,00
07:23:14:542	exp.	17,35	17,52	697,20
07:23:14:551	exp.	17,14	16,85	699,10
07:23:14:562	exp.	15,93	16,35	700,20
07:23:14:571	exp.	13,47	15,64	700,30
07:23:14:582	exp.	11,76	14,53	699,20
07:23:14:592	exp.	10,84	12,82	696,50
07:23:14:602	exp.	10,14	10,13	692,00
07:23:14:612	exp.	9,72	6,25	686,00
07:23:14:622	exp.	9,66	1,25	679,00
07:23:14:632	exp.	9,82	-4,60	671,20
07:23:14:642	exp.	10,04	-10,83	662,90
07:23:14:651	exp.	10,27	-17,42	654,50
07:23:14:661	exp.	10,49	-24,14	646,30
07:23:14:672	exp.	10,62	-30,40	638,20
07:23:14:682	exp.	10,64	-36,08	630,30
07:23:14:692	exp.	10,57	-40,98	622,70
07:23:14:702	exp.	10,47	-44,69	615,30
07:23:14:712	exp.	10,34	-46,99	608,20
07:23:14:723	exp.	10,27	-47,93	601,20
07:23:14:732	exp.	10,21	-47,79	594,60
07:23:14:742	exp.	10,19	-47,06	588,10
07:23:14:751	exp.	10,19	-45,79	581,80
07:23:14:762	exp.	10,16	-44,36	575,70
07:23:14:771	exp.	10,16	-43,01	569,70
07:23:14:782	exp.	10,16	-41,68	563,90
07:23:14:791	exp.	10,11	-40,37	558,10
07:23:14:802	exp.	10,07	-39,15	552,40
07:23:14:812	exp.	10,01	-38,04	546,80
07:23:14:821	exp.	9,98	-37,07	541,20
07:23:14:832	exp.	9,94	-36,23	535,70
07:23:14:842	exp.	9,90	-35,50	530,20
07:23:14:852	exp.	9,88	-34,88	524,70
07:23:14:862	exp.	9,86	-34,36	519,30
07:23:14:872	exp.	9,84	-33,94	513,80
07:23:14:882	exp.	9,80	-33,60	508,50
07:23:14:892	exp.	9,77	-33,32	503,10
07:23:14:901	exp.	9,77	-33,08	497,80
07:23:14:912	exp.	9,74	-32,86	492,60
07:23:14:924	exp.	9,73	-32,64	487,40
07:23:14:933	insp.	9,96	-32,41	482,20
07:23:14:943	insp.	10,91	-32,18	477,00
07:23:14:953	insp.	12,48	-32,13	-4,70
07:23:14:962	insp.	13,84	-32,10	-8,50
07:23:14:972	insp.	15,54	-31,68	-11,70
07:23:14:982	insp.	15,30	-30,81	-13,70
07:23:14:992	insp.	13,63	-29,42	-14,00
07:23:15:002	insp.	13,41	-26,96	-12,80
07:23:15:012	insp.	14,46	-23,24	-11,00
07:23:15:022	insp.	15,19	-18,71	-8,90
07:23:15:032	insp.	15,38	-14,03	-6,20
07:23:15:041	insp.	15,74	-9,23	-3,10
07:23:15:051	insp.	16,06	-4,14	-0,30
07:23:15:062	insp.	16,03	0,74	2,60
07:23:15:072	insp.	16,10	5,06	6,00
07:23:15:082	insp.	16,49	9,33	9,70
07:23:15:092	insp.	16,81	13,50	13,60
07:23:15:101	insp.	16,98	16,65	17,50
07:23:15:112	insp.	17,16	18,47	21,50
07:23:15:123	insp.	17,29	19,51	25,60
07:23:15:132	insp.	17,39	20,38	29,70
07:23:15:141	insp.	17,55	21,13	33,90
07:23:15:151	insp.	17,70	21,78	38,10
07:23:15:161	insp.	17,81	22,72	42,30
07:23:15:172	insp.	17,90	23,82	46,50
07:23:15:182	insp.	17,98	24,49	50,70
07:23:15:192	insp.	18,04	24,68	54,80
07:23:15:202	insp.	18,09	24,76	58,80
07:23:15:212	insp.	18,15	24,86	62,80
07:23:15:222	insp.	18,20	24,88	66,70
07:23:15:232	insp.	18,21	24,83	70,60
07:23:15:241	insp.	18,20	24,72	74,30
07:23:15:252	insp.	18,19	24,52	78,10
07:23:15:262	insp.	18,18	24,20	81,70
07:23:15:271	insp.	18,19	23,83	85,20
07:23:15:282	insp.	18,24	23,46	88,70
07:23:15:292	insp.	18,33	23,08	92,10
07:23:15:301	insp.	18,39	22,67	95,40
07:23:15:312	insp.	18,44	22,22	98,50
07:23:15:323	insp.	18,50	21,72	101,50
07:23:15:332	insp.	18,54	21,19	104,50
07:23:15:342	insp.	18,58	20,65	107,30
07:23:15:352	insp.	18,60	20,09	110,00
07:23:15:362	insp.	18,62	19,51	112,60
07:23:15:372	insp.	18,65	18,90	115,10
07:23:15:382	insp.	18,67	18,26	117,40
07:23:15:391	insp.	18,69	17,58	119,60
07:23:15:402	insp.	18,72	16,88	121,70
07:23:15:413	insp.	18,74	16,18	123,60
07:23:15:422	insp.	18,74	15,46	125,40
07:23:15:432	insp.	18,74	14,72	127,10
07:23:15:442	insp.	18,75	13,97	128,60
07:23:15:452	exp.	18,73	13,21	130,00
07:23:15:462	exp.	18,64	12,43	131,30
07:23:15:472	exp.	18,26	11,64	132,30
07:23:15:482	exp.	18,32	10,85	133,20
07:23:15:492	exp.	18,29	10,05	133,60
07:23:15:501	exp.	18,03	9,16	133,70
07:23:15:512	exp.	17,46	8,15	133,20
07:23:15:522	exp.	16,59	6,88	132,20
07:23:15:532	exp.	15,77	5,35	130,50
07:23:15:541	exp.	15,17	3,55	128,20
07:23:15:552	exp.	14,57	1,40	125,20
07:23:15:562	exp.	13,94	-1,10	121,50
07:23:15:572	exp.	13,39	-3,95	117,50
07:23:15:582	exp.	12,98	-7,09	113,00
07:23:15:592	exp.	12,65	-10,43	108,10
07:23:15:602	exp.	12,41	-13,86	103,00
07:23:15:612	exp.	12,24	-17,19	97,90
07:23:15:621	exp.	12,11	-20,23	92,60
07:23:15:632	exp.	12,00	-22,98	87,30
07:23:15:641	exp.	11,90	-25,43	81,90
07:23:15:652	exp.	11,79	-27,49	76,50
07:23:15:662	exp.	11,69	-29,11	71,20
07:23:15:672	exp.	11,58	-30,29	65,90
07:23:15:682	exp.	11,48	-31,06	60,70
07:23:15:692	exp.	11,37	-31,52	55,60
07:23:15:701	exp.	11,30	-31,70	50,40
07:23:15:712	exp.	11,25	-31,72	45,40
07:23:15:723	exp.	11,18	-31,67	40,30
07:23:15:732	exp.	11,12	-31,55	35,40
07:23:15:741	exp.	11,05	-31,34	30,40
07:23:15:751	exp.	10,96	-31,07	25,50
07:23:15:762	exp.	10,87	-30,77	20,70
07:23:15:771	exp.	10,77	-30,47	16,00
07:23:15:782	exp.	10,67	-30,15	11,30
07:23:15:792	exp.	10,57	-29,84	6,70
07:23:15:802	exp.	10,50	-29,51	2,10
07:23:15:812	exp.	10,43	-29,18	-2,30
07:23:15:822	exp.	10,36	-28,83	-6,70
07:23:15:832	exp.	10,31	-28,46	-11,10
07:23:15:842	exp.	10,27	-28,07	-15,30
07:23:15:852	exp.	10,23	-27,67	-19,60
07:23:15:862	exp.	10,19	-27,26	-23,70
07:23:15:872	exp.	10,15	-26,86	-27,80
07:23:15:882	exp.	10,09	-26,47	-31,90
07:23:15:892	exp.	10,02	-26,06	-35,80
07:23:15:902	exp.	9,97	-25,68	-39,80
07:23:15:912	exp.	9,92	-25,30	-43,70
07:23:15:924	exp.	9,86	-24,94	-47,50
07:23:15:932	exp.	9,84	-24,59	-51,30
07:23:15:942	exp.	9,81	-24,27	-55,10
07:23:15:952	exp.	9,79	-23,96	-58,80
07:23:15:962	exp.	9,78	-23,66	-62,50
07:23:15:972	exp.	9,75	-23,37	-66,10
07:23:15:982	exp.	9,72	-23,10	-69,80
07:23:15:991	exp.	9,69	-22,85	-73,30
07:23:16:002	exp.	9,68	-22,59	-76,90
07:23:16:012	exp.	9,67	-22,36	-80,50
07:23:16:022	exp.	9,64	-22,15	-84,00
07:23:16:032	exp.	9,60	-21,96	-87,50
07:23:16:041	exp.	9,57	-21,79	-91,00
07:23:16:051	exp.	9,51	-21,62	-94,40
07:23:16:062	exp.	9,46	-21,47	-97,80
07:23:16:072	exp.	9,41	-21,31	-101,20
07:23:16:082	exp.	9,37	-21,13	-104,50
07:23:16:092	exp.	9,33	-20,96	-107,80
07:23:16:101	exp.	9,29	-20,80	-111,10
07:23:16:112	exp.	9,24	-20,63	-114,30
07:23:16:123	exp.	9,20	-20,44	-117,40
07:23:16:132	exp.	9,16	-20,23	-120,50
07:23:16:142	exp.	9,13	-19,99	-123,50
07:23:16:151	exp.	9,11	-19,72	-126,50
07:23:16:161	exp.	9,08	-19,42	-129,40
07:23:16:172	exp.	9,05	-19,10	-132,20
07:23:16:182	exp.	9,04	-18,78	-135,00
07:23:16:191	exp.	9,04	-18,46	-137,80
07:23:16:201	exp.	9,03	-18,13	-140,50
07:23:16:212	exp.	9,03	-17,80	-143,10
07:23:16:222	exp.	9,01	-17,46	-145,80
07:23:16:232	exp.	8,99	-17,13	-148,30
07:23:16:242	exp.	8,95	-16,81	-150,90
07:23:16:251	exp.	8,93	-16,51	-153,30
07:23:16:262	exp.	8,91	-16,22	-155,80
07:23:16:271	exp.	8,89	-15,95	-158,20
07:23:16:282	exp.	8,86	-15,70	-160,60
07:23:16:292	exp.	8,84	-15,46	-162,90
07:23:16:301	exp.	8,81	-15,20	-165,20
07:23:16:312	exp.	8,77	-14,96	-167,50
07:23:16:322	exp.	8,72	-14,74	-169,70
07:23:16:332	exp.	8,67	-14,50	-171,80
07:23:16:342	exp.	8,63	-14,26	-173,90
07:23:16:352	exp.	8,61	-14,01	-175,90
07:23:16:362	exp.	8,61	-13,74	-177,90
07:23:16:372	exp.	8,61	-13,44	-179,80
07:23:16:382	exp.	8,62	-13,11	-181,60
07:23:16:392	exp.	8,60	-12,77	-183,30
07:23:16:401	exp.	8,57	-12,44	-185,00
07:23:16:412	exp.	8,53	-12,08	-186,70
07:23:16:422	exp.	8,48	-11,71	-188,30
07:23:16:432	exp.	8,46	-11,32	-189,80
07:23:16:442	exp.	8,45	-10,93	-191,20
07:23:16:452	exp.	8,45	-10,54	-192,60
07:23:16:462	exp.	8,45	-10,17	-194,00
07:23:16:472	exp.	8,44	-9,82	-195,30
07:23:16:482	exp.	8,45	-9,50	-196,60
07:23:16:492	exp.	8,45	-9,17	-197,80
07:23:16:501	exp.	8,45	-8,84	-199,00
07:23:16:512	exp.	8,46	-8,52	-200,20
07:23:16:523	exp.	8,49	-8,21	-201,40
07:23:16:532	exp.	8,52	-7,94	-202,50
07:23:16:541	exp.	8,56	-7,70	-203,70
07:23:16:551	exp.	8,59	-7,50	-204,80
07:23:16:562	exp.	8,61	-7,34	-206,00
07:23:16:571	exp.	8,60	-7,21	-207,20
07:23:16:582	exp.	8,58	-7,13	-208,40
07:23:16:591	exp.	8,57	-7,08	-209,60
07:23:16:601	exp.	8,56	-7,06	-210,90
07:23:16:612	exp.	8,56	-7,06	-212,10
07:23:16:621	exp.	8,55	-7,09	-213,30
07:23:16:632	exp.	8,51	-7,15	-214,60
07:23:16:642	exp.	8,48	-7,22	-215,80
07:23:16:652	exp.	8,43	-7,29	-217,00
07:23:16:662	exp.	8,40	-7,34	-218,20
07:23:16:672	exp.	8,38	-7,36	-219,40
07:23:16:682	exp.	8,38	-7,33	-220,50
07:23:16:692	exp.	8,39	-7,28	-221,60
07:23:16:701	exp.	8,41	-7,22	-222,70
07:23:16:712	exp.	8,40	-7,15	-223,80
07:23:16:723	exp.	8,38	-7,07	-224,80
07:23:16:732	exp.	8,35	-6,97	-225,90
07:23:16:742	exp.	8,35	-6,84	-226,90
07:23:16:752	exp.	8,35	-6,70	-227,90
07:23:16:762	exp.	8,36	-6,56	-228,90
07:23:16:772	exp.	8,36	-6,43	-229,90
07:23:16:782	exp.	8,38	-6,32	-230,80
07:23:16:792	exp.	8,40	-6,23	-231,80
07:23:16:802	exp.	8,41	-6,16	-232,80
07:23:16:812	exp.	8,41	-6,09	-233,80
07:23:16:821	exp.	8,40	-6,03	-234,80
07:23:16:832	exp.	8,40	-5,98	-235,70
07:23:16:842	exp.	8,38	-5,94	-236,70
07:23:16:852	exp.	8,34	-5,90	-237,60
07:23:16:862	exp.	8,29	-5,88	-238,60
07:23:16:872	exp.	8,24	-5,86	-239,50
07:23:16:882	exp.	8,22	-5,81	-240,30
07:23:16:892	exp.	8,23	-5,76	-241,10
07:23:16:901	exp.	8,27	-5,68	-241,90
07:23:16:912	exp.	8,30	-5,57	-242,70
07:23:16:922	exp.	8,32	-5,43	-243,40
07:23:16:932	exp.	8,31	-5,29	-244,20
07:23:16:942	exp.	8,29	-5,15	-244,80
07:23:16:951	exp.	8,25	-5,00	-245,50
07:23:16:962	exp.	8,24	-4,82	-246,10
07:23:16:972	exp.	8,22	-4,63	-246,70
07:23:16:982	exp.	8,22	-4,42	-247,20
07:23:16:991	exp.	8,21	-4,21	-247,70
07:23:17:002	exp.	8,21	-4,01	-248,20
07:23:17:012	exp.	8,22	-3,82	-248,60
07:23:17:022	exp.	8,25	-3,64	-249,10
07:23:17:032	exp.	8,27	-3,46	-249,50
07:23:17:041	exp.	8,30	-3,29	-249,90
07:23:17:052	exp.	8,32	-3,11	-250,30
07:23:17:062	exp.	8,33	-2,96	-250,70
07:23:17:072	exp.	8,36	-2,83	-251,10
07:23:17:082	exp.	8,40	-2,70	-251,50
07:23:17:092	exp.	8,44	-2,59	-251,90
07:23:17:101	exp.	8,46	-2,51	-252,20
07:23:17:112	exp.	8,46	-2,44	-252,70
07:23:17:123	exp.	8,44	-2,41	-253,10
07:23:17:132	exp.	8,43	-2,38	-253,50
07:23:17:142	exp.	8,43	-2,36	-253,90
07:23:17:151	exp.	8,43	-2,36	-254,40
07:23:17:161	exp.	8,43	-2,37	-254,90
07:23:17:172	exp.	8,40	-2,41	-255,40
07:23:17:182	exp.	8,35	-2,49	-255,90
07:23:17:191	exp.	8,30	-2,59	-256,40
07:23:17:201	exp.	8,26	-2,69	-256,80
07:23:17:212	exp.	8,25	-2,77	-257,30
07:23:17:222	exp.	8,27	-2,80	-257,80
07:23:17:232	exp.	8,29	-2,82	-258,20
07:23:17:241	exp.	8,30	-2,84	-258,70
07:23:17:251	exp.	8,30	-2,86	-259,10
07:23:17:262	exp.	8,28	-2,87	-259,60
07:23:17:272	exp.	8,25	-2,87	-260,00
07:23:17:282	exp.	8,25	-2,83	-260,40
07:23:17:292	exp.	8,25	-2,75	-260,70
07:23:17:301	exp.	8,26	-2,66	-261,10
07:23:17:312	exp.	8,28	-2,58	-261,50
07:23:17:325	exp.	8,31	-2,51	-261,90
07:23:17:332	exp.	8,32	-2,47	-262,30
07:23:17:342	exp.	8,32	-2,44	-262,70
07:23:17:352	exp.	8,33	-2,40	-263,00
07:23:17:362	exp.	8,34	-2,36	-263,40
07:23:17:372	exp.	8,35	-2,33	-263,80
07:23:17:382	exp.	8,37	-2,30	-264,20
07:23:17:392	exp.	8,36	-2,30	-264,60
07:23:17:401	exp.	8,33	-2,32	-265,00
07:23:17:412	exp.	8,29	-2,35	-265,40
07:23:17:422	exp.	8,25	-2,38	-265,80
07:23:17:432	exp.	8,25	-2,39	-266,20
07:23:17:442	exp.	8,28	-2,38	-266,60
07:23:17:451	exp.	8,34	-2,36	-267,00
07:23:17:462	exp.	8,38	-2,35	-267,40
07:23:17:472	exp.	8,40	-2,36	-267,90
07:23:17:482	exp.	8,39	-2,39	-268,30
07:23:17:492	exp.	8,36	-2,45	-268,80
07:23:17:502	exp.	8,33	-2,49	-269,30
07:23:17:512	exp.	8,31	-2,52	-269,70
07:23:17:523	exp.	8,31	-2,54	-270,10
07:23:17:532	exp.	8,34	-2,56	-270,60
07:23:17:541	exp.	8,38	-2,59	-271,10
07:23:17:551	exp.	8,42	-2,64	-271,60
07:23:17:562	exp.	8,45	-2,71	-272,10
07:23:17:571	exp.	8,49	-2,77	-272,70
07:23:17:582	exp.	8,52	-2,83	-273,30
07:23:17:591	exp.	8,55	-2,89	-274,00
07:23:17:601	exp.	8,59	-2,98	-274,70
07:23:17:612	exp.	8,63	-3,11	-275,50
07:23:17:621	exp.	8,66	-3,30	-276,30
07:23:17:632	exp.	8,67	-3,54	-277,30
07:23:17:641	exp.	8,67	-3,82	-278,20
07:23:17:652	exp.	8,67	-4,13	-279,30
07:23:17:662	exp.	8,67	-4,45	-280,30
07:23:17:672	exp.	8,68	-4,76	-281,40
07:23:17:682	exp.	8,71	-5,08	-282,50
07:23:17:692	exp.	8,71	-5,40	-283,70
07:23:17:701	exp.	8,68	-5,71	-284,90
07:23:17:712	exp.	8,64	-6,02	-286,10
07:23:17:723	exp.	8,60	-6,30	-287,30
07:23:17:732	exp.	8,56	-6,55	-288,50
07:23:17:742	exp.	8,55	-6,74	-289,70
07:23:17:751	exp.	8,55	-6,89	-290,90
07:23:17:762	exp.	8,55	-6,99	-292,10
07:23:17:772	exp.	8,55	-7,07	-293,30
07:23:17:782	exp.	8,56	-7,13	-294,50
07:23:17:792	exp.	8,56	-7,18	-295,70
07:23:17:802	exp.	8,54	-7,21	-296,90
07:23:17:812	exp.	8,50	-7,21	-298,10
07:23:17:821	exp.	8,49	-7,19	-299,30
07:23:17:832	exp.	8,48	-7,16	-300,50
07:23:17:842	exp.	8,47	-7,15	-301,70
07:23:17:852	exp.	8,49	-7,15	-302,90
07:23:17:862	exp.	8,50	-7,17	-304,10
07:23:17:872	exp.	8,51	-7,20	-305,40
07:23:17:882	exp.	8,50	-7,23	-306,60
07:23:17:892	exp.	8,48	-7,27	-307,80
07:23:17:901	exp.	8,46	-7,28	-309,00
07:23:17:912	exp.	8,44	-7,30	-310,20
07:23:17:922	exp.	8,40	-7,30	-311,30
07:23:17:932	exp.	8,36	-7,28	-312,40
07:23:17:942	exp.	8,30	-7,25	-313,50
07:23:17:951	exp.	8,27	-7,19	-314,50
07:23:17:962	exp.	8,26	-7,08	-315,50
07:23:17:972	exp.	8,26	-6,94	-316,40
07:23:17:982	exp.	8,28	-6,75	-317,20
07:23:17:991	exp.	8,29	-6,52	-318,00
07:23:18:001	exp.	8,30	-6,27	-318,80
07:23:18:012	exp.	8,28	-6,01	-319,60
07:23:18:022	exp.	8,24	-5,75	-320,30
07:23:18:032	exp.	8,21	-5,49	-320,90
07:23:18:042	exp.	8,20	-5,22	-321,50
07:23:18:051	exp.	8,20	-4,94	-322,10
07:23:18:062	exp.	8,21	-4,67	-322,60
07:23:18:072	exp.	8,23	-4,40	-323,10
07:23:18:082	exp.	8,26	-4,15	-323,60
07:23:18:092	exp.	8,28	-3,92	-324,10
07:23:18:101	exp.	8,31	-3,71	-324,60
07:23:18:112	exp.	8,34	-3,52	-325,10
07:23:18:122	exp.	8,37	-3,34	-325,50
07:23:18:132	exp.	8,41	-3,19	-326,10
07:23:18:142	exp.	8,45	-3,06	-326,60
07:23:18:151	exp.	8,49	-2,98	-327,20
07:23:18:162	exp.	8,53	-2,96	-327,80
07:23:18:172	exp.	8,56	-2,98	-328,50
07:23:18:182	exp.	8,57	-3,07	-329,20
07:23:18:191	exp.	8,57	-3,21	-330,00
07:23:18:201	exp.	8,57	-3,40	-330,90
07:23:18:212	exp.	8,59	-3,63	-331,80
07:23:18:222	exp.	8,62	-3,89	-332,80
07:23:18:232	exp.	8,64	-4,18	-333,80
07:23:18:241	exp.	8,63	-4,49	-334,90
07:23:18:251	exp.	8,59	-4,82	-335,90
07:23:18:262	exp.	8,53	-5,14	-337,00
07:23:18:272	exp.	8,50	-5,45	-338,10
07:23:18:282	exp.	8,48	-5,71	-339,10
07:23:18:292	exp.	8,48	-5,91	-340,20
07:23:18:301	exp.	8,50	-6,07	-341,30
07:23:18:312	exp.	8,51	-6,20	-342,40
07:23:18:323	exp.	8,50	-6,31	-343,50
07:23:18:332	exp.	8,47	-6,40	-344,60
07:23:18:342	exp.	8,44	-6,47	-345,60
07:23:18:352	exp.	8,40	-6,50	-346,70
07:23:18:362	exp.	8,37	-6,50	-347,70
07:23:18:372	exp.	8,36	-6,46	-348,70
07:23:18:382	exp.	8,36	-6,39	-349,60
07:23:18:392	exp.	8,37	-6,33	-350,60
07:23:18:401	exp.	8,39	-6,26	-351,50
07:23:18:412	exp.	8,41	-6,20	-352,50
07:23:18:422	exp.	8,39	-6,12	-353,40
07:23:18:432	exp.	8,36	-6,03	-354,30
07:23:18:442	exp.	8,32	-5,92	-355,20
07:23:18:451	exp.	8,29	-5,81	-356,10
07:23:18:462	exp.	8,28	-5,70	-356,90
07:23:18:472	exp.	8,24	-5,60	-357,70
07:23:18:482	exp.	8,18	-5,51	-358,50
07:23:18:492	exp.	8,11	-5,41	-359,20
07:23:18:502	exp.	8,08	-5,30	-359,80
07:23:18:512	exp.	8,07	-5,14	-360,30
07:23:18:522	exp.	8,09	-4,91	-360,80
07:23:18:532	exp.	8,09	-4,63	-361,20
07:23:18:541	exp.	8,09	-4,31	-361,50
07:23:18:551	exp.	8,06	-3,98	-361,80
07:23:18:562	exp.	8,01	-3,64	-362,00
07:23:18:572	exp.	7,95	-3,29	-362,20
07:23:18:582	exp.	7,90	-2,90	-362,30
07:23:18:591	exp.	7,86	-2,50	-362,30
07:23:18:601	exp.	7,82	-2,06	-362,30
07:23:18:612	exp.	7,81	-1,64	-362,30
07:23:18:621	exp.	7,80	-1,25	-362,30
07:23:18:632	exp.	7,80	-0,91	-362,30
07:23:18:642	exp.	7,82	-0,62	-362,30
07:23:18:652	exp.	7,85	-0,38	-362,30
07:23:18:662	exp.	7,89	-0,17	-362,30
07:23:18:672	exp.	7,92	-0,02	-362,30
07:23:18:682	exp.	7,96	0,09	-362,40
07:23:18:692	exp.	8,01	0,14	-362,40
07:23:18:702	exp.	8,05	0,13	-362,50
07:23:18:712	exp.	8,09	0,08	-362,50
07:23:18:723	exp.	8,11	0,01	-362,60
07:23:18:732	exp.	8,12	-0,08	-362,70
07:23:18:741	exp.	8,13	-0,19	-362,80
07:23:18:751	exp.	8,13	-0,28	-363,00
07:23:18:762	exp.	8,13	-0,37	-363,10
07:23:18:772	exp.	8,10	-0,45	-363,20
07:23:18:782	exp.	8,05	-0,51	-363,20
07:23:18:791	exp.	7,98	-0,55	-363,30
07:23:18:801	exp.	7,90	-0,57	-363,30
07:23:18:812	exp.	7,81	-0,57	-363,30
07:23:18:821	exp.	7,71	-0,53	-363,30
07:23:18:832	exp.	7,65	-0,44	-363,30
07:23:18:842	exp.	7,57	-0,31	-363,30
07:23:18:852	exp.	7,49	-0,14	-363,30
07:23:18:862	exp.	7,40	0,04	-363,30
07:23:18:872	exp.	7,28	0,22	-363,30
07:23:18:882	exp.	7,14	0,43	-363,30
07:23:18:894	insp.	6,99	0,65	0,40	Pression
07:23:18:902	insp.	6,90	0,89	0,80
07:23:18:913	insp.	6,80	1,16	1,30
07:23:18:922	insp.	7,80	1,40	2,10
07:23:18:932	insp.	9,92	1,69	3,00
07:23:18:942	insp.	11,36	1,97	4,30
07:23:18:952	insp.	11,54	2,27	6,70
07:23:18:962	insp.	11,70	2,93	10,10
07:23:18:972	insp.	12,41	4,33	14,60
07:23:18:982	insp.	13,06	6,57	19,90
07:23:18:992	insp.	13,51	9,55	26,30
07:23:19:002	insp.	14,06	13,14	33,40
07:23:19:012	insp.	14,67	17,23	40,80
07:23:19:021	insp.	15,06	21,49	48,40
07:23:19:032	insp.	15,34	25,64	56,40
07:23:19:041	insp.	15,67	29,92	64,60
07:23:19:052	insp.	16,00	34,44	73,10
07:23:19:062	insp.	16,25	38,75	81,70
07:23:19:071	insp.	16,48	42,40	90,50
07:23:19:082	insp.	16,72	45,31	99,40
07:23:19:092	insp.	16,91	47,53	108,40
07:23:19:101	insp.	17,07	49,11	117,30
07:23:19:112	insp.	17,21	50,17	126,30
07:23:19:123	insp.	17,33	51,08	135,30
07:23:19:132	insp.	17,41	52,01	144,30
07:23:19:141	insp.	17,46	52,78	153,20
07:23:19:151	insp.	17,54	53,25	162,10
07:23:19:161	insp.	17,65	53,54	170,90
07:23:19:172	insp.	17,71	53,69	179,70
07:23:19:182	insp.	17,75	53,69	188,40
07:23:19:191	insp.	17,79	53,57	197,00
07:23:19:201	insp.	17,86	53,39	205,50
07:23:19:212	insp.	17,89	53,15	213,90
07:23:19:222	insp.	17,92	52,83	222,30
07:23:19:232	insp.	18,02	52,45	230,50
07:23:19:242	insp.	18,07	52,02	238,50
07:23:19:251	insp.	18,08	51,52	246,50
07:23:19:262	insp.	18,08	50,97	254,40
07:23:19:272	insp.	18,12	50,39	262,10
07:23:19:282	insp.	18,13	49,81	269,80
07:23:19:292	insp.	18,13	49,18	277,30
07:23:19:302	insp.	18,15	48,52	284,70
07:23:19:312	insp.	18,17	47,86	292,00
07:23:19:325	insp.	18,15	47,18	299,10
07:23:19:332	insp.	18,13	46,48	306,20
07:23:19:342	insp.	18,15	45,76	313,10
07:23:19:352	insp.	18,14	45,07	319,90
07:23:19:362	insp.	18,11	44,38	326,70
07:23:19:371	insp.	18,12	43,69	333,30
07:23:19:382	insp.	18,16	43,01	339,80
07:23:19:392	insp.	18,16	42,36	346,20
07:23:19:401	insp.	18,16	41,69	352,50
07:23:19:412	insp.	18,18	41,03	358,80
07:23:19:422	insp.	18,21	40,39	364,90
07:23:19:432	insp.	18,24	39,76	370,90
07:23:19:442	insp.	18,27	39,13	376,80
07:23:19:451	insp.	18,32	38,51	382,50
07:23:19:462	insp.	18,37	37,89	388,20
07:23:19:472	insp.	18,41	37,26	393,70
07:23:19:482	insp.	18,47	36,60	399,10
07:23:19:492	insp.	18,55	35,93	404,40
07:23:19:501	insp.	18,62	35,27	409,50
07:23:19:512	insp.	18,68	34,57	414,50
07:23:19:522	insp.	18,71	33,84	419,30
07:23:19:532	insp.	18,71	33,08	424,00
07:23:19:541	insp.	18,75	32,30	428,50
07:23:19:552	insp.	18,77	31,50	432,90
07:23:19:562	insp.	18,77	30,67	437,10
07:23:19:571	insp.	18,76	29,83	441,20
07:23:19:582	insp.	18,73	28,96	445,10
07:23:19:591	insp.	18,70	28,07	448,90
07:23:19:601	insp.	18,70	27,17	452,50
07:23:19:612	insp.	18,73	26,27	456,00
07:23:19:622	insp.	18,76	25,39	459,40
07:23:19:632	insp.	18,79	24,50	462,50
07:23:19:641	insp.	18,81	23,59	465,50
07:23:19:652	exp.	18,83	22,67	468,40
07:23:19:662	exp.	18,66	21,76	471,10
07:23:19:672	exp.	16,63	20,82	473,70
07:23:19:682	exp.	16,36	20,03	475,70
07:23:19:692	exp.	14,37	19,32	476,80
07:23:19:701	exp.	12,19	18,29	476,80
07:23:19:712	exp.	11,10	16,84	475,40
07:23:19:724	exp.	10,44	14,62	472,20
07:23:19:732	exp.	9,90	11,25	467,10
07:23:19:742	exp.	9,61	6,64	460,80
07:23:19:752	exp.	9,64	0,98	453,70
07:23:19:762	exp.	9,87	-5,27	445,70
07:23:19:772	exp.	10,09	-11,84	437,50
07:23:19:782	exp.	10,28	-18,73	429,40
07:23:19:791	exp.	10,42	-25,43	421,60
07:23:19:802	exp.	10,47	-31,54	413,90
07:23:19:812	exp.	10,45	-37,03	406,60
07:23:19:822	exp.	10,36	-41,49	399,60
07:23:19:832	exp.	10,25	-44,48	392,90
07:23:19:842	exp.	10,15	-45,91	386,60
07:23:19:852	exp.	10,07	-45,97	380,50
07:23:19:862	exp.	10,00	-45,17	374,60
07:23:19:872	exp.	9,97	-43,81	368,80
07:23:19:882	exp.	9,93	-42,06	363,20
07:23:19:892	exp.	9,88	-40,40	357,70
07:23:19:902	exp.	9,82	-38,89	352,30
07:23:19:912	exp.	9,77	-37,45	346,90
07:23:19:922	exp.	9,72	-36,14	341,60
07:23:19:932	exp.	9,69	-35,05	336,30
07:23:19:942	exp.	9,67	-34,14	331,20
07:23:19:952	exp.	9,61	-33,40	326,00
07:23:19:962	exp.	9,55	-32,79	321,00
07:23:19:972	exp.	9,51	-32,28	316,10
07:23:19:982	exp.	9,49	-31,84	311,20
07:23:19:991	exp.	9,46	-31,41	306,40
07:23:20:001	exp.	9,42	-30,99	301,80
07:23:20:012	exp.	9,38	-30,56	297,20
07:23:20:021	exp.	9,36	-30,10	292,60
07:23:20:032	exp.	9,34	-29,63	288,10
07:23:20:042	exp.	9,34	-29,15	283,80
07:23:20:051	exp.	9,30	-28,67	279,40
07:23:20:062	exp.	9,27	-28,19	275,20
07:23:20:071	exp.	9,23	-27,72	271,00
07:23:20:082	exp.	9,20	-27,27	266,90
07:23:20:092	exp.	9,18	-26,82	262,80
07:23:20:102	exp.	9,15	-26,38	258,80
07:23:20:112	exp.	9,13	-25,94	254,90
07:23:20:122	exp.	9,07	-25,54	251,00
07:23:20:132	exp.	9,00	-25,15	247,20
07:23:20:142	exp.	8,95	-24,76	243,50
07:23:20:151	exp.	8,93	-24,36	239,90
07:23:20:162	exp.	8,93	-23,94	236,40
07:23:20:172	exp.	8,92	-23,51	232,90
07:23:20:182	exp.	8,90	-23,06	229,50
07:23:20:192	exp.	8,88	-22,62	226,20
07:23:20:202	exp.	8,85	-22,19	222,90
07:23:20:212	exp.	8,82	-21,76	219,70
07:23:20:222	exp.	8,78	-21,32	216,60
07:23:20:232	exp.	8,74	-20,88	213,50
07:23:20:241	exp.	8,72	-20,44	210,50
07:23:20:252	exp.	8,71	-19,99	207,60
07:23:20:262	exp.	8,71	-19,57	204,80
07:23:20:271	exp.	8,71	-19,15	202,00
07:23:20:282	exp.	8,71	-18,75	199,20
07:23:20:292	exp.	8,72	-18,37	196,50
07:23:20:301	exp.	8,72	-17,98	193,90
07:23:20:312	exp.	8,70	-17,61	191,30
07:23:20:323	exp.	8,70	-17,24	188,70
07:23:20:332	exp.	8,71	-16,88	186,20
07:23:20:342	exp.	8,75	-16,53	183,70
07:23:20:352	exp.	8,78	-16,19	181,30
07:23:20:362	exp.	8,79	-15,90	178,80
07:23:20:371	exp.	8,78	-15,64	176,40
07:23:20:382	exp.	8,75	-15,42	173,90
07:23:20:392	exp.	8,73	-15,23	171,50
07:23:20:402	exp.	8,72	-15,07	169,10
07:23:20:412	exp.	8,70	-14,92	166,70
07:23:20:422	exp.	8,69	-14,79	164,30
07:23:20:432	exp.	8,67	-14,68	162,00
07:23:20:442	exp.	8,62	-14,59	159,70
07:23:20:452	exp.	8,58	-14,51	157,40
07:23:20:462	exp.	8,56	-14,42	155,20
07:23:20:472	exp.	8,55	-14,29	153,00
07:23:20:482	exp.	8,55	-14,12	150,90
07:23:20:492	exp.	8,54	-13,92	148,90
07:23:20:501	exp.	8,54	-13,70	146,80
07:23:20:512	exp.	8,54	-13,48	144,80
07:23:20:522	exp.	8,52	-13,25	142,90
07:23:20:532	exp.	8,50	-13,01	141,00
07:23:20:542	exp.	8,49	-12,76	139,10
07:23:20:551	exp.	8,48	-12,48	137,30
07:23:20:562	exp.	8,48	-12,20	135,50
07:23:20:571	exp.	8,48	-11,93	133,80
07:23:20:582	exp.	8,47	-11,68	132,10
07:23:20:591	exp.	8,47	-11,43	130,40
07:23:20:602	exp.	8,47	-11,18	128,80
07:23:20:612	exp.	8,47	-10,93	127,30
07:23:20:622	exp.	8,47	-10,66	125,70
07:23:20:632	exp.	8,47	-10,39	124,20
07:23:20:641	exp.	8,46	-10,15	122,70
07:23:20:652	exp.	8,44	-9,92	121,30
07:23:20:662	exp.	8,44	-9,70	119,90
07:23:20:672	exp.	8,41	-9,49	118,50
07:23:20:682	exp.	8,36	-9,28	117,10
07:23:20:692	exp.	8,31	-9,08	115,80
07:23:20:701	exp.	8,26	-8,88	114,60
07:23:20:712	exp.	8,24	-8,68	113,30
07:23:20:723	exp.	8,24	-8,47	112,20
07:23:20:732	exp.	8,25	-8,25	111,10
07:23:20:742	exp.	8,25	-8,01	110,00
07:23:20:751	exp.	8,26	-7,76	109,00
07:23:20:762	exp.	8,25	-7,51	107,90
07:23:20:772	exp.	8,23	-7,27	107,00
07:23:20:782	exp.	8,21	-7,03	106,00
07:23:20:791	exp.	8,20	-6,78	105,20
07:23:20:801	exp.	8,19	-6,52	104,30
07:23:20:812	exp.	8,19	-6,26	103,50
07:23:20:822	exp.	8,20	-6,02	102,70
07:23:20:831	exp.	8,21	-5,78	102,00
07:23:20:842	exp.	8,24	-5,54	101,30
07:23:20:852	exp.	8,25	-5,31	100,70
07:23:20:862	exp.	8,28	-5,08	100,00
07:23:20:872	exp.	8,30	-4,84	99,40
07:23:20:882	exp.	8,34	-4,63	98,70
07:23:20:892	exp.	8,38	-4,44	98,00
07:23:20:902	exp.	8,43	-4,28	97,40
07:23:20:912	exp.	8,49	-4,15	96,60
07:23:20:922	exp.	8,50	-4,07	95,90
07:23:20:932	exp.	8,50	-4,03	95,10
07:23:20:942	exp.	8,49	-4,06	94,20
07:23:20:952	exp.	8,49	-4,15	93,30
07:23:20:962	exp.	8,52	-4,28	92,40
07:23:20:972	exp.	8,54	-4,46	91,40
07:23:20:982	exp.	8,55	-4,66	90,30
07:23:20:992	exp.	8,55	-4,88	89,30
07:23:21:001	exp.	8,50	-5,12	88,20
07:23:21:012	exp.	8,46	-5,38	87,20
07:23:21:022	exp.	8,44	-5,63	86,10
07:23:21:032	exp.	8,43	-5,84	85,10
07:23:21:042	exp.	8,43	-5,99	84,00
07:23:21:051	exp.	8,44	-6,10	83,00
07:23:21:062	exp.	8,44	-6,19	81,90
07:23:21:072	exp.	8,44	-6,25	80,90
07:23:21:082	exp.	8,42	-6,29	79,90
07:23:21:091	exp.	8,40	-6,32	78,80
07:23:21:102	exp.	8,38	-6,32	77,80
07:23:21:112	exp.	8,37	-6,29	76,80
07:23:21:123	exp.	8,34	-6,25	75,80
07:23:21:132	exp.	8,33	-6,20	74,80
07:23:21:141	exp.	8,33	-6,17	73,80
07:23:21:151	exp.	8,33	-6,14	72,90
07:23:21:161	exp.	8,35	-6,10	71,90
07:23:21:172	exp.	8,38	-6,05	70,90
07:23:21:182	exp.	8,39	-6,00	69,90
07:23:21:192	exp.	8,39	-5,95	69,00
07:23:21:202	exp.	8,36	-5,91	68,00
07:23:21:212	exp.	8,35	-5,89	67,00
07:23:21:222	exp.	8,34	-5,87	66,00
07:23:21:232	exp.	8,33	-5,87	65,00
07:23:21:241	exp.	8,30	-5,87	64,10
07:23:21:252	exp.	8,25	-5,88	63,10
07:23:21:262	exp.	8,19	-5,88	62,20
07:23:21:272	exp.	8,17	-5,87	61,40
07:23:21:282	exp.	8,18	-5,83	60,60
07:23:21:292	exp.	8,20	-5,74	59,90
07:23:21:301	exp.	8,23	-5,58	59,20
07:23:21:312	exp.	8,23	-5,38	58,60
07:23:21:324	exp.	8,23	-5,16	58,10
07:23:21:332	exp.	8,21	-4,91	57,50
07:23:21:342	exp.	8,20	-4,66	57,00
07:23:21:352	exp.	8,19	-4,38	56,60
07:23:21:362	exp.	8,19	-4,08	56,20
07:23:21:372	exp.	8,21	-3,76	55,80
07:23:21:382	exp.	8,21	-3,46	55,50
07:23:21:392	exp.	8,22	-3,18	55,10
07:23:21:402	exp.	8,24	-2,93	54,80
07:23:21:412	exp.	8,27	-2,71	54,50
07:23:21:422	exp.	8,32	-2,51	54,20
07:23:21:432	exp.	8,38	-2,33	53,90
07:23:21:442	exp.	8,44	-2,18	53,60
07:23:21:451	exp.	8,49	-2,06	53,20
07:23:21:462	exp.	8,54	-1,99	52,80
07:23:21:472	exp.	8,58	-1,97	52,40
07:23:21:482	exp.	8,60	-1,98	51,90
07:23:21:492	exp.	8,60	-2,02	51,40
07:23:21:501	exp.	8,60	-2,11	50,80
07:23:21:512	exp.	8,62	-2,24	50,20
07:23:21:522	exp.	8,64	-2,42	49,50
07:23:21:532	exp.	8,66	-2,66	48,70
07:23:21:541	exp.	8,67	-2,93	47,80
07:23:21:552	exp.	8,65	-3,26	46,80
07:23:21:562	exp.	8,62	-3,61	45,80
07:23:21:572	exp.	8,57	-3,99	44,80
07:23:21:582	exp.	8,55	-4,37	43,80
07:23:21:591	exp.	8,55	-4,73	42,80
07:23:21:602	exp.	8,55	-5,07	41,70
07:23:21:612	exp.	8,56	-5,38	40,60
07:23:21:621	exp.	8,55	-5,66	39,60
07:23:21:632	exp.	8,53	-5,90	38,50
07:23:21:642	exp.	8,50	-6,10	37,40
07:23:21:651	exp.	8,48	-6,25	36,30
07:23:21:662	exp.	8,46	-6,35	35,20
07:23:21:672	exp.	8,44	-6,40	34,20
07:23:21:682	exp.	8,44	-6,41	33,10
07:23:21:692	exp.	8,43	-6,42	32,10
07:23:21:702	exp.	8,40	-6,42	31,10
07:23:21:712	exp.	8,39	-6,42	30,10
07:23:21:723	exp.	8,41	-6,39	29,10
07:23:21:732	exp.	8,43	-6,33	28,10
07:23:21:741	exp.	8,45	-6,25	27,20
07:23:21:751	exp.	8,44	-6,16	26,20
07:23:21:761	exp.	8,42	-6,08	25,30
07:23:21:772	exp.	8,39	-6,00	24,40
07:23:21:782	exp.	8,38	-5,93	23,50
07:23:21:791	exp.	8,36	-5,85	22,60
07:23:21:801	exp.	8,31	-5,76	21,70
07:23:21:812	exp.	8,26	-5,66	20,90
07:23:21:821	exp.	8,20	-5,58	20,10
07:23:21:832	exp.	8,17	-5,49	19,40
07:23:21:842	exp.	8,18	-5,39	18,70
07:23:21:852	exp.	8,20	-5,24	18,10
07:23:21:862	exp.	8,21	-5,05	17,50
07:23:21:872	exp.	8,21	-4,81	17,10
07:23:21:882	exp.	8,19	-4,54	16,60
07:23:21:892	exp.	8,16	-4,26	16,20
07:23:21:902	exp.	8,13	-3,97	15,90
07:23:21:912	exp.	8,11	-3,67	15,60
07:23:21:925	exp.	8,10	-3,35	15,30
07:23:21:932	exp.	8,09	-3,01	15,10
07:23:21:942	exp.	8,09	-2,69	14,90
07:23:21:951	exp.	8,09	-2,39	14,70
07:23:21:962	exp.	8,09	-2,12	14,50
07:23:21:972	exp.	8,10	-1,89	14,40
07:23:21:982	exp.	8,13	-1,68	14,20
07:23:21:992	exp.	8,16	-1,49	14,10
07:23:22:002	exp.	8,19	-1,34	13,90
07:23:22:012	exp.	8,24	-1,21	13,70
07:23:22:022	exp.	8,28	-1,12	13,50
07:23:22:032	exp.	8,33	-1,07	13,20
07:23:22:041	exp.	8,37	-1,06	13,00
07:23:22:051	exp.	8,39	-1,07	12,60
07:23:22:062	exp.	8,39	-1,13	12,30
07:23:22:072	exp.	8,39	-1,22	11,90
07:23:22:082	exp.	8,40	-1,35	11,50
07:23:22:092	exp.	8,42	-1,49	11,10
07:23:22:101	exp.	8,43	-1,67	10,60
07:23:22:112	exp.	8,42	-1,87	10,10
07:23:22:123	exp.	8,39	-2,07	9,50
07:23:22:132	exp.	8,33	-2,29	8,90
07:23:22:142	exp.	8,30	-2,50	8,40
07:23:22:151	exp.	8,29	-2,71	7,80
07:23:22:162	exp.	8,30	-2,87	7,20
07:23:22:172	exp.	8,32	-3,02	6,60
07:23:22:182	exp.	8,32	-3,16	6,00
07:23:22:191	exp.	8,32	-3,29	5,40
07:23:22:201	exp.	8,28	-3,41	4,80
07:23:22:212	exp.	8,25	-3,50	4,20
07:23:22:222	exp.	8,24	-3,55	3,70
07:23:22:232	exp.	8,22	-3,54	3,20
07:23:22:242	exp.	8,22	-3,50	2,70
07:23:22:251	exp.	8,21	-3,45	2,20
07:23:22:262	exp.	8,20	-3,40	1,80
07:23:22:272	exp.	8,19	-3,34	1,30
07:23:22:282	exp.	8,18	-3,25	0,90
07:23:22:292	exp.	8,19	-3,13	0,60
07:23:22:301	exp.	8,20	-2,98	0,20
07:23:22:312	exp.	8,20	-2,82	-0,20
07:23:22:325	exp.	8,20	-2,67	-0,50
07:23:22:332	exp.	8,18	-2,54	-0,80
07:23:22:342	exp.	8,17	-2,44	-1,10
07:23:22:352	exp.	8,16	-2,34	-1,50
07:23:22:362	exp.	8,12	-2,24	-1,70
07:23:22:372	exp.	8,08	-2,14	-2,00
07:23:22:382	exp.	8,01	-2,05	-2,20
07:23:22:392	exp.	7,94	-1,96	-2,40
07:23:22:401	exp.	7,89	-1,86	-2,50
07:23:22:412	exp.	7,87	-1,73	-2,50
07:23:22:422	exp.	7,86	-1,56	-2,50
07:23:22:432	exp.	7,84	-1,35	-2,50
07:23:22:442	exp.	7,83	-1,12	-2,50
07:23:22:451	exp.	7,80	-0,89	-2,50
07:23:22:462	exp.	7,78	-0,67	-2,50
07:23:22:472	exp.	7,75	-0,47	-2,50
07:23:22:482	exp.	7,73	-0,27	-2,50
07:23:22:492	exp.	7,70	-0,08	-2,50
07:23:22:502	exp.	7,68	0,10	-2,50
07:23:22:512	exp.	7,67	0,25	-2,50
07:23:22:523	exp.	7,67	0,37	-2,50
07:23:22:532	exp.	7,68	0,45	-2,50
07:23:22:542	exp.	7,71	0,52	-2,50
07:23:22:551	exp.	7,74	0,56	-2,50
07:23:22:562	exp.	7,77	0,61	-2,50
07:23:22:572	exp.	7,81	0,64	-2,50
07:23:22:582	exp.	7,85	0,67	-2,50
07:23:22:591	exp.	7,90	0,67	-2,50
07:23:22:601	exp.	7,94	0,66	-2,50
07:23:22:612	exp.	7,99	0,62	-2,50
07:23:22:621	exp.	8,02	0,56	-2,50
07:23:22:631	exp.	8,03	0,47	-2,50
07:23:22:642	exp.	8,03	0,38	-2,60
07:23:22:652	exp.	8,04	0,29	-2,60
07:23:22:662	exp.	8,04	0,20	-2,60
07:23:22:672	exp.	8,03	0,13	-2,60
07:23:22:682	exp.	7,98	0,06	-2,60
07:23:22:692	exp.	7,91	0,01	-2,60
07:23:22:701	exp.	7,85	-0,04	-2,60
07:23:22:712	exp.	7,80	-0,05	-2,60
07:23:22:723	exp.	7,75	-0,03	-2,60
07:23:22:732	exp.	7,70	0,03	-2,60
07:23:22:741	exp.	7,66	0,12	-2,60
07:23:22:751	exp.	7,60	0,23	-2,60
07:23:22:762	exp.	7,52	0,34	-2,60
07:23:22:771	exp.	7,42	0,44	-2,60
07:23:22:782	exp.	7,33	0,57	-2,60
07:23:22:792	exp.	7,24	0,71	-2,60
07:23:22:803	insp.	7,13	0,88	0,40	Pression
07:23:22:812	insp.	7,08	1,06	0,70
07:23:22:822	insp.	7,01	1,25	1,20
07:23:22:832	insp.	7,78	1,40	1,80
07:23:22:842	insp.	9,64	1,59	2,60
07:23:22:852	insp.	11,08	1,80	3,80
07:23:22:862	insp.	11,43	2,04	5,80
07:23:22:872	insp.	11,57	2,57	8,80
07:23:22:882	insp.	12,19	3,74	12,80
07:23:22:892	insp.	12,90	5,69	17,70
07:23:22:902	insp.	13,41	8,35	23,50
07:23:22:913	insp.	13,95	11,60	30,10
07:23:22:922	insp.	14,55	15,37	37,10
07:23:22:932	insp.	15,01	19,37	44,30
07:23:22:942	insp.	15,32	23,35	51,80
07:23:22:952	insp.	15,64	27,43	59,60
07:23:22:962	insp.	15,98	31,74	67,70
07:23:22:972	insp.	16,24	35,95	75,90
07:23:22:982	insp.	16,45	39,61	84,40
07:23:22:992	insp.	16,67	42,57	92,90
07:23:23:002	insp.	16,91	44,89	101,50
07:23:23:012	insp.	17,09	46,61	110,10
07:23:23:021	insp.	17,23	47,80	118,80
07:23:23:032	insp.	17,36	48,79	127,40
07:23:23:041	insp.	17,47	49,75	136,10
07:23:23:052	insp.	17,56	50,57	144,60
07:23:23:062	insp.	17,61	51,10	153,20
07:23:23:072	insp.	17,66	51,41	161,70
07:23:23:082	insp.	17,72	51,61	170,10
07:23:23:092	insp.	17,77	51,65	178,50
07:23:23:101	insp.	17,82	51,56	186,80
07:23:23:112	insp.	17,86	51,39	195,00
07:23:23:123	insp.	17,91	51,15	203,00
07:23:23:132	insp.	17,97	50,84	211,00
07:23:23:142	insp.	18,02	50,45	218,90
07:23:23:151	insp.	18,06	50,01	226,60
07:23:23:162	insp.	18,11	49,53	234,30
07:23:23:172	insp.	18,16	49,00	241,80
07:23:23:182	insp.	18,20	48,41	249,20
07:23:23:191	insp.	18,20	47,80	256,50
07:23:23:201	insp.	18,19	47,15	263,70
07:23:23:212	insp.	18,19	46,48	270,70
07:23:23:222	insp.	18,19	45,81	277,70
07:23:23:232	insp.	18,20	45,12	284,50
07:23:23:242	insp.	18,20	44,44	291,20
07:23:23:251	insp.	18,16	43,75	297,80
07:23:23:261	insp.	18,15	43,05	304,30
07:23:23:271	insp.	18,13	42,35	310,70
07:23:23:282	insp.	18,12	41,68	317,00
07:23:23:292	insp.	18,13	41,02	323,30
07:23:23:302	insp.	18,18	40,38	329,40
07:23:23:312	insp.	18,20	39,74	335,40
07:23:23:322	insp.	18,21	39,10	341,20
07:23:23:332	insp.	18,23	38,45	347,00
07:23:23:342	insp.	18,25	37,82	352,70
07:23:23:352	insp.	18,28	37,19	358,30
07:23:23:362	insp.	18,33	36,57	363,70
07:23:23:372	insp.	18,38	35,96	369,10
07:23:23:382	insp.	18,42	35,34	374,30
07:23:23:391	insp.	18,44	34,70	379,40
07:23:23:401	insp.	18,47	34,03	384,40
07:23:23:412	insp.	18,53	33,36	389,20
07:23:23:422	insp.	18,57	32,68	393,90
07:23:23:432	insp.	18,63	32,00	398,50
07:23:23:442	insp.	18,67	31,30	403,00
07:23:23:451	insp.	18,67	30,58	407,30
07:23:23:462	insp.	18,69	29,82	411,40
07:23:23:472	insp.	18,71	29,05	415,50
07:23:23:482	insp.	18,71	28,25	419,30
07:23:23:492	insp.	18,66	27,44	423,10
07:23:23:502	insp.	18,62	26,63	426,70
07:23:23:512	insp.	18,59	25,81	430,20
07:23:23:522	insp.	18,54	24,98	433,50
07:23:23:532	insp.	18,50	24,15	436,80
07:23:23:541	insp.	18,50	23,33	439,90
07:23:23:552	insp.	18,53	22,54	442,90
07:23:23:561	insp.	18,55	21,75	445,80
07:23:23:573	maintien de la pause insp.	18,57	20,97	445,80
07:23:23:582	maintien de la pause insp.	18,59	20,20	445,80
07:23:23:592	maintien de la pause insp.	18,19	19,45	445,80
07:23:23:602	maintien de la pause insp.	17,08	18,70	445,80
07:23:23:612	maintien de la pause insp.	16,92	18,01	445,80
07:23:23:621	maintien de la pause insp.	17,20	17,32	445,80
07:23:23:632	maintien de la pause insp.	17,59	16,44	445,80
07:23:23:641	maintien de la pause insp.	17,98	15,22	445,80
07:23:23:652	maintien de la pause insp.	18,30	13,60	445,80
07:23:23:662	maintien de la pause insp.	18,35	11,60	445,80
07:23:23:672	maintien de la pause insp.	18,18	9,38	445,80
07:23:23:682	maintien de la pause insp.	17,99	7,15	445,80
07:23:23:692	maintien de la pause insp.	17,88	5,18	445,80
07:23:23:701	maintien de la pause insp.	17,84	3,59	445,80
07:23:23:712	maintien de la pause insp.	17,89	2,19	445,80
07:23:23:723	maintien de la pause insp.	18,04	0,97	445,80
07:23:23:732	maintien de la pause insp.	18,19	0,01	445,80
07:23:23:741	maintien de la pause insp.	18,25	-0,68	445,80
07:23:23:751	maintien de la pause insp.	18,24	-1,06	445,80
07:23:23:762	maintien de la pause insp.	18,17	-1,06	445,80
07:23:23:772	maintien de la pause insp.	18,04	-0,74	445,80
07:23:23:782	maintien de la pause insp.	17,92	-0,28	445,80
07:23:23:791	maintien de la pause insp.	17,82	0,05	445,80
07:23:23:801	maintien de la pause insp.	17,75	0,20	445,80
07:23:23:812	maintien de la pause insp.	17,69	0,22	445,80
07:23:23:822	maintien de la pause insp.	17,64	0,15	445,80
07:23:23:831	maintien de la pause insp.	17,60	0,07	445,80
07:23:23:842	maintien de la pause insp.	17,55	0,08	445,80
07:23:23:852	maintien de la pause insp.	17,51	0,22	445,80
07:23:23:862	maintien de la pause insp.	17,49	0,41	445,80
07:23:23:872	maintien de la pause insp.	17,47	0,59	445,80
07:23:23:882	maintien de la pause insp.	17,44	0,73	445,80
07:23:23:892	maintien de la pause insp.	17,42	0,76	445,80
07:23:23:901	maintien de la pause insp.	17,39	0,71	445,80
07:23:23:912	maintien de la pause insp.	17,38	0,61	445,80
07:23:23:922	maintien de la pause insp.	17,38	0,50	445,80
07:23:23:932	maintien de la pause insp.	17,38	0,41	445,80
07:23:23:942	maintien de la pause insp.	17,39	0,35	445,80
07:23:23:952	maintien de la pause insp.	17,40	0,31	445,80
07:23:23:962	maintien de la pause insp.	17,40	0,27	445,80
07:23:23:972	maintien de la pause insp.	17,41	0,23	445,80
07:23:23:982	maintien de la pause insp.	17,43	0,19	445,80
07:23:23:992	maintien de la pause insp.	17,47	0,16	445,80
07:23:24:002	maintien de la pause insp.	17,52	0,11	445,80
07:23:24:012	maintien de la pause insp.	17,56	0,08	445,80
07:23:24:022	maintien de la pause insp.	17,59	0,03	445,80
07:23:24:032	maintien de la pause insp.	17,59	-0,03	445,80
07:23:24:041	maintien de la pause insp.	17,57	-0,10	445,80
07:23:24:052	maintien de la pause insp.	17,54	-0,14	445,80
07:23:24:062	maintien de la pause insp.	17,49	-0,17	445,80
07:23:24:071	maintien de la pause insp.	17,43	-0,18	445,80
07:23:24:082	maintien de la pause insp.	17,35	-0,16	445,80
07:23:24:091	maintien de la pause insp.	17,28	-0,11	445,80
07:23:24:101	maintien de la pause insp.	17,23	-0,05	445,80
07:23:24:112	maintien de la pause insp.	17,20	0,04	445,80
07:23:24:123	maintien de la pause insp.	17,22	0,14	445,80
07:23:24:132	maintien de la pause insp.	17,25	0,25	445,80
07:23:24:141	maintien de la pause insp.	17,29	0,34	445,80
07:23:24:151	maintien de la pause insp.	17,34	0,41	445,80
07:23:24:162	maintien de la pause insp.	17,34	0,43	445,80
07:23:24:172	maintien de la pause insp.	17,33	0,39	445,80
07:23:24:182	maintien de la pause insp.	17,30	0,33	445,80
07:23:24:191	maintien de la pause insp.	17,27	0,25	445,80
07:23:24:201	maintien de la pause insp.	17,26	0,18	445,80
07:23:24:212	maintien de la pause insp.	17,27	0,13	445,80
07:23:24:222	maintien de la pause insp.	17,31	0,08	445,80
07:23:24:232	maintien de la pause insp.	17,37	0,04	445,80
07:23:24:242	maintien de la pause insp.	17,42	0,01	445,80
07:23:24:251	maintien de la pause insp.	17,48	-0,03	445,80
07:23:24:262	maintien de la pause insp.	17,54	-0,05	445,80
07:23:24:271	maintien de la pause insp.	17,57	-0,07	445,80
07:23:24:282	maintien de la pause insp.	17,61	-0,08	445,80
07:23:24:292	maintien de la pause insp.	17,65	-0,11	445,80
07:23:24:301	maintien de la pause insp.	17,68	-0,15	445,80
07:23:24:312	maintien de la pause insp.	17,70	-0,20	445,80
07:23:24:326	maintien de la pause insp.	17,70	-0,27	445,80
07:23:24:332	maintien de la pause insp.	17,67	-0,34	445,80
07:23:24:342	maintien de la pause insp.	17,61	-0,38	445,80
07:23:24:352	maintien de la pause insp.	17,54	-0,39	445,80
07:23:24:362	maintien de la pause insp.	17,46	-0,35	445,80
07:23:24:372	maintien de la pause insp.	17,37	-0,26	445,80
07:23:24:382	maintien de la pause insp.	17,30	-0,14	445,80
07:23:24:391	maintien de la pause insp.	17,23	0,00	445,80
07:23:24:402	maintien de la pause insp.	17,18	0,14	445,80
07:23:24:413	maintien de la pause insp.	17,16	0,26	445,80
07:23:24:422	maintien de la pause insp.	17,14	0,38	445,80
07:23:24:432	maintien de la pause insp.	17,14	0,49	445,80
07:23:24:442	maintien de la pause insp.	17,13	0,56	445,80
07:23:24:451	maintien de la pause insp.	17,12	0,61	445,80
07:23:24:462	maintien de la pause insp.	17,11	0,61	445,80
07:23:24:472	maintien de la pause insp.	17,09	0,58	445,80
07:23:24:482	maintien de la pause insp.	17,07	0,52	445,80
07:23:24:491	maintien de la pause insp.	17,06	0,46	445,80
07:23:24:501	maintien de la pause insp.	17,07	0,38	445,80
07:23:24:512	maintien de la pause insp.	17,09	0,32	445,80
07:23:24:522	maintien de la pause insp.	17,10	0,26	445,80
07:23:24:532	maintien de la pause insp.	17,13	0,20	445,80
07:23:24:541	maintien de la pause insp.	17,14	0,15	445,80
07:23:24:551	maintien de la pause insp.	17,17	0,11	445,80
07:23:24:562	maintien de la pause insp.	17,22	0,08	445,80
07:23:24:571	maintien de la pause insp.	17,26	0,06	445,80
07:23:24:582	maintien de la pause insp.	17,30	0,04	445,80
07:23:24:591	maintien de la pause insp.	17,32	0,00	445,80
07:23:24:601	maintien de la pause insp.	17,32	-0,06	445,80
07:23:24:612	maintien de la pause insp.	17,30	-0,13	445,80
07:23:24:623	exp.	17,27	-0,18	445,80
07:23:24:632	exp.	17,19	-0,21	445,80
07:23:24:641	exp.	17,03	-0,23	445,90
07:23:24:652	exp.	16,78	-0,08	445,80
07:23:24:662	exp.	14,74	0,11	445,20
07:23:24:672	exp.	12,12	0,13	444,20
07:23:24:682	exp.	10,58	-0,05	442,20
07:23:24:692	exp.	9,87	-0,61	439,00
07:23:24:701	exp.	9,46	-1,90	434,40
07:23:24:712	exp.	9,41	-4,18	428,70
07:23:24:723	exp.	9,58	-7,43	422,10
07:23:24:732	exp.	9,75	-11,44	414,90
07:23:24:742	exp.	9,88	-16,00	407,60
07:23:24:752	exp.	10,04	-20,94	400,50
07:23:24:762	exp.	10,14	-25,67	393,80
07:23:24:772	exp.	10,16	-29,85	387,50
07:23:24:782	exp.	10,14	-33,51	381,50
07:23:24:791	exp.	10,07	-36,53	375,80
07:23:24:801	exp.	9,98	-38,61	370,30
07:23:24:812	exp.	9,92	-39,61	364,90
07:23:24:822	exp.	9,86	-39,56	359,50
07:23:24:832	exp.	9,84	-38,74	354,20
07:23:24:842	exp.	9,84	-37,31	349,00
07:23:24:852	exp.	9,83	-35,66	343,80
07:23:24:862	exp.	9,80	-34,24	338,60
07:23:24:872	exp.	9,76	-33,20	333,50
07:23:24:882	exp.	9,73	-32,46	328,40
07:23:24:892	exp.	9,67	-31,93	323,40
07:23:24:901	exp.	9,64	-31,54	318,40
07:23:24:912	exp.	9,62	-31,21	313,60
07:23:24:926	exp.	9,58	-30,89	308,80
07:23:24:932	exp.	9,54	-30,61	304,00
07:23:24:942	exp.	9,47	-30,32	299,30
07:23:24:952	exp.	9,40	-30,02	294,70
07:23:24:962	exp.	9,34	-29,67	290,20
07:23:24:972	exp.	9,31	-29,28	285,80
07:23:24:982	exp.	9,27	-28,84	281,50
07:23:24:991	exp.	9,25	-28,39	277,30
07:23:25:002	exp.	9,23	-27,91	273,10
07:23:25:012	exp.	9,19	-27,43	269,10
07:23:25:022	exp.	9,15	-26,95	265,10
07:23:25:032	exp.	9,12	-26,47	261,20
07:23:25:042	exp.	9,09	-25,96	257,30
07:23:25:051	exp.	9,06	-25,45	253,60
07:23:25:062	exp.	9,06	-24,92	249,90
07:23:25:071	exp.	9,05	-24,41	246,30
07:23:25:082	exp.	9,03	-23,92	242,70
07:23:25:092	exp.	9,00	-23,47	239,20
07:23:25:102	exp.	8,95	-23,05	235,70
07:23:25:112	exp.	8,93	-22,64	232,30
07:23:25:123	exp.	8,93	-22,23	229,00
07:23:25:132	exp.	8,96	-21,83	225,70
07:23:25:141	exp.	8,96	-21,44	222,50
07:23:25:151	exp.	8,95	-21,07	219,30
07:23:25:162	exp.	8,91	-20,74	216,10
07:23:25:172	exp.	8,87	-20,43	213,00
07:23:25:182	exp.	8,84	-20,13	209,90
07:23:25:191	exp.	8,80	-19,82	207,00
07:23:25:201	exp.	8,77	-19,49	204,00
07:23:25:212	exp.	8,72	-19,17	201,20
07:23:25:222	exp.	8,66	-18,86	198,30
07:23:25:232	exp.	8,62	-18,56	195,60
07:23:25:242	exp.	8,61	-18,26	192,90
07:23:25:252	exp.	8,59	-17,94	190,30
07:23:25:262	exp.	8,59	-17,58	187,80
07:23:25:271	exp.	8,58	-17,19	185,40
07:23:25:282	exp.	8,57	-16,78	183,00
07:23:25:292	exp.	8,54	-16,37	180,70
07:23:25:301	exp.	8,52	-15,96	178,50
07:23:25:312	exp.	8,49	-15,55	176,40
07:23:25:325	exp.	8,47	-15,11	174,30
07:23:25:332	exp.	8,45	-14,66	172,20
07:23:25:342	exp.	8,45	-14,20	170,30
07:23:25:352	exp.	8,44	-13,76	168,30
07:23:25:362	exp.	8,44	-13,34	166,40
07:23:25:372	exp.	8,45	-12,97	164,60
07:23:25:382	exp.	8,46	-12,62	162,80
07:23:25:392	exp.	8,48	-12,28	161,00
07:23:25:402	exp.	8,50	-11,96	159,20
07:23:25:413	exp.	8,53	-11,66	157,50
07:23:25:422	exp.	8,57	-11,40	155,70
07:23:25:432	exp.	8,61	-11,17	154,00
07:23:25:442	exp.	8,64	-10,98	152,20
07:23:25:451	exp.	8,64	-10,84	150,50
07:23:25:462	exp.	8,64	-10,72	148,70
07:23:25:472	exp.	8,63	-10,63	147,00
07:23:25:482	exp.	8,60	-10,56	145,20
07:23:25:492	exp.	8,59	-10,51	143,50
07:23:25:502	exp.	8,58	-10,46	141,80
07:23:25:512	exp.	8,56	-10,45	140,00
07:23:25:522	exp.	8,53	-10,45	138,30
07:23:25:532	exp.	8,49	-10,46	136,60
07:23:25:542	exp.	8,44	-10,48	134,90
07:23:25:552	exp.	8,41	-10,47	133,20
07:23:25:562	exp.	8,42	-10,43	131,60
07:23:25:571	exp.	8,43	-10,36	130,00
07:23:25:582	exp.	8,44	-10,27	128,40
07:23:25:591	exp.	8,43	-10,17	126,80
07:23:25:601	exp.	8,41	-10,07	125,30
07:23:25:612	exp.	8,39	-9,97	123,80
07:23:25:621	exp.	8,39	-9,83	122,40
07:23:25:632	exp.	8,38	-9,67	121,00
07:23:25:642	exp.	8,38	-9,47	119,60
07:23:25:651	exp.	8,38	-9,26	118,30
07:23:25:662	exp.	8,35	-9,07	117,00
07:23:25:672	exp.	8,34	-8,88	115,70
07:23:25:682	exp.	8,34	-8,69	114,40
07:23:25:692	exp.	8,34	-8,48	113,20
07:23:25:702	exp.	8,37	-8,27	112,00
07:23:25:712	exp.	8,40	-8,06	110,80
07:23:25:722	exp.	8,39	-7,87	109,60
07:23:25:732	exp.	8,37	-7,70	108,50
07:23:25:741	exp.	8,35	-7,55	107,30
07:23:25:751	exp.	8,34	-7,43	106,20
07:23:25:762	exp.	8,34	-7,30	105,10
07:23:25:772	exp.	8,32	-7,17	104,00
07:23:25:782	exp.	8,27	-7,05	103,00
07:23:25:791	exp.	8,20	-6,94	102,00
07:23:25:801	exp.	8,15	-6,82	101,10
07:23:25:812	exp.	8,13	-6,69	100,20
07:23:25:821	exp.	8,13	-6,53	99,40
07:23:25:832	exp.	8,14	-6,32	98,60
07:23:25:842	exp.	8,16	-6,07	98,00
07:23:25:852	exp.	8,15	-5,78	97,30
07:23:25:862	exp.	8,12	-5,49	96,80
07:23:25:872	exp.	8,08	-5,18	96,30
07:23:25:882	exp.	8,06	-4,85	95,90
07:23:25:892	exp.	8,04	-4,49	95,50
07:23:25:902	exp.	8,03	-4,10	95,20
07:23:25:912	exp.	8,02	-3,72	94,90
07:23:25:925	exp.	8,00	-3,34	94,70
07:23:25:932	exp.	8,00	-2,98	94,40
07:23:25:942	exp.	8,02	-2,64	94,20
07:23:25:951	exp.	8,06	-2,33	94,10
07:23:25:962	exp.	8,10	-2,05	93,90
07:23:25:972	exp.	8,14	-1,80	93,70
07:23:25:982	exp.	8,17	-1,60	93,50
07:23:25:992	exp.	8,21	-1,43	93,30
07:23:26:002	exp.	8,26	-1,32	93,00
07:23:26:012	exp.	8,31	-1,25	92,80
07:23:26:022	exp.	8,36	-1,21	92,60
07:23:26:032	exp.	8,38	-1,21	92,30
07:23:26:041	exp.	8,39	-1,25	92,00
07:23:26:051	exp.	8,40	-1,30	91,70
07:23:26:062	exp.	8,40	-1,36	91,50
07:23:26:072	exp.	8,40	-1,41	91,20
07:23:26:082	exp.	8,36	-1,46	90,90
